IndicatorID,IndicatorName,AreaCode,AreaName,AreaType,Age,Sex,TimePeriod,TimePeriodSortable,Value,LowerCI95,UpperCI95,Count,Denominator,ValueNote,RecentTrend,ComparedToEngland,RateScale,RateUnit,EnglandValue,EnglandLowerCI95,EnglandUpperCI95,DifferenceFromEngland,DataAvailability,Population1to17_2022,Population1to17_2023,Population1to17_2024,Population1to17_ThreeYearSum,Population1to17_ThreeYearMean,NomisDenominatorValidationPctDiff,IMD2019AreaName,LSOACount,ChildPopulation0to15_2015,ChildPopWeightedIMDScore,ChildPopWeightedIDACIScore,PctChildrenInMostDeprived20pctIMDLSOAs,PctChildrenInMostDeprived20pctIDACILSOAs,DerivedLADeprivationQuintile,IMDJoinStatus
90801,Child mortality rate (1 to 17 years),E09000002,Barking and Dagenham,UA,1-17 yrs,Persons,2022 - 24,20220000,10.838124519443,6.6164503812845,16.740815186011,20.0,184964.0,,Cannot be calculated,Similar,100000.0,"per 100,000",11.5939085658285,11.2367409861832,11.959538770888,-0.7557840463855001,Value available,60208,60700,61568,182476,60825.333333333336,1.3634669764790985,Barking and Dagenham,110.0,54877.0,33.28889828161161,0.23792457678080076,57.13322521274851,38.27833154144724,Q5 Most deprived,Matched to IMD 2019 LAD
90801,Child mortality rate (1 to 17 years),E09000003,Barnet,UA,1-17 yrs,Persons,2022 - 24,20220000,8.69954759403115,5.51237711707781,13.0550257570204,23.0,263680.0,,Cannot be calculated,Similar,100000.0,"per 100,000",11.5939085658285,11.2367409861832,11.959538770888,-2.894360971797349,Value available,85376,86718,87138,259232,86410.66666666667,1.7158375509196395,Barnet,211.0,80093.0,16.547513116002644,0.12601439576492326,3.9841184622875905,8.497621514988825,Q1 Least deprived,Matched to IMD 2019 LAD
90801,Child mortality rate (1 to 17 years),E08000016,Barnsley,UA,1-17 yrs,Persons,2022 - 24,20220000,13.6874926506538,8.35517329308059,21.1430732267608,20.0,146100.0,,Cannot be calculated,Similar,100000.0,"per 100,000",11.5939085658285,11.2367409861832,11.959538770888,2.0935840848253005,Value available,48027,48385,48924,145336,48445.333333333336,0.5256784279187537,Barnsley,147.0,44050.0,31.36595786606129,0.2250699659477866,43.314415437003404,36.66515323496027,Q5 Most deprived,Matched to IMD 2019 LAD
90801,Child mortality rate (1 to 17 years),E06000022,Bath and North East Somerset,UA,1-17 yrs,Persons,2022 - 24,20220000,,,,6.0,104485.0,Value cannot be calculated as number of cases is too small,Cannot be calculated,Not compared,100000.0,"per 100,000",11.5939085658285,11.2367409861832,11.959538770888,,Suppressed / unavailable,34394,34741,34810,103945,34648.333333333336,0.519505507720429,Bath and North East Somerset,115.0,30660.0,12.44038763861709,0.103979843444227,5.622961513372473,6.6764514024788,Q2,Matched to IMD 2019 LAD
90801,Child mortality rate (1 to 17 years),E06000055,Bedford,UA,1-17 yrs,Persons,2022 - 24,20220000,8.06529428712732,3.86028744147391,14.834752671187,10.0,123915.0,,Cannot be calculated,Similar,100000.0,"per 100,000",11.5939085658285,11.2367409861832,11.959538770888,-3.5286142787011787,Value available,39996,40846,41516,122358,40786.0,1.2724954641298485,Bedford,103.0,33622.0,19.601445779549103,0.15142210457438582,14.826601629885195,15.938968532508477,Q3,Matched to IMD 2019 LAD
90801,Child mortality rate (1 to 17 years),E09000004,Bexley,UA,1-17 yrs,Persons,2022 - 24,20220000,9.62520239594982,5.49762809636434,15.6322811890382,16.0,165524.0,,Cannot be calculated,Similar,100000.0,"per 100,000",11.5939085658285,11.2367409861832,11.959538770888,-1.9687061698786792,Value available,53902,54871,55303,164076,54692.0,0.8825178575781955,Bexley,146.0,49822.0,17.62895560194292,0.16014457468588172,8.34571073019951,19.635903817590624,Q2,Matched to IMD 2019 LAD
90801,Child mortality rate (1 to 17 years),E08000025,Birmingham,UA,1-17 yrs,Persons,2022 - 24,20220000,13.9172857731648,11.4896634263474,16.7060396492998,115.0,826116.0,,Cannot be calculated,Similar,100000.0,"per 100,000",11.5939085658285,11.2367409861832,11.959538770888,2.3233772073363,Value available,270630,271899,272806,815335,271778.3333333333,1.322278572611258,Birmingham,639.0,254167.0,41.323414983062314,0.27585586248411476,67.52332128089013,61.35690313848769,Q5 Most deprived,Matched to IMD 2019 LAD
90801,Child mortality rate (1 to 17 years),E06000008,Blackburn with Darwen,UA,1-17 yrs,Persons,2022 - 24,20220000,15.2122969737549,9.00774924560663,24.0481077371099,18.0,116949.0,,Cannot be calculated,Similar,100000.0,"per 100,000",11.5939085658285,11.2367409861832,11.959538770888,3.6183884079263997,Value available,38034,38587,39294,115915,38638.333333333336,0.892032955182677,Blackburn with Darwen,91.0,34186.0,38.194969724448605,0.22767632949160474,62.29158134909027,41.40583864739952,Q5 Most deprived,Matched to IMD 2019 LAD
90801,Child mortality rate (1 to 17 years),E06000009,Blackpool,UA,1-17 yrs,Persons,2022 - 24,20220000,,,,8.0,81546.0,Value cannot be calculated as number of cases is too small,Cannot be calculated,Not compared,100000.0,"per 100,000",11.5939085658285,11.2367409861832,11.959538770888,,Suppressed / unavailable,26735,26851,27089,80675,26891.666666666668,1.079640533002789,Blackpool,94.0,25394.0,46.49764653067655,0.30681200283531546,59.15964401039616,48.665038985587145,Q5 Most deprived,Matched to IMD 2019 LAD
90801,Child mortality rate (1 to 17 years),E08000001,Bolton,UA,1-17 yrs,Persons,2022 - 24,20220000,14.6848439734191,9.97497183992844,20.8457759377521,31.0,211755.0,,Cannot be calculated,Similar,100000.0,"per 100,000",11.5939085658285,11.2367409861832,11.959538770888,3.0909354075906013,Value available,68700,70030,70942,209672,69890.66666666667,0.9934564462589187,Bolton,177.0,58831.0,33.30017472081045,0.21852618517448283,49.91926025394775,38.913158028930326,Q5 Most deprived,Matched to IMD 2019 LAD
90801,Child mortality rate (1 to 17 years),E06000058,"Bournemouth, Christchurch and Poole",UA,1-17 yrs,Persons,2022 - 24,20220000,7.92181298954716,4.60991309191923,12.6874406140139,17.0,213281.0,,Cannot be calculated,Similar,100000.0,"per 100,000",11.5939085658285,11.2367409861832,11.959538770888,-3.6720955762813396,Value available,70186,70556,70505,211247,70415.66666666667,0.9628539103513896,"Bournemouth, Christchurch and Poole",233.0,65265.0,18.89553584616563,0.14695366582394853,13.052938021910672,14.57749176434536,Q3,Matched to IMD 2019 LAD
90801,Child mortality rate (1 to 17 years),E06000036,Bracknell Forest,UA,1-17 yrs,Persons,2022 - 24,20220000,,,,4.0,82476.0,Value cannot be calculated as number of cases is too small,Cannot be calculated,Not compared,100000.0,"per 100,000",11.5939085658285,11.2367409861832,11.959538770888,,Suppressed / unavailable,26785,27319,27747,81851,27283.666666666668,0.7635826074208012,Bracknell Forest,75.0,24849.0,10.548147370115498,0.08902869330757779,,,nan,Matched to IMD 2019 LAD
90801,Child mortality rate (1 to 17 years),E08000032,Bradford,UA,1-17 yrs,Persons,2022 - 24,20220000,22.3552420043823,17.9748224431457,27.479773800947,90.0,403238.0,,Cannot be calculated,Worse,100000.0,"per 100,000",11.5939085658285,11.2367409861832,11.959538770888,10.761333438553802,Value available,132933,133042,133152,399127,133042.33333333334,1.0299979705707707,Bradford,310.0,125172.0,38.38322818202154,0.22539401783146393,58.49471127728246,40.989997763078,Q5 Most deprived,Matched to IMD 2019 LAD
90801,Child mortality rate (1 to 17 years),E09000005,Brent,UA,1-17 yrs,Persons,2022 - 24,20220000,12.6892284256324,8.35635688856452,18.4681394050665,27.0,209694.0,,Cannot be calculated,Similar,100000.0,"per 100,000",11.5939085658285,11.2367409861832,11.959538770888,1.095319859803901,Value available,68259,68436,68337,205032,68344.0,2.273791408170432,Brent,173.0,67701.0,26.623692781495105,0.1816095774065376,23.625943486802264,19.439890105020606,Q3,Matched to IMD 2019 LAD
90801,Child mortality rate (1 to 17 years),E06000043,Brighton and Hove,UA,1-17 yrs,Persons,2022 - 24,20220000,8.64072965282494,4.44735195460344,15.1135984700678,12.0,134181.0,,Cannot be calculated,Similar,100000.0,"per 100,000",11.5939085658285,11.2367409861832,11.959538770888,-2.95317891300356,Value available,44689,44348,43936,132973,44324.333333333336,0.9084550999075001,Brighton and Hove,165.0,45576.0,20.742382460066704,0.1528897446024223,18.154291732490783,17.603563278918728,Q3,Matched to IMD 2019 LAD
90801,Child mortality rate (1 to 17 years),E06000023,Bristol,UA,1-17 yrs,Persons,2022 - 24,20220000,10.3456217766818,6.81295020951674,15.0572764683969,27.0,261735.0,,Cannot be calculated,Similar,100000.0,"per 100,000",11.5939085658285,11.2367409861832,11.959538770888,-1.2482867891467002,Value available,86114,85916,85837,257867,85955.66666666667,1.49999806101595,"Bristol, City of",263.0,83792.0,29.603451582489974,0.20582077047928202,38.19099675386672,33.433979377506205,Q5 Most deprived,Matched to IMD 2019 LAD
90801,Child mortality rate (1 to 17 years),E09000006,Bromley,UA,1-17 yrs,Persons,2022 - 24,20220000,5.7608858142605,2.97256900665043,10.0649123569275,12.0,208552.0,,Cannot be calculated,Better,100000.0,"per 100,000",11.5939085658285,11.2367409861832,11.959538770888,-5.8330227515679995,Value available,68643,69028,69158,206829,68943.0,0.8330553258972387,Bromley,197.0,64567.0,15.123660368299596,0.13080462155590317,9.301965400281878,17.374200442950734,Q2,Matched to IMD 2019 LAD
90801,Child mortality rate (1 to 17 years),E06000060,Buckinghamshire UA,UA,1-17 yrs,Persons,2022 - 24,20220000,13.19056182378,9.72235484437961,17.4922789871697,48.0,367529.0,,Cannot be calculated,Similar,100000.0,"per 100,000",11.5939085658285,11.2367409861832,11.959538770888,1.5966532579515,Value available,119920,121883,123794,365597,121865.66666666667,0.5284507257991723,,,,,,,,,Unmatched: boundary/code change
90801,Child mortality rate (1 to 17 years),E08000002,Bury,UA,1-17 yrs,Persons,2022 - 24,20220000,15.7699911355865,9.62736153534181,24.3585371064428,20.0,126812.0,,Cannot be calculated,Similar,100000.0,"per 100,000",11.5939085658285,11.2367409861832,11.959538770888,4.176082569758,Value available,41750,41990,42206,125946,41982.0,0.6875962714179092,Bury,120.0,38021.0,24.77078543436522,0.1687816206833066,24.817863812103838,26.86410141763762,Q4,Matched to IMD 2019 LAD
90801,Child mortality rate (1 to 17 years),E08000033,Calderdale,UA,1-17 yrs,Persons,2022 - 24,20220000,15.5595761371224,9.49473792607807,24.0393551847284,20.0,129362.0,,Cannot be calculated,Similar,100000.0,"per 100,000",11.5939085658285,11.2367409861832,11.959538770888,3.965667571293901,Value available,42963,42879,42753,128595,42865.0,0.5964462070842568,Calderdale,128.0,40641.0,28.53236645259713,0.1964757756944957,36.54683693806747,32.349105583031914,Q4,Matched to IMD 2019 LAD
90801,Child mortality rate (1 to 17 years),E09000007,Camden,UA,1-17 yrs,Persons,2022 - 24,20220000,,,,8.0,102066.0,Value cannot be calculated as number of cases is too small,Cannot be calculated,Not compared,100000.0,"per 100,000",11.5939085658285,11.2367409861832,11.959538770888,,Suppressed / unavailable,34157,33268,32242,99667,33222.333333333336,2.4070153611526384,Camden,133.0,42046.0,21.104777505589112,0.19319347857108882,19.85682347904676,32.59525281834182,Q3,Matched to IMD 2019 LAD
90801,Child mortality rate (1 to 17 years),E06000056,Central Bedfordshire,UA,1-17 yrs,Persons,2022 - 24,20220000,9.02637750207048,5.2478084206759,14.4635144179982,17.0,193565.0,,Cannot be calculated,Similar,100000.0,"per 100,000",11.5939085658285,11.2367409861832,11.959538770888,-2.56753106375802,Value available,62366,64440,66167,192973,64324.333333333336,0.30677866851839375,Central Bedfordshire,157.0,53268.0,12.744473417436359,0.11419828039348201,2.673274761582939,7.595554554329053,Q1 Least deprived,Matched to IMD 2019 LAD
90801,Child mortality rate (1 to 17 years),E06000049,Cheshire East,UA,1-17 yrs,Persons,2022 - 24,20220000,9.83961766235817,6.23473513110115,14.7659268317504,23.0,233853.0,,Cannot be calculated,Similar,100000.0,"per 100,000",11.5939085658285,11.2367409861832,11.959538770888,-1.754290903470329,Value available,76223,77676,78801,232700,77566.66666666667,0.4954877524709927,Cheshire East,234.0,66190.0,15.511410364103341,0.10680793171173894,11.473032180087626,9.336757818401571,Q2,Matched to IMD 2019 LAD
90801,Child mortality rate (1 to 17 years),E06000050,Cheshire West and Chester,UA,1-17 yrs,Persons,2022 - 24,20220000,8.3132033912022,4.83865221395555,13.3128765651317,17.0,203474.0,,Cannot be calculated,Similar,100000.0,"per 100,000",11.5939085658285,11.2367409861832,11.959538770888,-3.2807051746263003,Value available,66892,67773,67998,202663,67554.33333333333,0.40017171363297693,Cheshire West and Chester,212.0,58586.0,19.6081066978459,0.14450245792510155,19.41419451746151,18.325197146075855,Q3,Matched to IMD 2019 LAD
90801,Child mortality rate (1 to 17 years),E09000001,City of London,UA,1-17 yrs,Persons,2022 - 24,20220000,,,,,,Value for Hackney and City of London combined,Cannot be calculated,Not compared,100000.0,"per 100,000",11.5939085658285,11.2367409861832,11.959538770888,,Suppressed / unavailable,813,743,713,2269,756.3333333333334,,City of London,6.0,922.0,15.411652928416485,0.07064750542299347,,,nan,Matched to IMD 2019 LAD
90801,Child mortality rate (1 to 17 years),E06000052,Cornwall,UA,1-17 yrs,Persons,2022 - 24,20220000,11.1093604160051,7.68716100012513,15.5314301336296,34.0,304420.0,Value for Cornwall and Isles of Scilly combined,Cannot be calculated,Similar,100000.0,"per 100,000",11.5939085658285,11.2367409861832,11.959538770888,-0.4845481498234001,Value available,100566,101109,101165,302840,100946.66666666667,0.5217276449610355,Cornwall,326.0,92802.0,23.737555440615505,0.16352660503006397,14.588047671386393,15.621430572616969,Q3,Matched to IMD 2019 LAD
90801,Child mortality rate (1 to 17 years),E06000047,County Durham,UA,1-17 yrs,Persons,2022 - 24,20220000,13.9253993582892,9.94285876631651,18.968653949578,40.0,286063.0,,Cannot be calculated,Similar,100000.0,"per 100,000",11.5939085658285,11.2367409861832,11.959538770888,2.3314907924607002,Value available,94634,95164,95149,284947,94982.33333333333,0.3916517808574928,County Durham,324.0,88642.0,28.480849315223036,0.221608097741477,36.16682836578597,38.185059001376324,Q4,Matched to IMD 2019 LAD
90801,Child mortality rate (1 to 17 years),E08000026,Coventry,UA,1-17 yrs,Persons,2022 - 24,20220000,15.1535489141711,10.5499234057963,21.0801070210727,35.0,230047.0,,Cannot be calculated,Similar,100000.0,"per 100,000",11.5939085658285,11.2367409861832,11.959538770888,3.559640348342601,Value available,73066,75044,76601,224711,74903.66666666667,2.3746056045320434,Coventry,195.0,67785.0,28.123808305672345,0.21823578962897394,32.74765803643874,39.28892822895921,Q4,Matched to IMD 2019 LAD
90801,Child mortality rate (1 to 17 years),E09000008,Croydon,UA,1-17 yrs,Persons,2022 - 24,20220000,10.9394759767381,7.32275625368653,15.7142096382722,29.0,261838.0,,Cannot be calculated,Similar,100000.0,"per 100,000",11.5939085658285,11.2367409861832,11.959538770888,-0.6544325890903995,Value available,85105,86016,86979,258100,86033.33333333333,1.4482758620689655,Croydon,220.0,83543.0,24.0888000311217,0.18491169816741082,21.787582442574482,24.46883640759848,Q3,Matched to IMD 2019 LAD
90801,Child mortality rate (1 to 17 years),E06000063,Cumberland,UA,1-17 yrs,Persons,2022 - 24,20220000,10.090458008953,5.64037327570911,16.6481370637651,15.0,148934.0,,Cannot be calculated,Similar,100000.0,"per 100,000",11.5939085658285,11.2367409861832,11.959538770888,-1.5034505568754994,Value available,48988,49469,49833,148290,49430.0,0.434284172904444,,,,,,,,,Unmatched: boundary/code change
90801,Child mortality rate (1 to 17 years),E06000005,Darlington,UA,1-17 yrs,Persons,2022 - 24,20220000,20.4333772593889,10.8615935195383,34.9555783319625,13.0,64530.0,,Cannot be calculated,Similar,100000.0,"per 100,000",11.5939085658285,11.2367409861832,11.959538770888,8.839468693560402,Value available,21285,21473,21580,64338,21446.0,0.2984239485218689,Darlington,65.0,20107.0,27.220716815039538,0.20275217585915353,33.19242055005719,34.30646043666385,Q4,Matched to IMD 2019 LAD
90801,Child mortality rate (1 to 17 years),E06000015,Derby,UA,1-17 yrs,Persons,2022 - 24,20220000,13.801494396307,8.83931271480151,20.5377049495122,24.0,173342.0,,Cannot be calculated,Similar,100000.0,"per 100,000",11.5939085658285,11.2367409861832,11.959538770888,2.2075858304785,Value available,56140,57003,57930,171073,57024.333333333336,1.3263343718763334,Derby,151.0,52758.0,28.579167330073165,0.21125108988210323,42.897759581485275,36.432389400659616,Q5 Most deprived,Matched to IMD 2019 LAD
90801,Child mortality rate (1 to 17 years),E08000017,Doncaster,UA,1-17 yrs,Persons,2022 - 24,20220000,13.0515151133311,8.442258329693,19.2696821388566,25.0,190067.0,,Cannot be calculated,Similar,100000.0,"per 100,000",11.5939085658285,11.2367409861832,11.959538770888,1.4576065475025999,Value available,61608,62923,64368,188899,62966.333333333336,0.6183198428789989,Doncaster,194.0,58136.0,32.364333081051335,0.22719134443374156,46.843608091371955,40.467180404568595,Q5 Most deprived,Matched to IMD 2019 LAD
90801,Child mortality rate (1 to 17 years),E06000059,Dorset,UA,1-17 yrs,Persons,2022 - 24,20220000,6.43182815844349,3.40533040076795,11.0235960229506,13.0,191996.0,,Cannot be calculated,Better,100000.0,"per 100,000",11.5939085658285,11.2367409861832,11.959538770888,-5.16208040738501,Value available,63358,63721,64039,191118,63706.0,0.4594020448100127,Dorset,219.0,59548.0,16.26707530059784,0.1214526432457849,5.536709881104319,7.2378585342916635,Q2,Matched to IMD 2019 LAD
90801,Child mortality rate (1 to 17 years),E08000027,Dudley,UA,1-17 yrs,Persons,2022 - 24,20220000,16.139047295215,11.036265254823,22.7854802036713,32.0,199890.0,,Cannot be calculated,Similar,100000.0,"per 100,000",11.5939085658285,11.2367409861832,11.959538770888,4.545138729386501,Value available,65397,66334,67117,198848,66282.66666666667,0.5240183456710653,Dudley,201.0,60440.0,26.556122584381207,0.20620436796823297,33.72600926538716,36.35175380542687,Q4,Matched to IMD 2019 LAD
90801,Child mortality rate (1 to 17 years),E09000009,Ealing,UA,1-17 yrs,Persons,2022 - 24,20220000,12.4937319217023,8.36346516588921,17.9464418965456,29.0,231623.0,,Cannot be calculated,Similar,100000.0,"per 100,000",11.5939085658285,11.2367409861832,11.959538770888,0.8998233558738011,Value available,75695,75709,75229,226633,75544.33333333333,2.2017976199406086,Ealing,196.0,73491.0,23.46921402620729,0.16634930807854023,18.92884843042005,16.240083819787458,Q3,Matched to IMD 2019 LAD
90801,Child mortality rate (1 to 17 years),E06000011,East Riding of Yorkshire,UA,1-17 yrs,Persons,2022 - 24,20220000,11.5321510681391,7.12983088373749,17.637326839102,21.0,179619.0,,Cannot be calculated,Similar,100000.0,"per 100,000",11.5939085658285,11.2367409861832,11.959538770888,-0.06175749768939909,Value available,59265,59761,60213,179239,59746.333333333336,0.21200743141838552,East Riding of Yorkshire,210.0,54925.0,16.213588074647244,0.11845953573054166,9.458352298588984,11.918070095584888,Q2,Matched to IMD 2019 LAD
90801,Child mortality rate (1 to 17 years),E09000010,Enfield,UA,1-17 yrs,Persons,2022 - 24,20220000,8.05584093029799,4.84574165216393,12.583887850707,19.0,230713.0,,Cannot be calculated,Similar,100000.0,"per 100,000",11.5939085658285,11.2367409861832,11.959538770888,-3.53806763553051,Value available,76684,76302,75446,228432,76144.0,0.9985466134341948,Enfield,183.0,74942.0,27.627728510047767,0.2247481652477916,36.93789864161619,45.93152037575725,Q4,Matched to IMD 2019 LAD
90801,Child mortality rate (1 to 17 years),E08000037,Gateshead,UA,1-17 yrs,Persons,2022 - 24,20220000,16.6693046557939,10.0298125200768,26.0347258821706,19.0,114399.0,,Cannot be calculated,Similar,100000.0,"per 100,000",11.5939085658285,11.2367409861832,11.959538770888,5.075396089965402,Value available,37435,37938,38148,113521,37840.333333333336,0.773425181243999,Gateshead,126.0,35134.0,29.718634029714806,0.2037988558091877,34.177719587863606,30.64552854784539,Q4,Matched to IMD 2019 LAD
90801,Child mortality rate (1 to 17 years),E09000011,Greenwich,UA,1-17 yrs,Persons,2022 - 24,20220000,15.3273878931464,10.2527946983561,22.0267820406458,29.0,185220.0,,Cannot be calculated,Similar,100000.0,"per 100,000",11.5939085658285,11.2367409861832,11.959538770888,3.7334793273179,Value available,61325,61077,60655,183057,61019.0,1.1815991740277618,Greenwich,151.0,60023.0,25.59034205221332,0.2124414974259867,24.680539126668112,30.216750245739135,Q4,Matched to IMD 2019 LAD
90801,Child mortality rate (1 to 17 years),E09000012,Hackney,UA,1-17 yrs,Persons,2022 - 24,20220000,10.1610801083965,5.79104071018621,16.5210312779213,16.0,156078.0,Value for Hackney and City of London combined,Cannot be calculated,Similar,100000.0,"per 100,000",11.5939085658285,11.2367409861832,11.959538770888,-1.4328284574319987,Value available,51330,50850,49968,152148,50716.0,2.5830112784919947,Hackney,144.0,55620.0,33.1073645631068,0.24945212153901475,44.55411722402014,46.35023372887451,Q5 Most deprived,Matched to IMD 2019 LAD
90801,Child mortality rate (1 to 17 years),E06000006,Halton,UA,1-17 yrs,Persons,2022 - 24,20220000,13.6530831527255,6.8031688735909,24.4355504271866,11.0,79432.0,,Cannot be calculated,Similar,100000.0,"per 100,000",11.5939085658285,11.2367409861832,11.959538770888,2.059174586897001,Value available,26342,26516,26469,79327,26442.333333333332,0.13236350801114374,Halton,79.0,25195.0,34.54001250248066,0.23881964675530862,54.07422107561024,47.275253026394125,Q5 Most deprived,Matched to IMD 2019 LAD
90801,Child mortality rate (1 to 17 years),E09000013,Hammersmith and Fulham,UA,1-17 yrs,Persons,2022 - 24,20220000,12.1367348247857,6.03590443052737,21.7400672742889,11.0,89936.0,,Cannot be calculated,Similar,100000.0,"per 100,000",11.5939085658285,11.2367409861832,11.959538770888,0.5428262589572004,Value available,29615,29202,28816,87633,29211.0,2.6280054317437496,Hammersmith and Fulham,113.0,31402.0,22.89390774472963,0.18652582638048532,21.460416533978727,32.768613464110565,Q3,Matched to IMD 2019 LAD
90801,Child mortality rate (1 to 17 years),E09000014,Haringey,UA,1-17 yrs,Persons,2022 - 24,20220000,11.509550098484,6.81476926578342,18.195322668977,18.0,152064.0,,Cannot be calculated,Similar,100000.0,"per 100,000",11.5939085658285,11.2367409861832,11.959538770888,-0.08435846734449903,Value available,50371,49985,49457,149813,49937.666666666664,1.5025398329917965,Haringey,145.0,54139.0,28.948393782670532,0.2083391085908495,38.15179445501395,39.95825560132252,Q4,Matched to IMD 2019 LAD
90801,Child mortality rate (1 to 17 years),E09000015,Harrow,UA,1-17 yrs,Persons,2022 - 24,20220000,9.43934808950316,5.38984766587958,15.3328018111708,16.0,169817.0,,Cannot be calculated,Similar,100000.0,"per 100,000",11.5939085658285,11.2367409861832,11.959538770888,-2.15456047632534,Value available,55224,55613,55676,166513,55504.333333333336,1.9842294595617158,Harrow,137.0,50943.0,15.362554973205345,0.1228206230492904,1.4545668688534243,5.6631921951985555,Q1 Least deprived,Matched to IMD 2019 LAD
90801,Child mortality rate (1 to 17 years),E06000001,Hartlepool,UA,1-17 yrs,Persons,2022 - 24,20220000,,,,9.0,59006.0,Value cannot be calculated as number of cases is too small,Cannot be calculated,Not compared,100000.0,"per 100,000",11.5939085658285,11.2367409861832,11.959538770888,,Suppressed / unavailable,19229,19552,20013,58794,19598.0,0.3605810116678573,Hartlepool,58.0,17580.0,37.11760335608646,0.28320358361774745,58.57792946530148,60.21046643913538,Q5 Most deprived,Matched to IMD 2019 LAD
90801,Child mortality rate (1 to 17 years),E09000016,Havering,UA,1-17 yrs,Persons,2022 - 24,20220000,8.58603176730962,4.79730479388211,14.1691289457619,15.0,176047.0,,Cannot be calculated,Similar,100000.0,"per 100,000",11.5939085658285,11.2367409861832,11.959538770888,-3.007876798518879,Value available,56733,58133,59806,174672,58224.0,0.7871897041311716,Havering,150.0,48185.0,18.086519560029057,0.16001035591989207,9.137698453875688,17.13811352080523,Q2,Matched to IMD 2019 LAD
90801,Child mortality rate (1 to 17 years),E06000019,Herefordshire,UA,1-17 yrs,Persons,2022 - 24,20220000,,,,9.0,97974.0,Value cannot be calculated as number of cases is too small,Cannot be calculated,Not compared,100000.0,"per 100,000",11.5939085658285,11.2367409861832,11.959538770888,,Suppressed / unavailable,32277,32473,32514,97264,32421.333333333332,0.729972034874157,"Herefordshire, County of",116.0,31713.0,19.52836272191215,0.12405363730962066,9.82247028032668,7.996720587771576,Q2,Matched to IMD 2019 LAD
90801,Child mortality rate (1 to 17 years),E09000017,Hillingdon,UA,1-17 yrs,Persons,2022 - 24,20220000,12.3447005525413,8.05650404965466,18.0958350913171,26.0,210348.0,,Cannot be calculated,Similar,100000.0,"per 100,000",11.5939085658285,11.2367409861832,11.959538770888,0.7507919867127999,Value available,68125,69271,69786,207182,69060.66666666667,1.5281250301667133,Hillingdon,161.0,63455.0,19.488316665353402,0.1571852809077299,5.399101725632338,7.138917342998976,Q2,Matched to IMD 2019 LAD
90801,Child mortality rate (1 to 17 years),E09000018,Hounslow,UA,1-17 yrs,Persons,2022 - 24,20220000,8.87258527452223,5.16440383246947,14.2084385499907,17.0,190892.0,,Cannot be calculated,Similar,100000.0,"per 100,000",11.5939085658285,11.2367409861832,11.959538770888,-2.7213232913062697,Value available,62281,62567,61747,186595,62198.333333333336,2.3028484150164794,Hounslow,142.0,56509.0,22.176300890123695,0.17034350280486293,9.373728078713125,14.325151745739618,Q2,Matched to IMD 2019 LAD
90801,Child mortality rate (1 to 17 years),E06000046,Isle of Wight,UA,1-17 yrs,Persons,2022 - 24,20220000,,,,2.0,67461.0,Value cannot be calculated as number of cases is too small,Cannot be calculated,Not compared,100000.0,"per 100,000",11.5939085658285,11.2367409861832,11.959538770888,,Suppressed / unavailable,22528,22428,22319,67275,22425.0,0.27647714604236345,Isle of Wight,89.0,22123.0,24.46815291777788,0.18008217691994757,17.904443339510916,21.502508701351534,Q3,Matched to IMD 2019 LAD
90801,Child mortality rate (1 to 17 years),E06000053,Isles of Scilly,UA,1-17 yrs,Persons,2022 - 24,20220000,,,,,,Value for Cornwall and Isles of Scilly combined,Cannot be calculated,Not compared,100000.0,"per 100,000",11.5939085658285,11.2367409861832,11.959538770888,,Suppressed / unavailable,339,360,319,1018,339.3333333333333,,Isles of Scilly,1.0,357.0,12.004999999999999,0.032,,,nan,Matched to IMD 2019 LAD
90801,Child mortality rate (1 to 17 years),E09000019,Islington,UA,1-17 yrs,Persons,2022 - 24,20220000,9.48975865396791,4.52152267397325,17.4879065626987,10.0,101101.0,,Cannot be calculated,Similar,100000.0,"per 100,000",11.5939085658285,11.2367409861832,11.959538770888,-2.10414991186059,Value available,33717,33479,32809,100005,33335.0,1.095945202739863,Islington,123.0,36201.0,28.674157896190717,0.27531800226513087,31.211844976658103,59.91270959365763,Q4,Matched to IMD 2019 LAD
90801,Child mortality rate (1 to 17 years),E09000020,Kensington and Chelsea,UA,1-17 yrs,Persons,2022 - 24,20220000,,,,6.0,64595.0,Value cannot be calculated as number of cases is too small,Cannot be calculated,Not compared,100000.0,"per 100,000",11.5939085658285,11.2367409861832,11.959538770888,,Suppressed / unavailable,21187,20815,20148,62150,20716.666666666668,3.9340305711987127,Kensington and Chelsea,103.0,25814.0,22.104818896722712,0.1288470597350275,23.58797551716123,19.97365770512125,Q3,Matched to IMD 2019 LAD
90801,Child mortality rate (1 to 17 years),E06000010,Kingston upon Hull,UA,1-17 yrs,Persons,2022 - 24,20220000,11.4640822804338,6.99828647538415,17.7081007324983,20.0,174688.0,,Cannot be calculated,Similar,100000.0,"per 100,000",11.5939085658285,11.2367409861832,11.959538770888,-0.12982628539469943,Value available,56638,57748,58076,172462,57487.333333333336,1.290719114935464,"Kingston upon Hull, City of",166.0,49893.0,43.1702931473353,0.29801958190527733,59.80398051830918,59.220732367265946,Q5 Most deprived,Matched to IMD 2019 LAD
90801,Child mortality rate (1 to 17 years),E09000021,Kingston upon Thames,UA,1-17 yrs,Persons,2022 - 24,20220000,14.2726005802884,7.97799632242618,23.5483777788103,15.0,105495.0,,Cannot be calculated,Similar,100000.0,"per 100,000",11.5939085658285,11.2367409861832,11.959538770888,2.6786920144599,Value available,34651,34685,34818,104154,34718.0,1.2875165620139408,Kingston upon Thames,98.0,33935.0,11.383715485486958,0.09956239870340357,1.2789155738912628,1.9537350817739796,Q1 Least deprived,Matched to IMD 2019 LAD
90801,Child mortality rate (1 to 17 years),E08000034,Kirklees,UA,1-17 yrs,Persons,2022 - 24,20220000,18.0444601587004,13.4331934487045,23.7269673939854,51.0,283502.0,,Cannot be calculated,Worse,100000.0,"per 100,000",11.5939085658285,11.2367409861832,11.959538770888,6.4505515928719,Value available,93263,93986,94185,281434,93811.33333333333,0.7348081610608527,Kirklees,259.0,87971.0,27.308930374782598,0.17712033511043412,36.64616748701277,21.192211069557015,Q4,Matched to IMD 2019 LAD
90801,Child mortality rate (1 to 17 years),E08000011,Knowsley,UA,1-17 yrs,Persons,2022 - 24,20220000,18.8694606686991,11.3335201682378,29.4993786927092,19.0,100430.0,,Cannot be calculated,Similar,100000.0,"per 100,000",11.5939085658285,11.2367409861832,11.959538770888,7.275552102870602,Value available,32746,33369,34063,100178,33392.666666666664,0.25155223701810775,Knowsley,98.0,28775.0,44.9647816159861,0.3026673501303215,66.75586446568201,57.32406602953953,Q5 Most deprived,Matched to IMD 2019 LAD
90801,Child mortality rate (1 to 17 years),E09000022,Lambeth,UA,1-17 yrs,Persons,2022 - 24,20220000,15.5947517193866,9.87606687189364,23.4097108357508,23.0,147652.0,,Cannot be calculated,Similar,100000.0,"per 100,000",11.5939085658285,11.2367409861832,11.959538770888,4.000843153558101,Value available,49699,48671,47176,145546,48515.333333333336,1.4469652206175367,Lambeth,178.0,56607.0,26.22598563781865,0.22878207642164397,21.792357835603372,39.70003709788542,Q3,Matched to IMD 2019 LAD
90801,Child mortality rate (1 to 17 years),E08000035,Leeds,UA,1-17 yrs,Persons,2022 - 24,20220000,15.00705971555,11.7814763989608,18.8424266362975,74.0,496913.0,,Cannot be calculated,Worse,100000.0,"per 100,000",11.5939085658285,11.2367409861832,11.959538770888,3.4131511497215,Value available,162520,163850,164704,491074,163691.33333333334,1.1890265010975942,Leeds,482.0,145907.0,30.850416395375138,0.20277016181540294,41.97331176708451,35.277951023597225,Q5 Most deprived,Matched to IMD 2019 LAD
90801,Child mortality rate (1 to 17 years),E06000016,Leicester,UA,1-17 yrs,Persons,2022 - 24,20220000,16.0874039874177,11.5424711283965,21.8260305483874,41.0,254878.0,,Cannot be calculated,Similar,100000.0,"per 100,000",11.5939085658285,11.2367409861832,11.959538770888,4.493495421589202,Value available,82856,83623,83796,250275,83425.0,1.8391769054040554,Leicester,192.0,73795.0,33.1890439460668,0.24241418795311334,41.104410867944985,42.65058608306796,Q5 Most deprived,Matched to IMD 2019 LAD
90801,Child mortality rate (1 to 17 years),E09000023,Lewisham,UA,1-17 yrs,Persons,2022 - 24,20220000,10.3217671922247,6.10801940443045,16.3225072443232,18.0,177048.0,,Cannot be calculated,Similar,100000.0,"per 100,000",11.5939085658285,11.2367409861832,11.959538770888,-1.2721413736037999,Value available,59327,58204,57349,174880,58293.333333333336,1.2397072278133576,Lewisham,169.0,61194.0,27.458575170768377,0.22937051018073668,27.94718436448018,38.626335915285814,Q4,Matched to IMD 2019 LAD
90801,Child mortality rate (1 to 17 years),E08000012,Liverpool,UA,1-17 yrs,Persons,2022 - 24,20220000,12.9103703665885,8.98486932103044,17.9639330429793,35.0,272569.0,,Cannot be calculated,Similar,100000.0,"per 100,000",11.5939085658285,11.2367409861832,11.959538770888,1.3164618007600009,Value available,88216,89790,90705,268711,89570.33333333333,1.4357432334366662,Liverpool,298.0,81104.0,45.55675759518643,0.29920495906490435,68.99906293154469,63.39268100217005,Q5 Most deprived,Matched to IMD 2019 LAD
90801,Child mortality rate (1 to 17 years),E06000032,Luton,UA,1-17 yrs,Persons,2022 - 24,20220000,15.0094151421724,9.79640222688608,22.0008714823859,26.0,171691.0,,Cannot be calculated,Similar,100000.0,"per 100,000",11.5939085658285,11.2367409861832,11.959538770888,3.415506576343901,Value available,55538,55955,56763,168256,56085.333333333336,2.041531951312286,Luton,121.0,50578.0,26.806347028352246,0.1960949029222191,31.72921032860137,17.373166198742535,Q4,Matched to IMD 2019 LAD
90801,Child mortality rate (1 to 17 years),E08000003,Manchester,UA,1-17 yrs,Persons,2022 - 24,20220000,15.9624506478435,12.1500123856816,20.5915424387304,59.0,371138.0,,Cannot be calculated,Worse,100000.0,"per 100,000",11.5939085658285,11.2367409861832,11.959538770888,4.368542082015001,Value available,120847,121648,121690,364185,121395.0,1.9091945027939097,Manchester,282.0,106195.0,44.25276200386083,0.29721928527708463,73.4723857055417,62.820283440839965,Q5 Most deprived,Matched to IMD 2019 LAD
90801,Child mortality rate (1 to 17 years),E06000035,Medway,UA,1-17 yrs,Persons,2022 - 24,20220000,12.0241457353931,7.61827955299072,18.0450517663908,23.0,190976.0,,Cannot be calculated,Similar,100000.0,"per 100,000",11.5939085658285,11.2367409861832,11.959538770888,0.43023716956460056,Value available,61427,63099,64490,189016,63005.333333333336,1.0369492529732933,Medway,163.0,55993.0,25.251173843158966,0.18929575125462114,26.13898165842159,29.75550515242977,Q4,Matched to IMD 2019 LAD
90801,Child mortality rate (1 to 17 years),E09000024,Merton,UA,1-17 yrs,Persons,2022 - 24,20220000,8.90920164869583,4.5923011825264,15.5727393563677,12.0,134348.0,,Cannot be calculated,Similar,100000.0,"per 100,000",11.5939085658285,11.2367409861832,11.959538770888,-2.6847069171326687,Value available,44302,44237,43585,132124,44041.333333333336,1.6832672338106627,Merton,124.0,42123.0,15.342790019704198,0.133870450822591,2.841677943166441,9.272843814543124,Q1 Least deprived,Matched to IMD 2019 LAD
90801,Child mortality rate (1 to 17 years),E06000002,Middlesbrough,UA,1-17 yrs,Persons,2022 - 24,20220000,12.1146962395537,6.24899839334151,21.1689468729318,12.0,99653.0,,Cannot be calculated,Similar,100000.0,"per 100,000",11.5939085658285,11.2367409861832,11.959538770888,0.5207876737252004,Value available,32355,32822,32972,98149,32716.333333333332,1.5323640587270375,Middlesbrough,86.0,28622.0,43.626475124030456,0.32700384319754044,62.84326741667249,60.55481797218923,Q5 Most deprived,Matched to IMD 2019 LAD
90801,Child mortality rate (1 to 17 years),E06000042,Milton Keynes,UA,1-17 yrs,Persons,2022 - 24,20220000,16.3563549360921,11.3230031628064,22.8603103606401,34.0,208916.0,,Cannot be calculated,Similar,100000.0,"per 100,000",11.5939085658285,11.2367409861832,11.959538770888,4.7624463702636,Value available,67369,69083,69991,206443,68814.33333333333,1.197909350280707,Milton Keynes,152.0,59903.0,19.128288165868153,0.15040732517570068,15.009264978381717,15.598550990768409,Q3,Matched to IMD 2019 LAD
90801,Child mortality rate (1 to 17 years),E08000021,Newcastle upon Tyne,UA,1-17 yrs,Persons,2022 - 24,20220000,17.8198902333134,12.0161762325068,25.4457979848447,30.0,170728.0,,Cannot be calculated,Worse,100000.0,"per 100,000",11.5939085658285,11.2367409861832,11.959538770888,6.225981667484902,Value available,55013,56418,57098,168529,56176.333333333336,1.3048199419684445,Newcastle upon Tyne,175.0,50575.0,34.613074957983194,0.2467053484923381,50.254078101828966,49.8230350963915,Q5 Most deprived,Matched to IMD 2019 LAD
90801,Child mortality rate (1 to 17 years),E09000025,Newham,UA,1-17 yrs,Persons,2022 - 24,20220000,10.4446935307739,6.74719941471656,15.432837404892,25.0,236673.0,,Cannot be calculated,Similar,100000.0,"per 100,000",11.5939085658285,11.2367409861832,11.959538770888,-1.149215035054599,Value available,77908,77658,76629,232195,77398.33333333333,1.9285514330627274,Newham,164.0,75869.0,29.938514716155478,0.20146713413910822,26.56025517668613,18.257786447692734,Q4,Matched to IMD 2019 LAD
90801,Child mortality rate (1 to 17 years),E06000012,North East Lincolnshire,UA,1-17 yrs,Persons,2022 - 24,20220000,15.0116601524651,8.1968054373851,25.1934914856791,14.0,95534.0,,Cannot be calculated,Similar,100000.0,"per 100,000",11.5939085658285,11.2367409861832,11.959538770888,3.4177515866365997,Value available,31594,31721,31808,95123,31707.666666666668,0.4320721592043985,North East Lincolnshire,106.0,30450.0,34.930807159277514,0.27356078817733986,44.57799671592775,45.68144499178982,Q5 Most deprived,Matched to IMD 2019 LAD
90801,Child mortality rate (1 to 17 years),E06000013,North Lincolnshire,UA,1-17 yrs,Persons,2022 - 24,20220000,13.9016147219403,7.5886211128197,23.3336332789153,14.0,99025.0,,Cannot be calculated,Similar,100000.0,"per 100,000",11.5939085658285,11.2367409861832,11.959538770888,2.3077061561118004,Value available,32687,32722,32771,98180,32726.666666666668,0.8606640863719699,North Lincolnshire,101.0,31477.0,24.236133430758965,0.18268017917844773,26.654382565047495,28.983067001302537,Q4,Matched to IMD 2019 LAD
90801,Child mortality rate (1 to 17 years),E06000061,North Northamptonshire,UA,1-17 yrs,Persons,2022 - 24,20220000,8.95549940635258,5.54032158974699,13.6916975896076,21.0,233511.0,,Cannot be calculated,Similar,100000.0,"per 100,000",11.5939085658285,11.2367409861832,11.959538770888,-2.63840915947592,Value available,75960,77254,78590,231804,77268.0,0.7363979914065331,,,,,,,,,Unmatched: boundary/code change
90801,Child mortality rate (1 to 17 years),E06000024,North Somerset,UA,1-17 yrs,Persons,2022 - 24,20220000,9.25981513429519,4.77606784736039,16.1808964407338,12.0,125962.0,,Cannot be calculated,Similar,100000.0,"per 100,000",11.5939085658285,11.2367409861832,11.959538770888,-2.3340934315333097,Value available,41284,41853,42149,125286,41762.0,0.5395654741950417,North Somerset,135.0,37919.0,15.81648817215644,0.12436554234025159,10.430127376776813,12.05464279121285,Q2,Matched to IMD 2019 LAD
90801,Child mortality rate (1 to 17 years),E08000022,North Tyneside,UA,1-17 yrs,Persons,2022 - 24,20220000,13.2610782975856,7.57368423740781,21.5382458946079,16.0,121005.0,,Cannot be calculated,Similar,100000.0,"per 100,000",11.5939085658285,11.2367409861832,11.959538770888,1.6671697317571006,Value available,40057,40278,40262,120597,40199.0,0.33831687355406853,North Tyneside,131.0,35936.0,23.494828667631342,0.17917586821015136,23.51680765805877,30.860418521816563,Q3,Matched to IMD 2019 LAD
90801,Child mortality rate (1 to 17 years),E06000065,North Yorkshire UA,UA,1-17 yrs,Persons,2022 - 24,20220000,8.37712738659729,5.55872708269417,12.1164691643573,28.0,330393.0,,Cannot be calculated,Similar,100000.0,"per 100,000",11.5939085658285,11.2367409861832,11.959538770888,-3.2167811792312087,Value available,109214,109388,110117,328719,109573.0,0.5092495414016227,,,,,,,,,Unmatched: boundary/code change
90801,Child mortality rate (1 to 17 years),E06000057,Northumberland,UA,1-17 yrs,Persons,2022 - 24,20220000,15.3791421758951,10.0341309589807,22.5476286477834,26.0,168935.0,,Cannot be calculated,Similar,100000.0,"per 100,000",11.5939085658285,11.2367409861832,11.959538770888,3.7852336100665998,Value available,55996,56299,56363,168658,56219.333333333336,0.1642376881025507,Northumberland,197.0,52078.0,23.764028322900263,0.1737438649717731,25.486769845232153,25.429163946388112,Q4,Matched to IMD 2019 LAD
90801,Child mortality rate (1 to 17 years),E06000018,Nottingham,UA,1-17 yrs,Persons,2022 - 24,20220000,10.3368581192228,6.3104025277478,15.9665967161288,20.0,192785.0,,Cannot be calculated,Similar,100000.0,"per 100,000",11.5939085658285,11.2367409861832,11.959538770888,-1.2570504466056995,Value available,62537,63089,63338,188964,62988.0,2.022078279460638,Nottingham,182.0,59185.0,38.72189744022979,0.297920621779167,66.27354904114218,68.21322970347217,Q5 Most deprived,Matched to IMD 2019 LAD
90801,Child mortality rate (1 to 17 years),E08000004,Oldham,UA,1-17 yrs,Persons,2022 - 24,20220000,13.8107869783382,8.93483924700324,20.3887362713351,25.0,180346.0,,Cannot be calculated,Similar,100000.0,"per 100,000",11.5939085658285,11.2367409861832,11.959538770888,2.2168784125097005,Value available,59157,59606,60170,178933,59644.333333333336,0.7896810538022612,Oldham,141.0,52119.0,36.83009061954374,0.23323166215775443,59.46008173602717,45.54577025652833,Q5 Most deprived,Matched to IMD 2019 LAD
90801,Child mortality rate (1 to 17 years),E06000031,Peterborough,UA,1-17 yrs,Persons,2022 - 24,20220000,13.0060917646539,8.04545885113448,19.8855404652659,21.0,161003.0,,Cannot be calculated,Similar,100000.0,"per 100,000",11.5939085658285,11.2367409861832,11.959538770888,1.4121831988254012,Value available,51778,52958,53653,158389,52796.333333333336,1.6503671340812809,Peterborough,112.0,43096.0,29.27529886764433,0.20819055132726935,46.106367180248746,32.655002784481155,Q5 Most deprived,Matched to IMD 2019 LAD
90801,Child mortality rate (1 to 17 years),E06000026,Plymouth,UA,1-17 yrs,Persons,2022 - 24,20220000,10.8149259950559,6.17667087054764,17.5652258014496,16.0,148849.0,,Cannot be calculated,Similar,100000.0,"per 100,000",11.5939085658285,11.2367409861832,11.959538770888,-0.7789825707725999,Value available,49197,49498,49307,148002,49334.0,0.5722895636545452,Plymouth,161.0,46259.0,27.87194262738062,0.20251209494368666,33.44646447177846,32.423960742774376,Q4,Matched to IMD 2019 LAD
90801,Child mortality rate (1 to 17 years),E06000044,Portsmouth,UA,1-17 yrs,Persons,2022 - 24,20220000,10.679521434243,5.67900447452355,18.2662487078154,13.0,121249.0,,Cannot be calculated,Similar,100000.0,"per 100,000",11.5939085658285,11.2367409861832,11.959538770888,-0.9143871315854994,Value available,39544,39857,40005,119406,39802.0,1.543473527293436,Portsmouth,125.0,39325.0,28.7917520661157,0.20188381436745073,30.011443102352192,29.149396058486968,Q4,Matched to IMD 2019 LAD
90801,Child mortality rate (1 to 17 years),E06000038,Reading,UA,1-17 yrs,Persons,2022 - 24,20220000,,,,6.0,108462.0,Value cannot be calculated as number of cases is too small,Cannot be calculated,Not compared,100000.0,"per 100,000",11.5939085658285,11.2367409861832,11.959538770888,,Suppressed / unavailable,34921,35359,35812,106092,35364.0,2.233910191154847,Reading,97.0,33203.0,20.803721049302773,0.15963864711020087,11.85435051049604,18.236303948438394,Q2,Matched to IMD 2019 LAD
90801,Child mortality rate (1 to 17 years),E09000026,Redbridge,UA,1-17 yrs,Persons,2022 - 24,20220000,12.5438924760918,8.3281795125609,18.1371332892383,28.0,219743.0,,Cannot be calculated,Similar,100000.0,"per 100,000",11.5939085658285,11.2367409861832,11.959538770888,0.9499839102633008,Value available,72181,72159,72166,216506,72168.66666666667,1.4951086805908382,Redbridge,161.0,67762.0,17.9349034562144,0.13715398010684454,4.351996694312446,3.4060387827986185,Q2,Matched to IMD 2019 LAD
90801,Child mortality rate (1 to 17 years),E06000003,Redcar and Cleveland,UA,1-17 yrs,Persons,2022 - 24,20220000,16.4449804303034,8.74135823371172,28.1328281258462,13.0,78466.0,,Cannot be calculated,Similar,100000.0,"per 100,000",11.5939085658285,11.2367409861832,11.959538770888,4.8510718644749,Value available,25904,26184,26251,78339,26113.0,0.16211593203895888,Redcar and Cleveland,88.0,24210.0,32.46137930607187,0.25589475423378766,41.28046261875258,43.76290788930194,Q5 Most deprived,Matched to IMD 2019 LAD
90801,Child mortality rate (1 to 17 years),E09000027,Richmond upon Thames,UA,1-17 yrs,Persons,2022 - 24,20220000,8.15290990585409,3.89896256994042,15.0011554653626,10.0,126938.0,,Cannot be calculated,Similar,100000.0,"per 100,000",11.5939085658285,11.2367409861832,11.959538770888,-3.44099865997441,Value available,41886,42009,41609,125504,41834.666666666664,1.1425930647628761,Richmond upon Thames,115.0,40300.0,9.474932332506203,0.07024669975186104,0.7096774193548387,1.6054590570719602,Q1 Least deprived,Matched to IMD 2019 LAD
90801,Child mortality rate (1 to 17 years),E08000005,Rochdale,UA,1-17 yrs,Persons,2022 - 24,20220000,16.5154201672072,10.8803500619753,24.0311215265515,27.0,162311.0,,Cannot be calculated,Similar,100000.0,"per 100,000",11.5939085658285,11.2367409861832,11.959538770888,4.9215116013787,Value available,52741,53753,54755,161249,53749.666666666664,0.65860873555805,Rochdale,134.0,45185.0,36.932583401571314,0.23503941573531043,54.327763638375565,47.577735974327766,Q5 Most deprived,Matched to IMD 2019 LAD
90801,Child mortality rate (1 to 17 years),E08000018,Rotherham,UA,1-17 yrs,Persons,2022 - 24,20220000,15.1047975956643,9.7713497964063,22.2999422349115,25.0,166659.0,,Cannot be calculated,Similar,100000.0,"per 100,000",11.5939085658285,11.2367409861832,11.959538770888,3.5108890298358,Value available,54208,55304,56311,165823,55274.333333333336,0.504152017512649,Rotherham,167.0,50014.0,31.717973207501906,0.22071733914503935,40.76258647578678,37.34154436757708,Q5 Most deprived,Matched to IMD 2019 LAD
90801,Child mortality rate (1 to 17 years),E06000017,Rutland,UA,1-17 yrs,Persons,2022 - 24,20220000,,,,3.0,23263.0,Value cannot be calculated as number of cases is too small,Cannot be calculated,Not compared,100000.0,"per 100,000",11.5939085658285,11.2367409861832,11.959538770888,,Suppressed / unavailable,7722,7651,7676,23049,7683.0,0.9284567660202178,Rutland,23.0,6520.0,8.33499325153374,0.07159815950920245,,,nan,Matched to IMD 2019 LAD
90801,Child mortality rate (1 to 17 years),E08000006,Salford,UA,1-17 yrs,Persons,2022 - 24,20220000,11.9565783966314,7.37935761840157,18.304307826356,21.0,175745.0,,Cannot be calculated,Similar,100000.0,"per 100,000",11.5939085658285,11.2367409861832,11.959538770888,0.3626698308029006,Value available,56689,57634,58816,173139,57713.0,1.5051490420991227,Salford,150.0,48489.0,36.2805389676009,0.24085060529192187,56.68502134504733,48.08100806368455,Q5 Most deprived,Matched to IMD 2019 LAD
90801,Child mortality rate (1 to 17 years),E08000028,Sandwell,UA,1-17 yrs,Persons,2022 - 24,20220000,14.5227895395304,10.1692305666113,20.1074596363103,36.0,248275.0,,Cannot be calculated,Similar,100000.0,"per 100,000",11.5939085658285,11.2367409861832,11.959538770888,2.928880973701901,Value available,81244,81833,82602,245679,81893.0,1.0566633696815764,Sandwell,186.0,70711.0,36.051476502948624,0.2630766075999491,63.72982987088289,54.710016829064784,Q5 Most deprived,Matched to IMD 2019 LAD
90801,Child mortality rate (1 to 17 years),E08000014,Sefton,UA,1-17 yrs,Persons,2022 - 24,20220000,12.9921891258951,7.93231931173539,20.0668342426587,20.0,154944.0,,Cannot be calculated,Similar,100000.0,"per 100,000",11.5939085658285,11.2367409861832,11.959538770888,1.3982805600666008,Value available,50781,51545,52022,154348,51449.333333333336,0.38614040998263666,Sefton,189.0,46890.0,28.97344595862657,0.18821567498400513,33.6383024098955,24.435913840904245,Q4,Matched to IMD 2019 LAD
90801,Child mortality rate (1 to 17 years),E08000019,Sheffield,UA,1-17 yrs,Persons,2022 - 24,20220000,11.8743843098054,8.44239123183051,16.2336775298783,39.0,328036.0,,Cannot be calculated,Similar,100000.0,"per 100,000",11.5939085658285,11.2367409861832,11.959538770888,0.28047574397690056,Value available,107242,108194,108390,323826,107942.0,1.3000809076479345,Sheffield,345.0,103331.0,31.28763481433452,0.21885883229621317,45.534253999283855,42.619349469181564,Q5 Most deprived,Matched to IMD 2019 LAD
90801,Child mortality rate (1 to 17 years),E06000051,Shropshire,UA,1-17 yrs,Persons,2022 - 24,20220000,13.9771839977915,9.03575633634399,20.6434696889046,25.0,171025.0,,Cannot be calculated,Similar,100000.0,"per 100,000",11.5939085658285,11.2367409861832,11.959538770888,2.383275431963,Value available,56241,56639,57134,170014,56671.333333333336,0.5946569106073617,Shropshire,193.0,51821.0,17.65990031068486,0.12036539240848304,6.294745373497231,7.244167422473515,Q2,Matched to IMD 2019 LAD
90801,Child mortality rate (1 to 17 years),E06000039,Slough,UA,1-17 yrs,Persons,2022 - 24,20220000,13.9127360466787,8.23965035752417,21.991699057352,18.0,129685.0,,Cannot be calculated,Similar,100000.0,"per 100,000",11.5939085658285,11.2367409861832,11.959538770888,2.318827480850201,Value available,41805,42398,42992,127195,42398.333333333336,1.957624120444986,Slough,80.0,37031.0,23.347691582727983,0.1471205746536685,8.973562690718587,2.2521671032378277,Q2,Matched to IMD 2019 LAD
90801,Child mortality rate (1 to 17 years),E08000029,Solihull,UA,1-17 yrs,Persons,2022 - 24,20220000,12.070097058667,7.01871667542277,19.338733986166,17.0,139947.0,,Cannot be calculated,Similar,100000.0,"per 100,000",11.5939085658285,11.2367409861832,11.959538770888,0.4761884928385012,Value available,45632,46377,46763,138772,46257.333333333336,0.8467125933185369,Solihull,134.0,40214.0,19.12107666484309,0.14795717909185854,20.09250509772716,21.529815487143782,Q3,Matched to IMD 2019 LAD
90801,Child mortality rate (1 to 17 years),E06000066,Somerset UA,UA,1-17 yrs,Persons,2022 - 24,20220000,9.03903460219724,6.04708465712238,12.988957518624,29.0,321553.0,,Cannot be calculated,Similar,100000.0,"per 100,000",11.5939085658285,11.2367409861832,11.959538770888,-2.554873963631259,Value available,105314,106522,107129,318965,106321.66666666667,0.8113742887150628,,,,,,,,,Unmatched: boundary/code change
90801,Child mortality rate (1 to 17 years),E06000025,South Gloucestershire,UA,1-17 yrs,Persons,2022 - 24,20220000,8.68936052161449,4.85791846233156,14.3354029787815,15.0,175668.0,,Cannot be calculated,Similar,100000.0,"per 100,000",11.5939085658285,11.2367409861832,11.959538770888,-2.9045480442140104,Value available,56963,58047,59160,174170,58056.666666666664,0.860079232933341,South Gloucestershire,165.0,51010.0,11.660486551656538,0.1037240148990394,1.1389923544403058,2.0917467163301313,Q1 Least deprived,Matched to IMD 2019 LAD
90801,Child mortality rate (1 to 17 years),E08000023,South Tyneside,UA,1-17 yrs,Persons,2022 - 24,20220000,,,,9.0,86592.0,Value cannot be calculated as number of cases is too small,Cannot be calculated,Not compared,100000.0,"per 100,000",11.5939085658285,11.2367409861832,11.959538770888,,Suppressed / unavailable,28514,28769,29044,86327,28775.666666666668,0.3069723261552006,South Tyneside,102.0,25824.0,33.22746181846344,0.2672735052664189,48.489776951672866,55.924721189591075,Q5 Most deprived,Matched to IMD 2019 LAD
90801,Child mortality rate (1 to 17 years),E06000045,Southampton,UA,1-17 yrs,Persons,2022 - 24,20220000,14.0001478169416,8.54317875920503,21.6300120060575,20.0,143554.0,,Cannot be calculated,Similar,100000.0,"per 100,000",11.5939085658285,11.2367409861832,11.959538770888,2.406239251113101,Value available,46833,47150,47014,140997,46999.0,1.813513762704171,Southampton,148.0,44295.0,29.70951906535726,0.2051646686984987,37.10576814538887,30.847725476916132,Q4,Matched to IMD 2019 LAD
90801,Child mortality rate (1 to 17 years),E06000033,Southend-on-Sea,UA,1-17 yrs,Persons,2022 - 24,20220000,10.7839968436518,5.56359948081164,18.8421661132304,12.0,111108.0,,Cannot be calculated,Similar,100000.0,"per 100,000",11.5939085658285,11.2367409861832,11.959538770888,-0.8099117221767003,Value available,36135,36777,37315,110227,36742.333333333336,0.7992597095085596,Southend-on-Sea,107.0,34249.0,23.74494268445794,0.1915269058950626,25.238693100528483,27.501532891471285,Q4,Matched to IMD 2019 LAD
90801,Child mortality rate (1 to 17 years),E09000028,Southwark,UA,1-17 yrs,Persons,2022 - 24,20220000,11.2783002020678,6.67866930230993,17.8285710666406,18.0,158607.0,,Cannot be calculated,Similar,100000.0,"per 100,000",11.5939085658285,11.2367409861832,11.959538770888,-0.315608363760699,Value available,52924,52283,51367,156574,52191.333333333336,1.2984275805689323,Southwark,166.0,57284.0,27.007456095943017,0.24090887507855596,23.912436282382515,53.36044968926751,Q4,Matched to IMD 2019 LAD
90801,Child mortality rate (1 to 17 years),E08000013,St. Helens,UA,1-17 yrs,Persons,2022 - 24,20220000,13.991789630567,7.82447577351322,23.0799907164312,15.0,106345.0,,Cannot be calculated,Similar,100000.0,"per 100,000",11.5939085658285,11.2367409861832,11.959538770888,2.3978810647385007,Value available,35043,35346,35586,105975,35325.0,0.3491389478650625,St. Helens,119.0,32071.0,33.87832028935797,0.23660802594244018,48.47058089863116,46.21308970721212,Q5 Most deprived,Matched to IMD 2019 LAD
90801,Child mortality rate (1 to 17 years),E08000007,Stockport,UA,1-17 yrs,Persons,2022 - 24,20220000,10.4349392900321,6.27886306194519,16.2973461924481,19.0,183739.0,,Cannot be calculated,Similar,100000.0,"per 100,000",11.5939085658285,11.2367409861832,11.959538770888,-1.1589692757963999,Value available,60277,60959,61409,182645,60881.666666666664,0.5989761559309043,Stockport,190.0,55155.0,22.218823388632035,0.14604088477925845,19.958299338228628,16.861571933641557,Q3,Matched to IMD 2019 LAD
90801,Child mortality rate (1 to 17 years),E06000004,Stockton-on-Tees,UA,1-17 yrs,Persons,2022 - 24,20220000,11.7479236126297,6.56381560340466,19.3872650067423,15.0,127587.0,,Cannot be calculated,Similar,100000.0,"per 100,000",11.5939085658285,11.2367409861832,11.959538770888,0.15401504680120048,Value available,41949,42390,42785,127124,42374.666666666664,0.36421132122966554,Stockton-on-Tees,120.0,38168.0,27.46934128065395,0.20869442988891218,33.556906308949905,37.13582058268707,Q4,Matched to IMD 2019 LAD
90801,Child mortality rate (1 to 17 years),E06000021,Stoke-on-Trent,UA,1-17 yrs,Persons,2022 - 24,20220000,17.2726089885296,11.6496440921148,24.6610177874813,30.0,172995.0,,Cannot be calculated,Worse,100000.0,"per 100,000",11.5939085658285,11.2367409861832,11.959538770888,5.678700422701102,Value available,55892,56965,58271,171128,57042.666666666664,1.0909962133607591,Stoke-on-Trent,159.0,50462.0,37.03634499227141,0.2565959335737783,59.377353255915345,53.53929689667473,Q5 Most deprived,Matched to IMD 2019 LAD
90801,Child mortality rate (1 to 17 years),E08000024,Sunderland,UA,1-17 yrs,Persons,2022 - 24,20220000,16.8522194769157,11.1014446006807,24.5222405675978,27.0,159561.0,,Cannot be calculated,Similar,100000.0,"per 100,000",11.5939085658285,11.2367409861832,11.959538770888,5.2583109110872,Value available,51923,52898,53325,158146,52715.333333333336,0.894742832572433,Sunderland,185.0,48108.0,32.43190930822317,0.24249852415398687,45.3874615448574,46.360272719713976,Q5 Most deprived,Matched to IMD 2019 LAD
90801,Child mortality rate (1 to 17 years),E09000029,Sutton,UA,1-17 yrs,Persons,2022 - 24,20220000,7.97773597845667,3.97597469597936,14.2769184660321,11.0,144343.0,,Cannot be calculated,Similar,100000.0,"per 100,000",11.5939085658285,11.2367409861832,11.959538770888,-3.616172587371829,Value available,47000,47586,47819,142405,47468.333333333336,1.3609072715143429,Sutton,121.0,41298.0,14.79617959707492,0.12594128044941644,6.593539638723425,10.511404910649427,Q2,Matched to IMD 2019 LAD
90801,Child mortality rate (1 to 17 years),E06000030,Swindon,UA,1-17 yrs,Persons,2022 - 24,20220000,7.28328474121856,3.62958503322463,13.0345826300339,11.0,152290.0,,Cannot be calculated,Similar,100000.0,"per 100,000",11.5939085658285,11.2367409861832,11.959538770888,-4.310623824609939,Value available,49414,50292,50925,150631,50210.333333333336,1.1013669165045707,Swindon,132.0,43899.0,19.494175220392265,0.14895348413403495,18.369438939383585,17.66327251190232,Q3,Matched to IMD 2019 LAD
90801,Child mortality rate (1 to 17 years),E08000008,Tameside,UA,1-17 yrs,Persons,2022 - 24,20220000,17.6120298735351,11.5010520890759,25.8077959440118,26.0,149428.0,,Cannot be calculated,Similar,100000.0,"per 100,000",11.5939085658285,11.2367409861832,11.959538770888,6.0181213077066005,Value available,49056,49520,49930,148506,49502.0,0.6208503360133597,Tameside,141.0,43709.0,32.93901757075202,0.2228602118556819,48.97389553638839,44.69560044842024,Q5 Most deprived,Matched to IMD 2019 LAD
90801,Child mortality rate (1 to 17 years),E06000020,Telford and Wrekin,UA,1-17 yrs,Persons,2022 - 24,20220000,15.3863336957254,9.25643447295197,24.0329420692306,19.0,123886.0,,Cannot be calculated,Similar,100000.0,"per 100,000",11.5939085658285,11.2367409861832,11.959538770888,3.7924251298969,Value available,40148,41006,41833,122987,40995.666666666664,0.7309715661004822,Telford and Wrekin,108.0,34992.0,27.293631058527662,0.21290712162780062,30.412665752171925,28.26074531321445,Q4,Matched to IMD 2019 LAD
90801,Child mortality rate (1 to 17 years),E06000034,Thurrock,UA,1-17 yrs,Persons,2022 - 24,20220000,9.3097923868576,4.80274670629223,16.2668369325931,12.0,129883.0,,Cannot be calculated,Similar,100000.0,"per 100,000",11.5939085658285,11.2367409861832,11.959538770888,-2.2841161789708995,Value available,42274,42922,43398,128594,42864.666666666664,1.002379582251116,Thurrock,98.0,36947.0,21.845786234335673,0.1862419682247544,12.82648117573822,22.329282485722793,Q3,Matched to IMD 2019 LAD
90801,Child mortality rate (1 to 17 years),E06000027,Torbay,UA,1-17 yrs,Persons,2022 - 24,20220000,,,,8.0,71733.0,Value cannot be calculated as number of cases is too small,Cannot be calculated,Not compared,100000.0,"per 100,000",11.5939085658285,11.2367409861832,11.959538770888,,Suppressed / unavailable,23968,23844,23686,71498,23832.666666666668,0.3286805225320988,Torbay,89.0,22257.0,28.96706070000449,0.21935907804286295,30.367974120501415,30.04448038819248,Q4,Matched to IMD 2019 LAD
90801,Child mortality rate (1 to 17 years),E09000030,Tower Hamlets,UA,1-17 yrs,Persons,2022 - 24,20220000,12.7695267621579,8.08215922707574,19.175122913535,23.0,178527.0,,Cannot be calculated,Similar,100000.0,"per 100,000",11.5939085658285,11.2367409861832,11.959538770888,1.1756181963294008,Value available,59941,58886,57558,176385,58795.0,1.2143889786546476,Tower Hamlets,144.0,59061.0,29.71017847649041,0.2659303770677774,36.56389156973299,59.06435719002388,Q4,Matched to IMD 2019 LAD
90801,Child mortality rate (1 to 17 years),E08000009,Trafford,UA,1-17 yrs,Persons,2022 - 24,20220000,6.32054108036476,3.02132617731359,11.6318042497363,10.0,162023.0,,Cannot be calculated,Similar,100000.0,"per 100,000",11.5939085658285,11.2367409861832,11.959538770888,-5.27336748546374,Value available,53049,53526,53852,160427,53475.666666666664,0.9948450073865371,Trafford,138.0,48403.0,17.007272854988326,0.11707045017870793,10.879490940644175,14.154081358593476,Q2,Matched to IMD 2019 LAD
90801,Child mortality rate (1 to 17 years),E08000036,Wakefield,UA,1-17 yrs,Persons,2022 - 24,20220000,12.5134754592617,8.24289404149215,18.2093078033741,27.0,217316.0,,Cannot be calculated,Similar,100000.0,"per 100,000",11.5939085658285,11.2367409861832,11.959538770888,0.9195668934332009,Value available,70759,72128,73055,215942,71980.66666666667,0.636281964601606,Wakefield,209.0,62016.0,29.003556388673893,0.19712935371517026,38.78515221878225,28.223361713106296,Q5 Most deprived,Matched to IMD 2019 LAD
90801,Child mortality rate (1 to 17 years),E08000030,Walsall,UA,1-17 yrs,Persons,2022 - 24,20220000,15.4926681878591,10.5239084327479,21.9922482041996,31.0,200990.0,,Cannot be calculated,Similar,100000.0,"per 100,000",11.5939085658285,11.2367409861832,11.959538770888,3.8987596220306013,Value available,65399,66515,67432,199346,66448.66666666667,0.8246967583999679,Walsall,167.0,58002.0,34.44672916451157,0.2606790283093686,60.81514430536878,54.83431605806696,Q5 Most deprived,Matched to IMD 2019 LAD
90801,Child mortality rate (1 to 17 years),E09000031,Waltham Forest,UA,1-17 yrs,Persons,2022 - 24,20220000,14.1124088927008,9.10743454816767,20.8644229144087,25.0,175953.0,,Cannot be calculated,Similar,100000.0,"per 100,000",11.5939085658285,11.2367409861832,11.959538770888,2.518500326872301,Value available,57893,58118,57513,173524,57841.333333333336,1.399806366842627,Waltham Forest,144.0,58990.0,25.8793463807425,0.19232524156636718,18.489574504153246,19.043905746736733,Q3,Matched to IMD 2019 LAD
90801,Child mortality rate (1 to 17 years),E09000032,Wandsworth,UA,1-17 yrs,Persons,2022 - 24,20220000,12.9504535446672,7.98421846994645,19.837671370967,21.0,164773.0,,Cannot be calculated,Similar,100000.0,"per 100,000",11.5939085658285,11.2367409861832,11.959538770888,1.3565449788387003,Value available,54642,54145,53803,162590,54196.666666666664,1.3426409988314165,Wandsworth,179.0,56190.0,16.891709450080086,0.15387517351841967,6.152340274070119,18.743548674141305,Q2,Matched to IMD 2019 LAD
90801,Child mortality rate (1 to 17 years),E06000007,Warrington,UA,1-17 yrs,Persons,2022 - 24,20220000,11.9078471874246,6.65398103891067,19.6499847115749,15.0,127272.0,,Cannot be calculated,Similar,100000.0,"per 100,000",11.5939085658285,11.2367409861832,11.959538770888,0.3139386215961011,Value available,41405,42058,42373,125836,41945.333333333336,1.1411678692901872,Warrington,127.0,39485.0,20.08639921489173,0.13157474990502718,21.334684057236924,15.963023933139167,Q3,Matched to IMD 2019 LAD
90801,Child mortality rate (1 to 17 years),E06000037,West Berkshire,UA,1-17 yrs,Persons,2022 - 24,20220000,,,,9.0,101591.0,Value cannot be calculated as number of cases is too small,Cannot be calculated,Not compared,100000.0,"per 100,000",11.5939085658285,11.2367409861832,11.959538770888,,Suppressed / unavailable,33287,33877,33821,100985,33661.666666666664,0.6000891221468535,West Berkshire,97.0,31625.0,9.939288031620553,0.08659298023715414,1.2616600790513834,2.842687747035573,Q1 Least deprived,Matched to IMD 2019 LAD
90801,Child mortality rate (1 to 17 years),E06000062,West Northamptonshire,UA,1-17 yrs,Persons,2022 - 24,20220000,9.64937608685782,6.30135689618896,14.1395874824827,26.0,271360.0,,Cannot be calculated,Similar,100000.0,"per 100,000",11.5939085658285,11.2367409861832,11.959538770888,-1.9445324789706788,Value available,88489,89716,90507,268712,89570.66666666667,0.9854416624490161,,,,,,,,,Unmatched: boundary/code change
90801,Child mortality rate (1 to 17 years),E09000033,Westminster,UA,1-17 yrs,Persons,2022 - 24,20220000,12.1971460257805,5.821152369861,22.4615820410014,10.0,84638.0,,Cannot be calculated,Similar,100000.0,"per 100,000",11.5939085658285,11.2367409861832,11.959538770888,0.6032374599520001,Value available,27901,27369,26650,81920,27306.666666666668,3.31787109375,Westminster,128.0,38605.0,22.51348066312654,0.18302823468462634,20.30306955057635,32.783318223028104,Q3,Matched to IMD 2019 LAD
90801,Child mortality rate (1 to 17 years),E06000064,Westmorland and Furness,UA,1-17 yrs,Persons,2022 - 24,20220000,10.6571407629771,5.48494278671517,18.6409097927384,12.0,112349.0,,Cannot be calculated,Similar,100000.0,"per 100,000",11.5939085658285,11.2367409861832,11.959538770888,-0.9367678028513993,Value available,37183,37330,37226,111739,37246.333333333336,0.5459150341420632,,,,,,,,,Unmatched: boundary/code change
90801,Child mortality rate (1 to 17 years),E08000010,Wigan,UA,1-17 yrs,Persons,2022 - 24,20220000,9.42978547400431,5.67420766380782,14.7272641699596,19.0,201418.0,,Cannot be calculated,Similar,100000.0,"per 100,000",11.5939085658285,11.2367409861832,11.959538770888,-2.164123091824189,Value available,65710,66938,67826,200474,66824.66666666667,0.4708840049083672,Wigan,200.0,60273.0,27.293484362815857,0.1743898760639092,36.77766163954009,28.78237353375475,Q4,Matched to IMD 2019 LAD
90801,Child mortality rate (1 to 17 years),E06000054,Wiltshire,UA,1-17 yrs,Persons,2022 - 24,20220000,7.70566115507786,4.87999297734,11.567122640425,23.0,297833.0,,Cannot be calculated,Better,100000.0,"per 100,000",11.5939085658285,11.2367409861832,11.959538770888,-3.8882474107506395,Value available,98498,98932,99165,296595,98865.0,0.4174042043864529,Wiltshire,285.0,92224.0,13.632750748178346,0.10208541160652325,3.3396946564885495,4.871833795975017,Q1 Least deprived,Matched to IMD 2019 LAD
90801,Child mortality rate (1 to 17 years),E06000040,Windsor and Maidenhead,UA,1-17 yrs,Persons,2022 - 24,20220000,,,,9.0,99141.0,Value cannot be calculated as number of cases is too small,Cannot be calculated,Not compared,100000.0,"per 100,000",11.5939085658285,11.2367409861832,11.959538770888,,Suppressed / unavailable,32564,32765,32940,98269,32756.333333333332,0.8873602051511666,Windsor and Maidenhead,89.0,29792.0,8.534136513157895,0.06735486036519872,,,nan,Matched to IMD 2019 LAD
90801,Child mortality rate (1 to 17 years),E08000015,Wirral,UA,1-17 yrs,Persons,2022 - 24,20220000,9.63603007252705,5.70491252910721,15.2342802954373,18.0,189259.0,,Cannot be calculated,Similar,100000.0,"per 100,000",11.5939085658285,11.2367409861832,11.959538770888,-1.9578784933014504,Value available,62665,63089,63218,188972,62990.666666666664,0.15187435175581568,Wirral,206.0,59827.0,32.63795017299881,0.21778213849933978,42.18162368161532,36.04225516907082,Q5 Most deprived,Matched to IMD 2019 LAD
90801,Child mortality rate (1 to 17 years),E06000041,Wokingham,UA,1-17 yrs,Persons,2022 - 24,20220000,,,,7.0,125411.0,Value cannot be calculated as number of cases is too small,Cannot be calculated,Not compared,100000.0,"per 100,000",11.5939085658285,11.2367409861832,11.959538770888,,Suppressed / unavailable,40577,41642,42215,124434,41478.0,0.7851551826671167,Wokingham,99.0,33327.0,6.044794791010292,0.056332883247817093,,,nan,Matched to IMD 2019 LAD
90801,Child mortality rate (1 to 17 years),E08000031,Wolverhampton,UA,1-17 yrs,Persons,2022 - 24,20220000,11.194503122826,6.9259419410863,17.1141807500842,21.0,187905.0,,Cannot be calculated,Similar,100000.0,"per 100,000",11.5939085658285,11.2367409861832,11.959538770888,-0.39940544300250025,Value available,59999,61874,63578,185451,61817.0,1.323260591746607,Wolverhampton,158.0,52099.0,34.41214545384748,0.27103130578322043,58.98769650089253,58.70170252787961,Q5 Most deprived,Matched to IMD 2019 LAD
90801,Child mortality rate (1 to 17 years),E06000014,York,UA,1-17 yrs,Persons,2022 - 24,20220000,,,,8.0,99588.0,Value cannot be calculated as number of cases is too small,Cannot be calculated,Not compared,100000.0,"per 100,000",11.5939085658285,11.2367409861832,11.959538770888,,Suppressed / unavailable,32786,32980,32737,98503,32834.333333333336,1.101489294742292,York,120.0,32477.0,12.497692459278873,0.10022422021738461,6.912584290420913,11.300304831111248,Q2,Matched to IMD 2019 LAD
92196,Infant mortality rate,E07000223,Adur,District,<1 yr,Persons,2022 - 24,20220000,4.60223537146614,1.85033731197887,9.48236381439999,7.0,1521.0,Interpret with caution - see Notes section in Definitions for details,Cannot be calculated,Similar,1000.0,"per 1,000",4.16609348978379,4.06985942209315,4.26402858590237,0.43614188168235035,Value available,12596,12549,12580,37725,12575.0,,Adur,42.0,11374.0,18.02123588886935,0.14293942324599965,2.101283629330051,13.100052751890276,Q1 Least deprived,Matched to IMD 2019 LAD
92196,Infant mortality rate,E07000032,Amber Valley,District,<1 yr,Persons,2022 - 24,20220000,3.95136778115502,2.10189694366584,6.75736383265986,13.0,3290.0,Interpret with caution - see Notes section in Definitions for details,Cannot be calculated,Similar,1000.0,"per 1,000",4.16609348978379,4.06985942209315,4.26402858590237,-0.2147257086287695,Value available,22611,22935,23365,68911,22970.333333333332,,Amber Valley,78.0,20978.0,18.90563032700925,0.14969363142339595,13.509390790351796,16.493469348841643,Q3,Matched to IMD 2019 LAD
92196,Infant mortality rate,E07000224,Arun,District,<1 yr,Persons,2022 - 24,20220000,2.67451190157796,1.28040917731146,4.91881749284741,10.0,3739.0,Interpret with caution - see Notes section in Definitions for details,Cannot be calculated,Similar,1000.0,"per 1,000",4.16609348978379,4.06985942209315,4.26402858590237,-1.4915815882058294,Value available,27169,27468,27752,82389,27463.0,,Arun,94.0,24654.0,19.71389973229496,0.13634679970795816,13.279792325788918,6.214001784700251,Q3,Matched to IMD 2019 LAD
92196,Infant mortality rate,E07000170,Ashfield,District,<1 yr,Persons,2022 - 24,20220000,5.32623169107856,3.25204496268334,8.22633298780215,20.0,3755.0,,Cannot be calculated,Similar,1000.0,"per 1,000",4.16609348978379,4.06985942209315,4.26402858590237,1.16013820129477,Value available,25001,25297,25536,75834,25278.0,,Ashfield,74.0,23249.0,27.925895436362858,0.2187327196868683,31.42930878747473,33.82941201772119,Q4,Matched to IMD 2019 LAD
92196,Infant mortality rate,E07000105,Ashford,District,<1 yr,Persons,2022 - 24,20220000,5.94247682434039,3.84460801560666,8.77262911627891,25.0,4207.0,,Cannot be calculated,Similar,1000.0,"per 1,000",4.16609348978379,4.06985942209315,4.26402858590237,1.7763833345566002,Value available,28295,29092,29383,86770,28923.333333333332,,Ashford,78.0,25481.0,19.379460068286175,0.15412413170597702,17.08331698128017,13.135277265413444,Q3,Matched to IMD 2019 LAD
92196,Infant mortality rate,E07000200,Babergh,District,<1 yr,Persons,2022 - 24,20220000,1.83654729109275,0.500397324897303,4.7022904845747,4.0,2178.0,Interpret with caution - see Notes section in Definitions for details,Cannot be calculated,Similar,1000.0,"per 1,000",4.16609348978379,4.06985942209315,4.26402858590237,-2.3295461986910393,Value available,16533,16788,16895,50216,16738.666666666668,,Babergh,54.0,15571.0,14.641426369533107,0.10869179885684926,,3.5643182839894676,nan,Matched to IMD 2019 LAD
92196,Infant mortality rate,E09000002,Barking and Dagenham,UA,<1 yr,Persons,2022 - 24,20220000,4.13899316584849,2.99510740292866,5.57533463521457,43.0,10389.0,,Cannot be calculated,Similar,1000.0,"per 1,000",4.16609348978379,4.06985942209315,4.26402858590237,-0.02710032393529982,Value available,60208,60700,61568,182476,60825.333333333336,,Barking and Dagenham,110.0,54877.0,33.28889828161161,0.23792457678080076,57.13322521274851,38.27833154144724,Q5 Most deprived,Matched to IMD 2019 LAD
92196,Infant mortality rate,E09000003,Barnet,UA,<1 yr,Persons,2022 - 24,20220000,3.41321713870733,2.50768756336253,4.53895751647542,47.0,13770.0,,Cannot be calculated,Similar,1000.0,"per 1,000",4.16609348978379,4.06985942209315,4.26402858590237,-0.7528763510764596,Value available,85376,86718,87138,259232,86410.66666666667,,Barnet,211.0,80093.0,16.547513116002644,0.12601439576492326,3.9841184622875905,8.497621514988825,Q1 Least deprived,Matched to IMD 2019 LAD
92196,Infant mortality rate,E08000016,Barnsley,UA,<1 yr,Persons,2022 - 24,20220000,3.68148350149986,2.42554737812614,5.35657194821243,27.0,7334.0,,Cannot be calculated,Similar,1000.0,"per 1,000",4.16609348978379,4.06985942209315,4.26402858590237,-0.48460998828392965,Value available,48027,48385,48924,145336,48445.333333333336,,Barnsley,147.0,44050.0,31.36595786606129,0.2250699659477866,43.314415437003404,36.66515323496027,Q5 Most deprived,Matched to IMD 2019 LAD
92196,Infant mortality rate,E07000066,Basildon,District,<1 yr,Persons,2022 - 24,20220000,3.87476751394916,2.5068608062085,5.72015664788986,25.0,6452.0,,Cannot be calculated,Similar,1000.0,"per 1,000",4.16609348978379,4.06985942209315,4.26402858590237,-0.2913259758346296,Value available,41580,42286,42888,126754,42251.333333333336,,Basildon,110.0,36917.0,24.859216458542136,0.19734043936397866,27.846249695262344,31.665628301324592,Q4,Matched to IMD 2019 LAD
92196,Infant mortality rate,E07000084,Basingstoke and Deane,District,<1 yr,Persons,2022 - 24,20220000,4.29774798005845,2.78051674774922,6.34458495653866,25.0,5817.0,,Cannot be calculated,Similar,1000.0,"per 1,000",4.16609348978379,4.06985942209315,4.26402858590237,0.13165449027466014,Value available,37723,38347,38614,114684,38228.0,,Basingstoke and Deane,109.0,34943.0,13.336959362390179,0.09881272357839913,0.9501187648456056,7.0715164696791915,Q1 Least deprived,Matched to IMD 2019 LAD
92196,Infant mortality rate,E07000171,Bassetlaw,District,<1 yr,Persons,2022 - 24,20220000,2.7182120205376,1.24293962469898,5.16001312335221,9.0,3311.0,Interpret with caution - see Notes section in Definitions for details,Cannot be calculated,Similar,1000.0,"per 1,000",4.16609348978379,4.06985942209315,4.26402858590237,-1.4478814692461897,Value available,22352,22812,23289,68453,22817.666666666668,,Bassetlaw,70.0,19960.0,23.684430561122248,0.16420911823647297,23.241482965931862,18.847695390781563,Q3,Matched to IMD 2019 LAD
92196,Infant mortality rate,E06000022,Bath and North East Somerset,UA,<1 yr,Persons,2022 - 24,20220000,2.97999148573861,1.62782688377796,5.00021238368979,14.0,4698.0,Interpret with caution - see Notes section in Definitions for details,Cannot be calculated,Similar,1000.0,"per 1,000",4.16609348978379,4.06985942209315,4.26402858590237,-1.1861020040451797,Value available,34394,34741,34810,103945,34648.333333333336,,Bath and North East Somerset,115.0,30660.0,12.44038763861709,0.103979843444227,5.622961513372473,6.6764514024788,Q2,Matched to IMD 2019 LAD
92196,Infant mortality rate,E06000055,Bedford,UA,<1 yr,Persons,2022 - 24,20220000,4.69635627530364,3.14457249980236,6.74499559371257,29.0,6175.0,,Cannot be calculated,Similar,1000.0,"per 1,000",4.16609348978379,4.06985942209315,4.26402858590237,0.5302627855198505,Value available,39996,40846,41516,122358,40786.0,,Bedford,103.0,33622.0,19.601445779549103,0.15142210457438582,14.826601629885195,15.938968532508477,Q3,Matched to IMD 2019 LAD
92196,Infant mortality rate,E09000004,Bexley,UA,<1 yr,Persons,2022 - 24,20220000,4.5073244021535,3.15643518755214,6.24022170474553,36.0,7987.0,,Cannot be calculated,Similar,1000.0,"per 1,000",4.16609348978379,4.06985942209315,4.26402858590237,0.3412309123697108,Value available,53902,54871,55303,164076,54692.0,,Bexley,146.0,49822.0,17.62895560194292,0.16014457468588172,8.34571073019951,19.635903817590624,Q2,Matched to IMD 2019 LAD
92196,Infant mortality rate,E08000025,Birmingham,UA,<1 yr,Persons,2022 - 24,20220000,8.67189087870644,7.82610099951204,9.58415951430475,384.0,44281.0,,Cannot be calculated,Worse,1000.0,"per 1,000",4.16609348978379,4.06985942209315,4.26402858590237,4.505797388922651,Value available,270630,271899,272806,815335,271778.3333333333,,Birmingham,639.0,254167.0,41.323414983062314,0.27585586248411476,67.52332128089013,61.35690313848769,Q5 Most deprived,Matched to IMD 2019 LAD
92196,Infant mortality rate,E07000129,Blaby,District,<1 yr,Persons,2022 - 24,20220000,3.31895121141719,1.58893126915618,6.10403538193046,10.0,3013.0,Interpret with caution - see Notes section in Definitions for details,Cannot be calculated,Similar,1000.0,"per 1,000",4.16609348978379,4.06985942209315,4.26402858590237,-0.8471422783665994,Value available,20826,21092,21130,63048,21016.0,,Blaby,60.0,17851.0,10.432666741359027,0.08790123802588089,,,nan,Matched to IMD 2019 LAD
92196,Infant mortality rate,E06000008,Blackburn with Darwen,UA,<1 yr,Persons,2022 - 24,20220000,6.35593220338983,4.45099714741859,8.79954992157531,36.0,5664.0,,Cannot be calculated,Worse,1000.0,"per 1,000",4.16609348978379,4.06985942209315,4.26402858590237,2.18983871360604,Value available,38034,38587,39294,115915,38638.333333333336,,Blackburn with Darwen,91.0,34186.0,38.194969724448605,0.22767632949160474,62.29158134909027,41.40583864739952,Q5 Most deprived,Matched to IMD 2019 LAD
92196,Infant mortality rate,E06000009,Blackpool,UA,<1 yr,Persons,2022 - 24,20220000,7.7574047954866,5.33896932727212,10.8946313872246,33.0,4254.0,,Cannot be calculated,Worse,1000.0,"per 1,000",4.16609348978379,4.06985942209315,4.26402858590237,3.5913113057028108,Value available,26735,26851,27089,80675,26891.666666666668,,Blackpool,94.0,25394.0,46.49764653067655,0.30681200283531546,59.15964401039616,48.665038985587145,Q5 Most deprived,Matched to IMD 2019 LAD
92196,Infant mortality rate,E07000033,Bolsover,District,<1 yr,Persons,2022 - 24,20220000,3.79266750948167,1.73424909286908,7.19966432845308,9.0,2373.0,Interpret with caution - see Notes section in Definitions for details,Cannot be calculated,Similar,1000.0,"per 1,000",4.16609348978379,4.06985942209315,4.26402858590237,-0.3734259803021196,Value available,14943,15120,15231,45294,15098.0,,Bolsover,48.0,13860.0,25.8960715007215,0.20452294372294372,24.27849927849928,25.165945165945168,Q4,Matched to IMD 2019 LAD
92196,Infant mortality rate,E08000001,Bolton,UA,<1 yr,Persons,2022 - 24,20220000,7.26141078838174,5.73038406364749,9.07563467091677,77.0,10604.0,,Cannot be calculated,Worse,1000.0,"per 1,000",4.16609348978379,4.06985942209315,4.26402858590237,3.0953172985979505,Value available,68700,70030,70942,209672,69890.66666666667,,Bolton,177.0,58831.0,33.30017472081045,0.21852618517448283,49.91926025394775,38.913158028930326,Q5 Most deprived,Matched to IMD 2019 LAD
92196,Infant mortality rate,E07000136,Boston,District,<1 yr,Persons,2022 - 24,20220000,4.54545454545454,2.07847126130219,8.62868861182786,9.0,1980.0,Interpret with caution - see Notes section in Definitions for details,Cannot be calculated,Similar,1000.0,"per 1,000",4.16609348978379,4.06985942209315,4.26402858590237,0.37936105567075007,Value available,14219,14439,14515,43173,14391.0,,Boston,36.0,12295.0,23.571529158194387,0.16148930459536395,13.550223668157788,10.10980073200488,Q3,Matched to IMD 2019 LAD
92196,Infant mortality rate,E06000058,"Bournemouth, Christchurch and Poole",UA,<1 yr,Persons,2022 - 24,20220000,3.10816411106506,2.09665759358334,4.43725362018221,30.0,9652.0,,Cannot be calculated,Similar,1000.0,"per 1,000",4.16609348978379,4.06985942209315,4.26402858590237,-1.0579293787187294,Value available,70186,70556,70505,211247,70415.66666666667,,"Bournemouth, Christchurch and Poole",233.0,65265.0,18.89553584616563,0.14695366582394853,13.052938021910672,14.57749176434536,Q3,Matched to IMD 2019 LAD
92196,Infant mortality rate,E06000036,Bracknell Forest,UA,<1 yr,Persons,2022 - 24,20220000,2.23325062034739,1.02118439140902,4.2394053229328,9.0,4030.0,Interpret with caution - see Notes section in Definitions for details,Cannot be calculated,Similar,1000.0,"per 1,000",4.16609348978379,4.06985942209315,4.26402858590237,-1.9328428694363997,Value available,26785,27319,27747,81851,27283.666666666668,,Bracknell Forest,75.0,24849.0,10.548147370115498,0.08902869330757779,,,nan,Matched to IMD 2019 LAD
92196,Infant mortality rate,E08000032,Bradford,UA,<1 yr,Persons,2022 - 24,20220000,7.17680147415382,6.06707968819533,8.43070665387204,148.0,20622.0,,Cannot be calculated,Worse,1000.0,"per 1,000",4.16609348978379,4.06985942209315,4.26402858590237,3.010707984370031,Value available,132933,133042,133152,399127,133042.33333333334,,Bradford,310.0,125172.0,38.38322818202154,0.22539401783146393,58.49471127728246,40.989997763078,Q5 Most deprived,Matched to IMD 2019 LAD
92196,Infant mortality rate,E07000067,Braintree,District,<1 yr,Persons,2022 - 24,20220000,4.18585182084554,2.55576158117956,6.46502309945522,20.0,4778.0,,Cannot be calculated,Similar,1000.0,"per 1,000",4.16609348978379,4.06985942209315,4.26402858590237,0.019758331061750845,Value available,30922,31383,31968,94273,31424.333333333332,,Braintree,87.0,28899.0,14.913169521436727,0.12180051212844736,2.6298487836949374,6.879130765770442,Q1 Least deprived,Matched to IMD 2019 LAD
92196,Infant mortality rate,E07000143,Breckland,District,<1 yr,Persons,2022 - 24,20220000,4.15742793791574,2.32518403913915,6.85743662506631,15.0,3608.0,Interpret with caution - see Notes section in Definitions for details,Cannot be calculated,Similar,1000.0,"per 1,000",4.16609348978379,4.06985942209315,4.26402858590237,-0.008665551868049626,Value available,25386,25561,25833,76780,25593.333333333332,,Breckland,78.0,23440.0,20.479175725255974,0.1289378412969283,12.581058020477816,10.998293515358363,Q3,Matched to IMD 2019 LAD
92196,Infant mortality rate,E09000005,Brent,UA,<1 yr,Persons,2022 - 24,20220000,3.10065794449066,2.22484090661056,4.20650198488228,41.0,13223.0,,Cannot be calculated,Similar,1000.0,"per 1,000",4.16609348978379,4.06985942209315,4.26402858590237,-1.0654355452931297,Value available,68259,68436,68337,205032,68344.0,,Brent,173.0,67701.0,26.623692781495105,0.1816095774065376,23.625943486802264,19.439890105020606,Q3,Matched to IMD 2019 LAD
92196,Infant mortality rate,E07000068,Brentwood,District,<1 yr,Persons,2022 - 24,20220000,,,,2.0,2503.0,Value not published for data quality reasons,Cannot be calculated,Not compared,1000.0,"per 1,000",4.16609348978379,4.06985942209315,4.26402858590237,,Suppressed / unavailable,15335,15802,15921,47058,15686.0,,Brentwood,46.0,13897.0,10.31023285601209,0.08858631359286176,,,nan,Matched to IMD 2019 LAD
92196,Infant mortality rate,E06000043,Brighton and Hove,UA,<1 yr,Persons,2022 - 24,20220000,3.51774864086984,2.20378841247419,5.32615586497296,22.0,6254.0,,Cannot be calculated,Similar,1000.0,"per 1,000",4.16609348978379,4.06985942209315,4.26402858590237,-0.6483448489139496,Value available,44689,44348,43936,132973,44324.333333333336,,Brighton and Hove,165.0,45576.0,20.742382460066704,0.1528897446024223,18.154291732490783,17.603563278918728,Q3,Matched to IMD 2019 LAD
92196,Infant mortality rate,E06000023,Bristol,UA,<1 yr,Persons,2022 - 24,20220000,3.98648648648649,3.03452336967376,5.14236740736626,59.0,14800.0,,Cannot be calculated,Similar,1000.0,"per 1,000",4.16609348978379,4.06985942209315,4.26402858590237,-0.17960700329729962,Value available,86114,85916,85837,257867,85955.66666666667,,"Bristol, City of",263.0,83792.0,29.603451582489974,0.20582077047928202,38.19099675386672,33.433979377506205,Q5 Most deprived,Matched to IMD 2019 LAD
92196,Infant mortality rate,E07000144,Broadland,District,<1 yr,Persons,2022 - 24,20220000,4.54545454545454,2.4829645129834,7.62694733070605,14.0,3080.0,Interpret with caution - see Notes section in Definitions for details,Cannot be calculated,Similar,1000.0,"per 1,000",4.16609348978379,4.06985942209315,4.26402858590237,0.37936105567075007,Value available,23319,23690,24039,71048,23682.666666666668,,Broadland,84.0,20583.0,11.880904289948015,0.08626585045911675,,,nan,Matched to IMD 2019 LAD
92196,Infant mortality rate,E09000006,Bromley,UA,<1 yr,Persons,2022 - 24,20220000,2.65434526150216,1.74881679818887,3.862082055465,27.0,10172.0,,Cannot be calculated,Better,1000.0,"per 1,000",4.16609348978379,4.06985942209315,4.26402858590237,-1.5117482282816295,Value available,68643,69028,69158,206829,68943.0,,Bromley,197.0,64567.0,15.123660368299596,0.13080462155590317,9.301965400281878,17.374200442950734,Q2,Matched to IMD 2019 LAD
92196,Infant mortality rate,E07000234,Bromsgrove,District,<1 yr,Persons,2022 - 24,20220000,4.04203718674212,1.93510505819222,7.4338959602896,10.0,2474.0,Interpret with caution - see Notes section in Definitions for details,Cannot be calculated,Similar,1000.0,"per 1,000",4.16609348978379,4.06985942209315,4.26402858590237,-0.12405630304166948,Value available,19948,19957,19999,59904,19968.0,,Bromsgrove,58.0,16804.0,11.723046893596761,0.09459509640561771,2.320875981909069,8.53963342061414,Q1 Least deprived,Matched to IMD 2019 LAD
92196,Infant mortality rate,E07000095,Broxbourne,District,<1 yr,Persons,2022 - 24,20220000,2.7231467473525,1.24519609602975,5.16938077198765,9.0,3305.0,Interpret with caution - see Notes section in Definitions for details,Cannot be calculated,Similar,1000.0,"per 1,000",4.16609348978379,4.06985942209315,4.26402858590237,-1.4429467424312894,Value available,20871,21485,21667,64023,21341.0,,Broxbourne,56.0,19259.0,18.64850127213251,0.15546892362012565,5.960849472973675,10.566488395036087,Q2,Matched to IMD 2019 LAD
92196,Infant mortality rate,E07000172,Broxtowe,District,<1 yr,Persons,2022 - 24,20220000,3.99419026870007,1.99117291156499,7.147144922348,11.0,2754.0,Interpret with caution - see Notes section in Definitions for details,Cannot be calculated,Similar,1000.0,"per 1,000",4.16609348978379,4.06985942209315,4.26402858590237,-0.1719032210837197,Value available,19794,20204,20311,60309,20103.0,,Broxtowe,71.0,19079.0,14.947250537239897,0.13038172860212802,7.128256197913937,8.543424707793909,Q2,Matched to IMD 2019 LAD
92196,Infant mortality rate,E06000060,Buckinghamshire UA,UA,<1 yr,Persons,2022 - 24,20220000,3.16720449384487,2.37228840101188,4.14286342942662,53.0,16734.0,,Cannot be calculated,Better,1000.0,"per 1,000",4.16609348978379,4.06985942209315,4.26402858590237,-0.9988889959389198,Value available,119920,121883,123794,365597,121865.66666666667,,,,,,,,,,Unmatched: boundary/code change
92196,Infant mortality rate,E07000117,Burnley,District,<1 yr,Persons,2022 - 24,20220000,5.30090427190521,3.08621051112893,8.48771730742265,17.0,3207.0,Interpret with caution - see Notes section in Definitions for details,Cannot be calculated,Similar,1000.0,"per 1,000",4.16609348978379,4.06985942209315,4.26402858590237,1.1348107821214208,Value available,20946,21178,21714,63838,21279.333333333332,,Burnley,60.0,17573.0,40.998696067831325,0.2553686336994253,61.127866613554886,54.538212029818474,Q5 Most deprived,Matched to IMD 2019 LAD
92196,Infant mortality rate,E08000002,Bury,UA,<1 yr,Persons,2022 - 24,20220000,5.20918118183298,3.56246100689071,7.35405334668733,32.0,6143.0,,Cannot be calculated,Similar,1000.0,"per 1,000",4.16609348978379,4.06985942209315,4.26402858590237,1.0430876920491903,Value available,41750,41990,42206,125946,41982.0,,Bury,120.0,38021.0,24.77078543436522,0.1687816206833066,24.817863812103838,26.86410141763762,Q4,Matched to IMD 2019 LAD
92196,Infant mortality rate,E08000033,Calderdale,UA,<1 yr,Persons,2022 - 24,20220000,3.25119780971937,1.95653329161377,5.07740353615984,19.0,5844.0,Interpret with caution - see Notes section in Definitions for details,Cannot be calculated,Similar,1000.0,"per 1,000",4.16609348978379,4.06985942209315,4.26402858590237,-0.9148956800644195,Value available,42963,42879,42753,128595,42865.0,,Calderdale,128.0,40641.0,28.53236645259713,0.1964757756944957,36.54683693806747,32.349105583031914,Q4,Matched to IMD 2019 LAD
92196,Infant mortality rate,E07000008,Cambridge,District,<1 yr,Persons,2022 - 24,20220000,4.50323670137912,2.57233574965961,7.31337973376337,16.0,3553.0,Interpret with caution - see Notes section in Definitions for details,Cannot be calculated,Similar,1000.0,"per 1,000",4.16609348978379,4.06985942209315,4.26402858590237,0.3371432115953308,Value available,22598,22829,23051,68478,22826.0,,Cambridge,69.0,20095.0,16.13022105001244,0.1218723065439164,5.59343120179149,3.67753172430953,Q2,Matched to IMD 2019 LAD
92196,Infant mortality rate,E09000007,Camden,UA,<1 yr,Persons,2022 - 24,20220000,4.12609341475491,2.66946128431378,6.09117852652011,25.0,6059.0,,Cannot be calculated,Similar,1000.0,"per 1,000",4.16609348978379,4.06985942209315,4.26402858590237,-0.040000075028879145,Value available,34157,33268,32242,99667,33222.333333333336,,Camden,133.0,42046.0,21.104777505589112,0.19319347857108882,19.85682347904676,32.59525281834182,Q3,Matched to IMD 2019 LAD
92196,Infant mortality rate,E07000192,Cannock Chase,District,<1 yr,Persons,2022 - 24,20220000,4.06641816333446,2.09878341005728,7.10364556205242,12.0,2951.0,Interpret with caution - see Notes section in Definitions for details,Cannot be calculated,Similar,1000.0,"per 1,000",4.16609348978379,4.06985942209315,4.26402858590237,-0.0996753264493293,Value available,19345,19645,19703,58693,19564.333333333332,,Cannock Chase,60.0,17812.0,21.403127947451157,0.17173607680215586,16.449584549741747,17.718392095216707,Q3,Matched to IMD 2019 LAD
92196,Infant mortality rate,E07000106,Canterbury,District,<1 yr,Persons,2022 - 24,20220000,3.52590181719555,1.87557389331723,6.02976051246296,13.0,3687.0,Interpret with caution - see Notes section in Definitions for details,Cannot be calculated,Similar,1000.0,"per 1,000",4.16609348978379,4.06985942209315,4.26402858590237,-0.6401916725882395,Value available,27472,28127,28625,84224,28074.666666666668,,Canterbury,90.0,25524.0,17.91611036671368,0.14727150916784204,15.365930104999217,17.93214229744554,Q3,Matched to IMD 2019 LAD
92196,Infant mortality rate,E07000069,Castle Point,District,<1 yr,Persons,2022 - 24,20220000,2.11237853823405,0.685883561520245,4.92958685226982,5.0,2367.0,Interpret with caution - see Notes section in Definitions for details,Cannot be calculated,Similar,1000.0,"per 1,000",4.16609348978379,4.06985942209315,4.26402858590237,-2.0537149515497397,Value available,16362,16579,16751,49692,16564.0,,Castle Point,57.0,14748.0,17.492683753729317,0.15430973691347977,10.618388934092758,15.134255492270139,Q2,Matched to IMD 2019 LAD
92196,Infant mortality rate,E06000056,Central Bedfordshire,UA,<1 yr,Persons,2022 - 24,20220000,3.569017073406,2.51258459674029,4.91956174334572,37.0,10367.0,,Cannot be calculated,Similar,1000.0,"per 1,000",4.16609348978379,4.06985942209315,4.26402858590237,-0.5970764163777895,Value available,62366,64440,66167,192973,64324.333333333336,,Central Bedfordshire,157.0,53268.0,12.744473417436359,0.11419828039348201,2.673274761582939,7.595554554329053,Q1 Least deprived,Matched to IMD 2019 LAD
92196,Infant mortality rate,E07000130,Charnwood,District,<1 yr,Persons,2022 - 24,20220000,5.3134962805526,3.43767607261577,7.844091539253,25.0,4705.0,,Cannot be calculated,Similar,1000.0,"per 1,000",4.16609348978379,4.06985942209315,4.26402858590237,1.14740279076881,Value available,33099,33532,33706,100337,33445.666666666664,,Charnwood,99.0,29526.0,13.672101910180858,0.12245349861139335,4.494343968028178,7.833773623247308,Q2,Matched to IMD 2019 LAD
92196,Infant mortality rate,E07000070,Chelmsford,District,<1 yr,Persons,2022 - 24,20220000,3.33148250971682,1.97343971161183,5.26545251016586,18.0,5403.0,Interpret with caution - see Notes section in Definitions for details,Cannot be calculated,Similar,1000.0,"per 1,000",4.16609348978379,4.06985942209315,4.26402858590237,-0.8346109800669694,Value available,36810,37520,38059,112389,37463.0,,Chelmsford,107.0,32257.0,12.510158260222589,0.10799469882506123,1.5035496171373655,6.125802151470999,Q1 Least deprived,Matched to IMD 2019 LAD
92196,Infant mortality rate,E07000078,Cheltenham,District,<1 yr,Persons,2022 - 24,20220000,2.25225225225225,0.905522217348735,4.64050043812818,7.0,3108.0,Interpret with caution - see Notes section in Definitions for details,Cannot be calculated,Similar,1000.0,"per 1,000",4.16609348978379,4.06985942209315,4.26402858590237,-1.9138412375315395,Value available,22181,22532,22874,67587,22529.0,,Cheltenham,75.0,20237.0,15.196766467361762,0.12986198547215497,13.717448238375253,18.530414587142364,Q3,Matched to IMD 2019 LAD
92196,Infant mortality rate,E07000177,Cherwell,District,<1 yr,Persons,2022 - 24,20220000,2.43719535058118,1.29644562142119,4.16792782329414,13.0,5334.0,Interpret with caution - see Notes section in Definitions for details,Cannot be calculated,Similar,1000.0,"per 1,000",4.16609348978379,4.06985942209315,4.26402858590237,-1.7288981392026095,Value available,32987,33905,34481,101373,33791.0,,Cherwell,93.0,28747.0,15.004353741259958,0.10469475075660069,7.799074686054197,4.226527985528925,Q2,Matched to IMD 2019 LAD
92196,Infant mortality rate,E06000049,Cheshire East,UA,<1 yr,Persons,2022 - 24,20220000,2.85083685856171,1.93665086047729,4.04667351342427,31.0,10874.0,,Cannot be calculated,Better,1000.0,"per 1,000",4.16609348978379,4.06985942209315,4.26402858590237,-1.3152566312220797,Value available,76223,77676,78801,232700,77566.66666666667,,Cheshire East,234.0,66190.0,15.511410364103341,0.10680793171173894,11.473032180087626,9.336757818401571,Q2,Matched to IMD 2019 LAD
92196,Infant mortality rate,E06000050,Cheshire West and Chester,UA,<1 yr,Persons,2022 - 24,20220000,3.31409022877913,2.25135144930832,4.70424714399994,31.0,9354.0,,Cannot be calculated,Similar,1000.0,"per 1,000",4.16609348978379,4.06985942209315,4.26402858590237,-0.8520032610046595,Value available,66892,67773,67998,202663,67554.33333333333,,Cheshire West and Chester,212.0,58586.0,19.6081066978459,0.14450245792510155,19.41419451746151,18.325197146075855,Q3,Matched to IMD 2019 LAD
92196,Infant mortality rate,E07000034,Chesterfield,District,<1 yr,Persons,2022 - 24,20220000,3.24675324675325,1.48462232950156,6.16334900844847,9.0,2772.0,Interpret with caution - see Notes section in Definitions for details,Cannot be calculated,Similar,1000.0,"per 1,000",4.16609348978379,4.06985942209315,4.26402858590237,-0.9193402430305397,Value available,18703,18839,18956,56498,18832.666666666668,,Chesterfield,69.0,17664.0,26.645765341938404,0.2019968863224638,34.18251811594203,34.06929347826087,Q4,Matched to IMD 2019 LAD
92196,Infant mortality rate,E07000225,Chichester,District,<1 yr,Persons,2022 - 24,20220000,4.60176991150442,2.44787290076482,7.86963787945166,13.0,2825.0,Interpret with caution - see Notes section in Definitions for details,Cannot be calculated,Similar,1000.0,"per 1,000",4.16609348978379,4.06985942209315,4.26402858590237,0.4356764217206308,Value available,21068,21345,21570,63983,21327.666666666668,,Chichester,71.0,19168.0,14.148247652337227,0.1073068656093489,,1.5338063439065108,nan,Matched to IMD 2019 LAD
92196,Infant mortality rate,E07000118,Chorley,District,<1 yr,Persons,2022 - 24,20220000,4.65580312603924,2.54324266710637,7.81210434937633,14.0,3007.0,Interpret with caution - see Notes section in Definitions for details,Cannot be calculated,Similar,1000.0,"per 1,000",4.16609348978379,4.06985942209315,4.26402858590237,0.4897096362554505,Value available,22777,22966,22941,68684,22894.666666666668,,Chorley,66.0,20656.0,17.75094258326878,0.120570100697134,12.829202168861348,7.392525174283501,Q3,Matched to IMD 2019 LAD
92196,Infant mortality rate,E09000001,City of London,UA,<1 yr,Persons,2022 - 24,20220000,,,,,,Value for Hackney and City of London combined,Cannot be calculated,Not compared,1000.0,"per 1,000",4.16609348978379,4.06985942209315,4.26402858590237,,Suppressed / unavailable,813,743,713,2269,756.3333333333334,,City of London,6.0,922.0,15.411652928416485,0.07064750542299347,,,nan,Matched to IMD 2019 LAD
92196,Infant mortality rate,E07000071,Colchester,District,<1 yr,Persons,2022 - 24,20220000,3.0446549391069,1.80353429665742,4.81211771184475,18.0,5912.0,Interpret with caution - see Notes section in Definitions for details,Cannot be calculated,Similar,1000.0,"per 1,000",4.16609348978379,4.06985942209315,4.26402858590237,-1.1214385506768894,Value available,39025,40097,40458,119580,39860.0,,Colchester,105.0,34370.0,17.515796188536513,0.1475142275240035,11.501309281350014,15.958684899621764,Q2,Matched to IMD 2019 LAD
92196,Infant mortality rate,E06000052,Cornwall,UA,<1 yr,Persons,2022 - 24,20220000,2.87177895063645,2.02172962701076,3.95848312583554,37.0,12884.0,Value for Cornwall and Isles of Scilly combined,Cannot be calculated,Better,1000.0,"per 1,000",4.16609348978379,4.06985942209315,4.26402858590237,-1.2943145391473396,Value available,100566,101109,101165,302840,100946.66666666667,,Cornwall,326.0,92802.0,23.737555440615505,0.16352660503006397,14.588047671386393,15.621430572616969,Q3,Matched to IMD 2019 LAD
92196,Infant mortality rate,E07000079,Cotswold,District,<1 yr,Persons,2022 - 24,20220000,4.50225112556278,2.05871590664249,8.54667506324121,9.0,1999.0,Interpret with caution - see Notes section in Definitions for details,Cannot be calculated,Similar,1000.0,"per 1,000",4.16609348978379,4.06985942209315,4.26402858590237,0.3361576357789904,Value available,15713,15863,15758,47334,15778.0,,Cotswold,51.0,13853.0,11.238167544936115,0.08319829639789217,,1.4870425178661661,nan,Matched to IMD 2019 LAD
92196,Infant mortality rate,E06000047,County Durham,UA,<1 yr,Persons,2022 - 24,20220000,4.65116279069767,3.56583147558609,5.96267975449641,62.0,13330.0,,Cannot be calculated,Similar,1000.0,"per 1,000",4.16609348978379,4.06985942209315,4.26402858590237,0.4850693009138807,Value available,94634,95164,95149,284947,94982.33333333333,,County Durham,324.0,88642.0,28.480849315223036,0.221608097741477,36.16682836578597,38.185059001376324,Q4,Matched to IMD 2019 LAD
92196,Infant mortality rate,E08000026,Coventry,UA,<1 yr,Persons,2022 - 24,20220000,6.13195977434388,4.82299234613451,7.68656697446306,75.0,12231.0,,Cannot be calculated,Worse,1000.0,"per 1,000",4.16609348978379,4.06985942209315,4.26402858590237,1.9658662845600903,Value available,73066,75044,76601,224711,74903.66666666667,,Coventry,195.0,67785.0,28.123808305672345,0.21823578962897394,32.74765803643874,39.28892822895921,Q4,Matched to IMD 2019 LAD
92196,Infant mortality rate,E07000226,Crawley,District,<1 yr,Persons,2022 - 24,20220000,3.48027842227378,1.94646496826312,5.74051771304855,15.0,4310.0,Interpret with caution - see Notes section in Definitions for details,Cannot be calculated,Similar,1000.0,"per 1,000",4.16609348978379,4.06985942209315,4.26402858590237,-0.6858150675100094,Value available,26857,27442,27503,81802,27267.333333333332,,Crawley,66.0,23832.0,19.32429019805304,0.15561602047667003,3.700906344410876,7.057737495803961,Q1 Least deprived,Matched to IMD 2019 LAD
92196,Infant mortality rate,E09000008,Croydon,UA,<1 yr,Persons,2022 - 24,20220000,2.56514108275955,1.8150174484403,3.52095540913829,38.0,14814.0,,Cannot be calculated,Better,1000.0,"per 1,000",4.16609348978379,4.06985942209315,4.26402858590237,-1.6009524070242396,Value available,85105,86016,86979,258100,86033.33333333333,,Croydon,220.0,83543.0,24.0888000311217,0.18491169816741082,21.787582442574482,24.46883640759848,Q3,Matched to IMD 2019 LAD
92196,Infant mortality rate,E06000063,Cumberland,UA,<1 yr,Persons,2022 - 24,20220000,3.6613942589338,2.36881457552097,5.40516266727964,25.0,6828.0,,Cannot be calculated,Similar,1000.0,"per 1,000",4.16609348978379,4.06985942209315,4.26402858590237,-0.5046992308499894,Value available,48988,49469,49833,148290,49430.0,,,,,,,,,,Unmatched: boundary/code change
92196,Infant mortality rate,E07000096,Dacorum,District,<1 yr,Persons,2022 - 24,20220000,3.14650934119961,1.79734688663532,5.11001734396485,16.0,5085.0,Interpret with caution - see Notes section in Definitions for details,Cannot be calculated,Similar,1000.0,"per 1,000",4.16609348978379,4.06985942209315,4.26402858590237,-1.0195841485841797,Value available,33466,34117,34596,102179,34059.666666666664,,Dacorum,94.0,30054.0,13.58810747321488,0.11889758434817328,3.6401144606375193,7.233646103680043,Q1 Least deprived,Matched to IMD 2019 LAD
92196,Infant mortality rate,E06000005,Darlington,UA,<1 yr,Persons,2022 - 24,20220000,4.79539641943734,2.68198977404541,7.90972869029388,15.0,3128.0,Interpret with caution - see Notes section in Definitions for details,Cannot be calculated,Similar,1000.0,"per 1,000",4.16609348978379,4.06985942209315,4.26402858590237,0.6293029296535506,Value available,21285,21473,21580,64338,21446.0,,Darlington,65.0,20107.0,27.220716815039538,0.20275217585915353,33.19242055005719,34.30646043666385,Q4,Matched to IMD 2019 LAD
92196,Infant mortality rate,E07000107,Dartford,District,<1 yr,Persons,2022 - 24,20220000,4.21940928270042,2.57625080904556,6.51685239856478,20.0,4740.0,,Cannot be calculated,Similar,1000.0,"per 1,000",4.16609348978379,4.06985942209315,4.26402858590237,0.05331579291663058,Value available,28138,28896,29825,86859,28953.0,,Dartford,58.0,21704.0,19.637081874308883,0.1369348507187615,11.799668263914485,9.058238112790269,Q2,Matched to IMD 2019 LAD
92196,Infant mortality rate,E06000015,Derby,UA,<1 yr,Persons,2022 - 24,20220000,5.26496509099233,3.85427117854407,7.02288756169285,46.0,8737.0,,Cannot be calculated,Similar,1000.0,"per 1,000",4.16609348978379,4.06985942209315,4.26402858590237,1.0988716012085407,Value available,56140,57003,57930,171073,57024.333333333336,,Derby,151.0,52758.0,28.579167330073165,0.21125108988210323,42.897759581485275,36.432389400659616,Q5 Most deprived,Matched to IMD 2019 LAD
92196,Infant mortality rate,E07000035,Derbyshire Dales,District,<1 yr,Persons,2022 - 24,20220000,3.147128245476,0.857486525276416,8.05789824972753,4.0,1271.0,Interpret with caution - see Notes section in Definitions for details,Cannot be calculated,Similar,1000.0,"per 1,000",4.16609348978379,4.06985942209315,4.26402858590237,-1.0189652443077897,Value available,11484,11501,11313,34298,11432.666666666666,,Derbyshire Dales,43.0,11092.0,12.383642084385142,0.08652217814641185,3.3627839884601514,3.3627839884601514,Q1 Least deprived,Matched to IMD 2019 LAD
92196,Infant mortality rate,E08000017,Doncaster,UA,<1 yr,Persons,2022 - 24,20220000,5.04270865493465,3.73032527042886,6.66687195692206,49.0,9717.0,,Cannot be calculated,Similar,1000.0,"per 1,000",4.16609348978379,4.06985942209315,4.26402858590237,0.8766151651508602,Value available,61608,62923,64368,188899,62966.333333333336,,Doncaster,194.0,58136.0,32.364333081051335,0.22719134443374156,46.843608091371955,40.467180404568595,Q5 Most deprived,Matched to IMD 2019 LAD
92196,Infant mortality rate,E06000059,Dorset,UA,<1 yr,Persons,2022 - 24,20220000,3.70272414705104,2.45988979451248,5.35166748943103,28.0,7562.0,,Cannot be calculated,Similar,1000.0,"per 1,000",4.16609348978379,4.06985942209315,4.26402858590237,-0.46336934273274943,Value available,63358,63721,64039,191118,63706.0,,Dorset,219.0,59548.0,16.26707530059784,0.1214526432457849,5.536709881104319,7.2378585342916635,Q2,Matched to IMD 2019 LAD
92196,Infant mortality rate,E07000108,Dover,District,<1 yr,Persons,2022 - 24,20220000,2.86898310487727,1.31188176518276,5.44622360580783,9.0,3137.0,Interpret with caution - see Notes section in Definitions for details,Cannot be calculated,Similar,1000.0,"per 1,000",4.16609348978379,4.06985942209315,4.26402858590237,-1.2971103849065195,Value available,21920,22210,22318,66448,22149.333333333332,,Dover,67.0,19902.0,24.268926891769674,0.19391433021806853,24.46487790171842,29.534720128630287,Q4,Matched to IMD 2019 LAD
92196,Infant mortality rate,E08000027,Dudley,UA,<1 yr,Persons,2022 - 24,20220000,4.24481737413623,3.0716851736452,5.71788267771413,43.0,10130.0,,Cannot be calculated,Similar,1000.0,"per 1,000",4.16609348978379,4.06985942209315,4.26402858590237,0.07872388435244027,Value available,65397,66334,67117,198848,66282.66666666667,,Dudley,201.0,60440.0,26.556122584381207,0.20620436796823297,33.72600926538716,36.35175380542687,Q4,Matched to IMD 2019 LAD
92196,Infant mortality rate,E09000009,Ealing,UA,<1 yr,Persons,2022 - 24,20220000,2.51721329680906,1.7429740907574,3.51766339664588,34.0,13507.0,,Cannot be calculated,Better,1000.0,"per 1,000",4.16609348978379,4.06985942209315,4.26402858590237,-1.6488801929747297,Value available,75695,75709,75229,226633,75544.33333333333,,Ealing,196.0,73491.0,23.46921402620729,0.16634930807854023,18.92884843042005,16.240083819787458,Q3,Matched to IMD 2019 LAD
92196,Infant mortality rate,E07000009,East Cambridgeshire,District,<1 yr,Persons,2022 - 24,20220000,3.2064128256513,1.38430147364669,6.31791151109952,8.0,2495.0,Interpret with caution - see Notes section in Definitions for details,Cannot be calculated,Similar,1000.0,"per 1,000",4.16609348978379,4.06985942209315,4.26402858590237,-0.9596806641324895,Value available,17683,18056,18244,53983,17994.333333333332,,East Cambridgeshire,50.0,17342.0,11.332953869219235,0.08252185445738668,,,nan,Matched to IMD 2019 LAD
92196,Infant mortality rate,E07000040,East Devon,District,<1 yr,Persons,2022 - 24,20220000,3.30231161813269,1.64625944114379,5.90910751010099,11.0,3331.0,Interpret with caution - see Notes section in Definitions for details,Cannot be calculated,Similar,1000.0,"per 1,000",4.16609348978379,4.06985942209315,4.26402858590237,-0.8637818716510997,Value available,25838,26398,26472,78708,26236.0,,East Devon,81.0,21667.0,13.219200858448332,0.10400512299810771,,3.263026722665805,nan,Matched to IMD 2019 LAD
92196,Infant mortality rate,E07000085,East Hampshire,District,<1 yr,Persons,2022 - 24,20220000,2.67201068804275,1.15358456137225,5.2649262592496,8.0,2994.0,Interpret with caution - see Notes section in Definitions for details,Cannot be calculated,Similar,1000.0,"per 1,000",4.16609348978379,4.06985942209315,4.26402858590237,-1.4940828017410395,Value available,24015,24421,24558,72994,24331.333333333332,,East Hampshire,72.0,21487.0,10.731262810071206,0.07684264904360776,,,nan,Matched to IMD 2019 LAD
92196,Infant mortality rate,E07000242,East Hertfordshire,District,<1 yr,Persons,2022 - 24,20220000,1.31752305665349,0.483507741214504,2.86769302207261,6.0,4554.0,Interpret with caution - see Notes section in Definitions for details,Cannot be calculated,Better,1000.0,"per 1,000",4.16609348978379,4.06985942209315,4.26402858590237,-2.8485704331302997,Value available,31515,32002,32528,96045,32015.0,,East Hertfordshire,84.0,28517.0,8.217294771539784,0.07548532454325489,,,nan,Matched to IMD 2019 LAD
92196,Infant mortality rate,E07000137,East Lindsey,District,<1 yr,Persons,2022 - 24,20220000,4.18118466898955,2.15801736692649,7.30413172599885,12.0,2870.0,Interpret with caution - see Notes section in Definitions for details,Cannot be calculated,Similar,1000.0,"per 1,000",4.16609348978379,4.06985942209315,4.26402858590237,0.015091179205760419,Value available,22596,22693,22341,67630,22543.333333333332,,East Lindsey,81.0,20901.0,29.61166642744366,0.21965274388785228,34.63470647337448,33.73044351944883,Q4,Matched to IMD 2019 LAD
92196,Infant mortality rate,E06000011,East Riding of Yorkshire,UA,<1 yr,Persons,2022 - 24,20220000,3.12337324310255,2.0006143805166,4.64752946798338,24.0,7684.0,,Cannot be calculated,Similar,1000.0,"per 1,000",4.16609348978379,4.06985942209315,4.26402858590237,-1.0427202466812395,Value available,59265,59761,60213,179239,59746.333333333336,,East Riding of Yorkshire,210.0,54925.0,16.213588074647244,0.11845953573054166,9.458352298588984,11.918070095584888,Q2,Matched to IMD 2019 LAD
92196,Infant mortality rate,E07000193,East Staffordshire,District,<1 yr,Persons,2022 - 24,20220000,4.86555697823303,2.92803599390291,7.59855218061924,19.0,3905.0,Interpret with caution - see Notes section in Definitions for details,Cannot be calculated,Similar,1000.0,"per 1,000",4.16609348978379,4.06985942209315,4.26402858590237,0.6994634884492408,Value available,25425,26128,26499,78052,26017.333333333332,,East Staffordshire,72.0,22389.0,20.706243065791234,0.1320036178480504,22.67184778239314,9.46446915896199,Q3,Matched to IMD 2019 LAD
92196,Infant mortality rate,E07000244,East Suffolk,District,<1 yr,Persons,2022 - 24,20220000,3.43118566526878,2.03249995460135,5.42303467640606,18.0,5246.0,Interpret with caution - see Notes section in Definitions for details,Cannot be calculated,Similar,1000.0,"per 1,000",4.16609348978379,4.06985942209315,4.26402858590237,-0.7349078245150094,Value available,42525,42373,42205,127103,42367.666666666664,,East Suffolk,146.0,41144.0,20.360467747423684,0.15035630954695703,15.06173439626677,16.349893058526153,Q3,Matched to IMD 2019 LAD
92196,Infant mortality rate,E07000061,Eastbourne,District,<1 yr,Persons,2022 - 24,20220000,3.32778702163062,1.43670223658424,6.55706706330837,8.0,2404.0,Interpret with caution - see Notes section in Definitions for details,Cannot be calculated,Similar,1000.0,"per 1,000",4.16609348978379,4.06985942209315,4.26402858590237,-0.8383064681531698,Value available,18504,18707,18623,55834,18611.333333333332,,Eastbourne,61.0,17492.0,23.124985993597075,0.19299422593185456,22.844729018980104,24.41115938714841,Q3,Matched to IMD 2019 LAD
92196,Infant mortality rate,E07000086,Eastleigh,District,<1 yr,Persons,2022 - 24,20220000,2.24831376467649,1.02807222017945,4.26799986295757,9.0,4003.0,Interpret with caution - see Notes section in Definitions for details,Cannot be calculated,Similar,1000.0,"per 1,000",4.16609348978379,4.06985942209315,4.26402858590237,-1.9177797251072994,Value available,28226,28759,28972,85957,28652.333333333332,,Eastleigh,77.0,24577.0,10.492850673393821,0.08448618627171747,1.875737478129959,2.8359848638971394,Q1 Least deprived,Matched to IMD 2019 LAD
92196,Infant mortality rate,E07000207,Elmbridge,District,<1 yr,Persons,2022 - 24,20220000,2.27100681302044,1.03844892691858,4.31107833747645,9.0,3963.0,Interpret with caution - see Notes section in Definitions for details,Cannot be calculated,Similar,1000.0,"per 1,000",4.16609348978379,4.06985942209315,4.26402858590237,-1.8950866767633494,Value available,32344,32280,32151,96775,32258.333333333332,,Elmbridge,81.0,29944.0,7.9263866550895,0.06927200774779588,,4.06759283996794,nan,Matched to IMD 2019 LAD
92196,Infant mortality rate,E09000010,Enfield,UA,<1 yr,Persons,2022 - 24,20220000,2.95778435063189,2.03567047756705,4.15396270693316,33.0,11157.0,,Cannot be calculated,Better,1000.0,"per 1,000",4.16609348978379,4.06985942209315,4.26402858590237,-1.2083091391518996,Value available,76684,76302,75446,228432,76144.0,,Enfield,183.0,74942.0,27.627728510047767,0.2247481652477916,36.93789864161619,45.93152037575725,Q4,Matched to IMD 2019 LAD
92196,Infant mortality rate,E07000072,Epping Forest,District,<1 yr,Persons,2022 - 24,20220000,1.40350877192982,0.515062983272714,3.05484772456577,6.0,4275.0,Interpret with caution - see Notes section in Definitions for details,Cannot be calculated,Better,1000.0,"per 1,000",4.16609348978379,4.06985942209315,4.26402858590237,-2.7625847178539695,Value available,26553,26971,27170,80694,26898.0,,Epping Forest,78.0,23983.0,15.47850110494934,0.12371892590584997,1.6094733769753575,4.874285952549723,Q1 Least deprived,Matched to IMD 2019 LAD
92196,Infant mortality rate,E07000208,Epsom and Ewell,District,<1 yr,Persons,2022 - 24,20220000,4.01606425702811,1.83640031119069,7.62374094217723,9.0,2241.0,Interpret with caution - see Notes section in Definitions for details,Cannot be calculated,Similar,1000.0,"per 1,000",4.16609348978379,4.06985942209315,4.26402858590237,-0.1500292327556796,Value available,17795,18097,18228,54120,18040.0,,Epsom and Ewell,44.0,15684.0,9.164620951287935,0.0727756312165264,,3.034940066309615,nan,Matched to IMD 2019 LAD
92196,Infant mortality rate,E07000036,Erewash,District,<1 yr,Persons,2022 - 24,20220000,5.13347022587269,2.87106913525464,8.46736185600248,15.0,2922.0,Interpret with caution - see Notes section in Definitions for details,Cannot be calculated,Similar,1000.0,"per 1,000",4.16609348978379,4.06985942209315,4.26402858590237,0.9673767360889007,Value available,20713,20822,20722,62257,20752.333333333332,,Erewash,73.0,20548.0,19.74623875802998,0.17127564726494063,16.220556745182012,24.07046914541561,Q3,Matched to IMD 2019 LAD
92196,Infant mortality rate,E07000041,Exeter,District,<1 yr,Persons,2022 - 24,20220000,2.50469630557295,1.08135008664637,4.93525022548319,8.0,3194.0,Interpret with caution - see Notes section in Definitions for details,Cannot be calculated,Similar,1000.0,"per 1,000",4.16609348978379,4.06985942209315,4.26402858590237,-1.6613971842108395,Value available,20804,20924,20992,62720,20906.666666666668,,Exeter,74.0,19498.0,17.352713611652483,0.13567068417273564,9.359934352241256,9.38557800800082,Q2,Matched to IMD 2019 LAD
92196,Infant mortality rate,E07000087,Fareham,District,<1 yr,Persons,2022 - 24,20220000,1.63398692810458,0.445206443474806,4.18365550465837,4.0,2448.0,Interpret with caution - see Notes section in Definitions for details,Cannot be calculated,Similar,1000.0,"per 1,000",4.16609348978379,4.06985942209315,4.26402858590237,-2.5321065616792096,Value available,20130,20100,20134,60364,20121.333333333332,,Fareham,73.0,19400.0,9.293139639175257,0.0763779381443299,,2.1907216494845363,nan,Matched to IMD 2019 LAD
92196,Infant mortality rate,E07000010,Fenland,District,<1 yr,Persons,2022 - 24,20220000,4.92449113591596,2.75419041799542,8.12266294919214,15.0,3046.0,Interpret with caution - see Notes section in Definitions for details,Cannot be calculated,Similar,1000.0,"per 1,000",4.16609348978379,4.06985942209315,4.26402858590237,0.7583976461321704,Value available,18872,19221,19510,57603,19201.0,,Fenland,55.0,17361.0,25.859638269684925,0.20052825298081906,18.973561430793158,18.449398076147688,Q3,Matched to IMD 2019 LAD
92196,Infant mortality rate,E07000112,Folkestone & Hythe,District,<1 yr,Persons,2022 - 24,20220000,3.21773328566321,1.47135255537302,6.10826008273835,9.0,2797.0,Interpret with caution - see Notes section in Definitions for details,Cannot be calculated,Similar,1000.0,"per 1,000",4.16609348978379,4.06985942209315,4.26402858590237,-0.9483602041205796,Value available,19556,19834,19879,59269,19756.333333333332,,Folkestone and Hythe,67.0,18758.0,25.152413530227108,0.2005323062160145,23.851156839748374,30.850836976223476,Q3,Matched to IMD 2019 LAD
92196,Infant mortality rate,E07000080,Forest of Dean,District,<1 yr,Persons,2022 - 24,20220000,4.03768506056528,1.8462867193263,7.66478396205436,9.0,2229.0,Interpret with caution - see Notes section in Definitions for details,Cannot be calculated,Similar,1000.0,"per 1,000",4.16609348978379,4.06985942209315,4.26402858590237,-0.12840842921850992,Value available,15321,15425,15721,46467,15489.0,,Forest of Dean,50.0,13806.0,18.418782268578877,0.14037309865275968,1.796320440388237,13.168187744458931,Q1 Least deprived,Matched to IMD 2019 LAD
92196,Infant mortality rate,E07000119,Fylde,District,<1 yr,Persons,2022 - 24,20220000,1.70551449687322,0.351718091469927,4.98423710616391,3.0,1759.0,Interpret with caution - see Notes section in Definitions for details,Cannot be calculated,Similar,1000.0,"per 1,000",4.16609348978379,4.06985942209315,4.26402858590237,-2.4605789929105697,Value available,13326,13386,13541,40253,13417.666666666666,,Fylde,51.0,12175.0,16.041912361396303,0.10883367556468172,6.431211498973306,2.2340862422997945,Q2,Matched to IMD 2019 LAD
92196,Infant mortality rate,E08000037,Gateshead,UA,<1 yr,Persons,2022 - 24,20220000,3.63834818992178,2.22147149988647,5.61940701640841,20.0,5497.0,,Cannot be calculated,Similar,1000.0,"per 1,000",4.16609348978379,4.06985942209315,4.26402858590237,-0.5277452998620094,Value available,37435,37938,38148,113521,37840.333333333336,,Gateshead,126.0,35134.0,29.718634029714806,0.2037988558091877,34.177719587863606,30.64552854784539,Q4,Matched to IMD 2019 LAD
92196,Infant mortality rate,E07000173,Gedling,District,<1 yr,Persons,2022 - 24,20220000,5.11345477788431,2.92090409668922,8.30439060212888,16.0,3129.0,Interpret with caution - see Notes section in Definitions for details,Cannot be calculated,Similar,1000.0,"per 1,000",4.16609348978379,4.06985942209315,4.26402858590237,0.9473612881005202,Value available,22275,22571,22683,67529,22509.666666666668,,Gedling,77.0,20658.0,15.749355358698807,0.13758190531513217,2.6236808984412816,12.16961951786233,Q1 Least deprived,Matched to IMD 2019 LAD
92196,Infant mortality rate,E07000081,Gloucester,District,<1 yr,Persons,2022 - 24,20220000,3.7497070541364,2.14190506644963,6.08962694962767,16.0,4267.0,Interpret with caution - see Notes section in Definitions for details,Cannot be calculated,Similar,1000.0,"per 1,000",4.16609348978379,4.06985942209315,4.26402858590237,-0.4163864356473894,Value available,27219,27588,27929,82736,27578.666666666668,,Gloucester,78.0,25411.0,22.438568061075912,0.174191491873598,27.535319349887843,23.9896107984731,Q4,Matched to IMD 2019 LAD
92196,Infant mortality rate,E07000088,Gosport,District,<1 yr,Persons,2022 - 24,20220000,3.61990950226244,1.56281998947896,7.13266480551734,8.0,2210.0,Interpret with caution - see Notes section in Definitions for details,Cannot be calculated,Similar,1000.0,"per 1,000",4.16609348978379,4.06985942209315,4.26402858590237,-0.5461839875213497,Value available,15716,15717,15609,47042,15680.666666666666,,Gosport,53.0,16004.0,21.884695638590355,0.15787534366408396,20.72606848287928,16.989502624343913,Q3,Matched to IMD 2019 LAD
92196,Infant mortality rate,E07000109,Gravesham,District,<1 yr,Persons,2022 - 24,20220000,3.07929176289453,1.58930198693329,5.37922967760244,12.0,3897.0,Interpret with caution - see Notes section in Definitions for details,Cannot be calculated,Similar,1000.0,"per 1,000",4.16609348978379,4.06985942209315,4.26402858590237,-1.0868017268892594,Value available,23984,24661,25044,73689,24563.0,,Gravesham,64.0,22008.0,23.342091603053433,0.17200536168665942,25.59978189749182,24.03217011995638,Q4,Matched to IMD 2019 LAD
92196,Infant mortality rate,E07000145,Great Yarmouth,District,<1 yr,Persons,2022 - 24,20220000,4.26687354538402,2.12711023989526,7.63508033985508,11.0,2578.0,Interpret with caution - see Notes section in Definitions for details,Cannot be calculated,Similar,1000.0,"per 1,000",4.16609348978379,4.06985942209315,4.26402858590237,0.10078005560023051,Value available,18171,18331,18402,54904,18301.333333333332,,Great Yarmouth,61.0,17361.0,35.98008691895628,0.2481906572202062,47.491503945625254,52.56609642301711,Q5 Most deprived,Matched to IMD 2019 LAD
92196,Infant mortality rate,E09000011,Greenwich,UA,<1 yr,Persons,2022 - 24,20220000,3.49811286016754,2.47516049721022,4.8015680227354,38.0,10863.0,,Cannot be calculated,Similar,1000.0,"per 1,000",4.16609348978379,4.06985942209315,4.26402858590237,-0.6679806296162494,Value available,61325,61077,60655,183057,61019.0,,Greenwich,151.0,60023.0,25.59034205221332,0.2124414974259867,24.680539126668112,30.216750245739135,Q4,Matched to IMD 2019 LAD
92196,Infant mortality rate,E07000209,Guildford,District,<1 yr,Persons,2022 - 24,20220000,4.08580183861083,2.33388889646082,6.63545408428531,16.0,3916.0,Interpret with caution - see Notes section in Definitions for details,Cannot be calculated,Similar,1000.0,"per 1,000",4.16609348978379,4.06985942209315,4.26402858590237,-0.08029165117295989,Value available,26979,27290,27464,81733,27244.333333333332,,Guildford,84.0,25984.0,9.705168026477834,0.08380765086206896,2.7516933497536944,4.148706896551724,Q1 Least deprived,Matched to IMD 2019 LAD
92196,Infant mortality rate,E09000012,Hackney,UA,<1 yr,Persons,2022 - 24,20220000,4.50661909679842,3.32254949962745,5.97525477484519,48.0,10651.0,Value for Hackney and City of London combined,Cannot be calculated,Similar,1000.0,"per 1,000",4.16609348978379,4.06985942209315,4.26402858590237,0.3405256070146301,Value available,51330,50850,49968,152148,50716.0,,Hackney,144.0,55620.0,33.1073645631068,0.24945212153901475,44.55411722402014,46.35023372887451,Q5 Most deprived,Matched to IMD 2019 LAD
92196,Infant mortality rate,E06000006,Halton,UA,<1 yr,Persons,2022 - 24,20220000,3.36794835812518,1.73828510891918,5.88348528027412,12.0,3563.0,Interpret with caution - see Notes section in Definitions for details,Cannot be calculated,Similar,1000.0,"per 1,000",4.16609348978379,4.06985942209315,4.26402858590237,-0.7981451316586097,Value available,26342,26516,26469,79327,26442.333333333332,,Halton,79.0,25195.0,34.54001250248066,0.23881964675530862,54.07422107561024,47.275253026394125,Q5 Most deprived,Matched to IMD 2019 LAD
92196,Infant mortality rate,E09000013,Hammersmith and Fulham,UA,<1 yr,Persons,2022 - 24,20220000,4.52034153691612,2.97822944436249,6.57711345524694,27.0,5973.0,,Cannot be calculated,Similar,1000.0,"per 1,000",4.16609348978379,4.06985942209315,4.26402858590237,0.35424804713233016,Value available,29615,29202,28816,87633,29211.0,,Hammersmith and Fulham,113.0,31402.0,22.89390774472963,0.18652582638048532,21.460416533978727,32.768613464110565,Q3,Matched to IMD 2019 LAD
92196,Infant mortality rate,E07000131,Harborough,District,<1 yr,Persons,2022 - 24,20220000,2.23630264629146,0.820683657655927,4.86748938595553,6.0,2683.0,Interpret with caution - see Notes section in Definitions for details,Cannot be calculated,Similar,1000.0,"per 1,000",4.16609348978379,4.06985942209315,4.26402858590237,-1.9297908434923294,Value available,19263,19667,19944,58874,19624.666666666668,,Harborough,47.0,16568.0,7.800987566393047,0.06732260985031388,,1.0140028971511348,nan,Matched to IMD 2019 LAD
92196,Infant mortality rate,E09000014,Haringey,UA,<1 yr,Persons,2022 - 24,20220000,2.70738574832142,1.75159908183422,3.996799945006,25.0,9234.0,,Cannot be calculated,Better,1000.0,"per 1,000",4.16609348978379,4.06985942209315,4.26402858590237,-1.4587077414623697,Value available,50371,49985,49457,149813,49937.666666666664,,Haringey,145.0,54139.0,28.948393782670532,0.2083391085908495,38.15179445501395,39.95825560132252,Q4,Matched to IMD 2019 LAD
92196,Infant mortality rate,E07000073,Harlow,District,<1 yr,Persons,2022 - 24,20220000,2.97056440723737,1.48087772034836,5.31548396331255,11.0,3703.0,Interpret with caution - see Notes section in Definitions for details,Cannot be calculated,Similar,1000.0,"per 1,000",4.16609348978379,4.06985942209315,4.26402858590237,-1.1955290825464195,Value available,21648,22284,22820,66752,22250.666666666668,,Harlow,54.0,18380.0,21.49708841131665,0.18594657236126225,2.8291621327529923,10.402611534276387,Q1 Least deprived,Matched to IMD 2019 LAD
92196,Infant mortality rate,E09000015,Harrow,UA,<1 yr,Persons,2022 - 24,20220000,4.49508676562827,3.25278808373676,6.05500225018233,43.0,9566.0,,Cannot be calculated,Similar,1000.0,"per 1,000",4.16609348978379,4.06985942209315,4.26402858590237,0.32899327584448024,Value available,55224,55613,55676,166513,55504.333333333336,,Harrow,137.0,50943.0,15.362554973205345,0.1228206230492904,1.4545668688534243,5.6631921951985555,Q1 Least deprived,Matched to IMD 2019 LAD
92196,Infant mortality rate,E07000089,Hart,District,<1 yr,Persons,2022 - 24,20220000,2.6748184944593,1.07541576290404,5.51114839958058,7.0,2617.0,Interpret with caution - see Notes section in Definitions for details,Cannot be calculated,Similar,1000.0,"per 1,000",4.16609348978379,4.06985942209315,4.26402858590237,-1.4912749953244897,Value available,20686,20739,20768,62193,20731.0,,Hart,57.0,18807.0,5.577831392566598,0.05542803211570161,,,nan,Matched to IMD 2019 LAD
92196,Infant mortality rate,E06000001,Hartlepool,UA,<1 yr,Persons,2022 - 24,20220000,5.18134715025907,2.830322242779,8.69392959976856,14.0,2702.0,Interpret with caution - see Notes section in Definitions for details,Cannot be calculated,Similar,1000.0,"per 1,000",4.16609348978379,4.06985942209315,4.26402858590237,1.0152536604752802,Value available,19229,19552,20013,58794,19598.0,,Hartlepool,58.0,17580.0,37.11760335608646,0.28320358361774745,58.57792946530148,60.21046643913538,Q5 Most deprived,Matched to IMD 2019 LAD
92196,Infant mortality rate,E07000062,Hastings,District,<1 yr,Persons,2022 - 24,20220000,3.58851674641148,1.64089836418594,6.81212258828516,9.0,2508.0,Interpret with caution - see Notes section in Definitions for details,Cannot be calculated,Similar,1000.0,"per 1,000",4.16609348978379,4.06985942209315,4.26402858590237,-0.5775767433723096,Value available,17210,17265,17072,51547,17182.333333333332,,Hastings,53.0,17090.0,35.403101170275015,0.2647258045640726,45.441778818022236,49.78349912229374,Q5 Most deprived,Matched to IMD 2019 LAD
92196,Infant mortality rate,E07000090,Havant,District,<1 yr,Persons,2022 - 24,20220000,3.85071090047393,2.04835336038525,6.58522719474257,13.0,3376.0,Interpret with caution - see Notes section in Definitions for details,Cannot be calculated,Similar,1000.0,"per 1,000",4.16609348978379,4.06985942209315,4.26402858590237,-0.31538258930985963,Value available,23001,23289,23481,69771,23257.0,,Havant,78.0,21677.0,24.956314388522397,0.18498565299626332,39.59496240254648,29.12303363011487,Q5 Most deprived,Matched to IMD 2019 LAD
92196,Infant mortality rate,E09000016,Havering,UA,<1 yr,Persons,2022 - 24,20220000,2.97619047619048,1.97722009206031,4.30158477413663,28.0,9408.0,,Cannot be calculated,Similar,1000.0,"per 1,000",4.16609348978379,4.06985942209315,4.26402858590237,-1.1899030135933097,Value available,56733,58133,59806,174672,58224.0,,Havering,150.0,48185.0,18.086519560029057,0.16001035591989207,9.137698453875688,17.13811352080523,Q2,Matched to IMD 2019 LAD
92196,Infant mortality rate,E06000019,Herefordshire,UA,<1 yr,Persons,2022 - 24,20220000,2.87229341581971,1.52789238724274,4.91200331627285,13.0,4526.0,Interpret with caution - see Notes section in Definitions for details,Cannot be calculated,Similar,1000.0,"per 1,000",4.16609348978379,4.06985942209315,4.26402858590237,-1.2938000739640794,Value available,32277,32473,32514,97264,32421.333333333332,,"Herefordshire, County of",116.0,31713.0,19.52836272191215,0.12405363730962066,9.82247028032668,7.996720587771576,Q2,Matched to IMD 2019 LAD
92196,Infant mortality rate,E07000098,Hertsmere,District,<1 yr,Persons,2022 - 24,20220000,2.48524386455421,1.07295190330802,4.89692116191156,8.0,3219.0,Interpret with caution - see Notes section in Definitions for details,Cannot be calculated,Similar,1000.0,"per 1,000",4.16609348978379,4.06985942209315,4.26402858590237,-1.6808496252295795,Value available,23313,23405,23363,70081,23360.333333333332,,Hertsmere,62.0,21332.0,14.336751500093758,0.10812225764110259,1.7204200262516407,4.926870429401838,Q1 Least deprived,Matched to IMD 2019 LAD
92196,Infant mortality rate,E07000037,High Peak,District,<1 yr,Persons,2022 - 24,20220000,4.55788514129444,2.18206468275641,8.38261559059092,10.0,2194.0,Interpret with caution - see Notes section in Definitions for details,Cannot be calculated,Similar,1000.0,"per 1,000",4.16609348978379,4.06985942209315,4.26402858590237,0.3917916515106503,Value available,16443,16485,16395,49323,16441.0,,High Peak,59.0,15709.0,16.517410847284996,0.12229766375962824,8.943917499522566,8.943917499522566,Q2,Matched to IMD 2019 LAD
92196,Infant mortality rate,E09000017,Hillingdon,UA,<1 yr,Persons,2022 - 24,20220000,3.55613028368221,2.58363932251042,4.77405429011866,44.0,12373.0,,Cannot be calculated,Similar,1000.0,"per 1,000",4.16609348978379,4.06985942209315,4.26402858590237,-0.6099632061015794,Value available,68125,69271,69786,207182,69060.66666666667,,Hillingdon,161.0,63455.0,19.488316665353402,0.1571852809077299,5.399101725632338,7.138917342998976,Q2,Matched to IMD 2019 LAD
92196,Infant mortality rate,E07000132,Hinckley and Bosworth,District,<1 yr,Persons,2022 - 24,20220000,6.2111801242236,3.73781646165114,9.7000151243276,19.0,3059.0,Interpret with caution - see Notes section in Definitions for details,Cannot be calculated,Similar,1000.0,"per 1,000",4.16609348978379,4.06985942209315,4.26402858590237,2.0450866344398104,Value available,21230,21372,21571,64173,21391.0,,Hinckley and Bosworth,66.0,19143.0,13.804535078096434,0.1096291072454683,1.1805882045656375,4.3044454892127675,Q1 Least deprived,Matched to IMD 2019 LAD
92196,Infant mortality rate,E07000227,Horsham,District,<1 yr,Persons,2022 - 24,20220000,1.86915887850467,0.751498812154838,3.85118167201666,7.0,3745.0,Interpret with caution - see Notes section in Definitions for details,Cannot be calculated,Better,1000.0,"per 1,000",4.16609348978379,4.06985942209315,4.26402858590237,-2.2969346112791196,Value available,28730,29125,29324,87179,29059.666666666668,,Horsham,81.0,25053.0,10.033516704586276,0.06617411088492396,,,nan,Matched to IMD 2019 LAD
92196,Infant mortality rate,E09000018,Hounslow,UA,<1 yr,Persons,2022 - 24,20220000,4.80769230769231,3.59035613410976,6.30477621210238,52.0,10816.0,,Cannot be calculated,Similar,1000.0,"per 1,000",4.16609348978379,4.06985942209315,4.26402858590237,0.6415988179085206,Value available,62281,62567,61747,186595,62198.333333333336,,Hounslow,142.0,56509.0,22.176300890123695,0.17034350280486293,9.373728078713125,14.325151745739618,Q2,Matched to IMD 2019 LAD
92196,Infant mortality rate,E07000011,Huntingdonshire,District,<1 yr,Persons,2022 - 24,20220000,2.71739130434783,1.48438095884877,4.55958807813949,14.0,5152.0,Interpret with caution - see Notes section in Definitions for details,Cannot be calculated,Similar,1000.0,"per 1,000",4.16609348978379,4.06985942209315,4.26402858590237,-1.4487021854359594,Value available,35462,36205,36873,108540,36180.0,,Huntingdonshire,105.0,32635.0,12.88136004289873,0.10653525356212655,2.49425463459476,3.7812164853684695,Q1 Least deprived,Matched to IMD 2019 LAD
92196,Infant mortality rate,E07000120,Hyndburn,District,<1 yr,Persons,2022 - 24,20220000,4.24178154825027,2.18929298093992,7.40998870753507,12.0,2829.0,Interpret with caution - see Notes section in Definitions for details,Cannot be calculated,Similar,1000.0,"per 1,000",4.16609348978379,4.06985942209315,4.26402858590237,0.07568805846648008,Value available,17891,18193,18332,54416,18138.666666666668,,Hyndburn,52.0,16469.0,37.95318416418726,0.21882676543809582,58.01809460197948,45.01791244155687,Q5 Most deprived,Matched to IMD 2019 LAD
92196,Infant mortality rate,E07000202,Ipswich,District,<1 yr,Persons,2022 - 24,20220000,4.73186119873817,2.92798479219845,7.23349262710159,21.0,4438.0,,Cannot be calculated,Similar,1000.0,"per 1,000",4.16609348978379,4.06985942209315,4.26402858590237,0.5657677089543807,Value available,29553,29854,30012,89419,29806.333333333332,,Ipswich,85.0,27246.0,26.95107509359172,0.19005244806577115,35.572194083535194,30.444835939220436,Q4,Matched to IMD 2019 LAD
92196,Infant mortality rate,E06000046,Isle of Wight,UA,<1 yr,Persons,2022 - 24,20220000,2.13675213675214,0.784150375174805,4.6508098370793,6.0,2808.0,Interpret with caution - see Notes section in Definitions for details,Cannot be calculated,Similar,1000.0,"per 1,000",4.16609348978379,4.06985942209315,4.26402858590237,-2.0293413530316498,Value available,22528,22428,22319,67275,22425.0,,Isle of Wight,89.0,22123.0,24.46815291777788,0.18008217691994757,17.904443339510916,21.502508701351534,Q3,Matched to IMD 2019 LAD
92196,Infant mortality rate,E06000053,Isles of Scilly,UA,<1 yr,Persons,2022 - 24,20220000,,,,,,Value for Cornwall and Isles of Scilly combined,Cannot be calculated,Not compared,1000.0,"per 1,000",4.16609348978379,4.06985942209315,4.26402858590237,,Suppressed / unavailable,339,360,319,1018,339.3333333333333,,Isles of Scilly,1.0,357.0,12.004999999999999,0.032,,,nan,Matched to IMD 2019 LAD
92196,Infant mortality rate,E09000019,Islington,UA,<1 yr,Persons,2022 - 24,20220000,2.14776632302406,1.20121191483592,3.54261617171238,15.0,6984.0,Interpret with caution - see Notes section in Definitions for details,Cannot be calculated,Better,1000.0,"per 1,000",4.16609348978379,4.06985942209315,4.26402858590237,-2.01832716675973,Value available,33717,33479,32809,100005,33335.0,,Islington,123.0,36201.0,28.674157896190717,0.27531800226513087,31.211844976658103,59.91270959365763,Q4,Matched to IMD 2019 LAD
92196,Infant mortality rate,E09000020,Kensington and Chelsea,UA,<1 yr,Persons,2022 - 24,20220000,1.74259397560368,0.700613156962875,3.59040959962718,7.0,4017.0,Interpret with caution - see Notes section in Definitions for details,Cannot be calculated,Better,1000.0,"per 1,000",4.16609348978379,4.06985942209315,4.26402858590237,-2.4234995141801097,Value available,21187,20815,20148,62150,20716.666666666668,,Kensington and Chelsea,103.0,25814.0,22.104818896722712,0.1288470597350275,23.58797551716123,19.97365770512125,Q3,Matched to IMD 2019 LAD
92196,Infant mortality rate,E07000146,King's Lynn and West Norfolk,District,<1 yr,Persons,2022 - 24,20220000,5.45738045738046,3.37692216938064,8.34257803510313,21.0,3848.0,,Cannot be calculated,Similar,1000.0,"per 1,000",4.16609348978379,4.06985942209315,4.26402858590237,1.2912869675966707,Value available,27256,27465,27323,82044,27348.0,,King's Lynn and West Norfolk,89.0,25817.0,24.580212495642407,0.15900689468179882,18.859666111476933,15.052097455165201,Q3,Matched to IMD 2019 LAD
92196,Infant mortality rate,E06000010,Kingston upon Hull,UA,<1 yr,Persons,2022 - 24,20220000,3.98191993112355,2.80326781257066,5.48871035226701,37.0,9292.0,,Cannot be calculated,Similar,1000.0,"per 1,000",4.16609348978379,4.06985942209315,4.26402858590237,-0.18417355866023977,Value available,56638,57748,58076,172462,57487.333333333336,,"Kingston upon Hull, City of",166.0,49893.0,43.1702931473353,0.29801958190527733,59.80398051830918,59.220732367265946,Q5 Most deprived,Matched to IMD 2019 LAD
92196,Infant mortality rate,E09000021,Kingston upon Thames,UA,<1 yr,Persons,2022 - 24,20220000,3.02480338777979,1.69172494720993,4.98923802041525,15.0,4959.0,Interpret with caution - see Notes section in Definitions for details,Cannot be calculated,Similar,1000.0,"per 1,000",4.16609348978379,4.06985942209315,4.26402858590237,-1.1412901020039996,Value available,34651,34685,34818,104154,34718.0,,Kingston upon Thames,98.0,33935.0,11.383715485486958,0.09956239870340357,1.2789155738912628,1.9537350817739796,Q1 Least deprived,Matched to IMD 2019 LAD
92196,Infant mortality rate,E08000034,Kirklees,UA,<1 yr,Persons,2022 - 24,20220000,6.59802784222738,5.31217585169027,8.10100161170759,91.0,13792.0,,Cannot be calculated,Worse,1000.0,"per 1,000",4.16609348978379,4.06985942209315,4.26402858590237,2.431934352443591,Value available,93263,93986,94185,281434,93811.33333333333,,Kirklees,259.0,87971.0,27.308930374782598,0.17712033511043412,36.64616748701277,21.192211069557015,Q4,Matched to IMD 2019 LAD
92196,Infant mortality rate,E08000011,Knowsley,UA,<1 yr,Persons,2022 - 24,20220000,3.23450134770889,1.91599187095035,5.11217249100201,18.0,5565.0,Interpret with caution - see Notes section in Definitions for details,Cannot be calculated,Similar,1000.0,"per 1,000",4.16609348978379,4.06985942209315,4.26402858590237,-0.9315921420748996,Value available,32746,33369,34063,100178,33392.666666666664,,Knowsley,98.0,28775.0,44.9647816159861,0.3026673501303215,66.75586446568201,57.32406602953953,Q5 Most deprived,Matched to IMD 2019 LAD
92196,Infant mortality rate,E09000022,Lambeth,UA,<1 yr,Persons,2022 - 24,20220000,3.72420734776044,2.62183840104747,5.13347726152643,37.0,9935.0,,Cannot be calculated,Similar,1000.0,"per 1,000",4.16609348978379,4.06985942209315,4.26402858590237,-0.44188614202334975,Value available,49699,48671,47176,145546,48515.333333333336,,Lambeth,178.0,56607.0,26.22598563781865,0.22878207642164397,21.792357835603372,39.70003709788542,Q3,Matched to IMD 2019 LAD
92196,Infant mortality rate,E07000121,Lancaster,District,<1 yr,Persons,2022 - 24,20220000,4.14479137883393,2.31811661044876,6.83659335264969,15.0,3619.0,Interpret with caution - see Notes section in Definitions for details,Cannot be calculated,Similar,1000.0,"per 1,000",4.16609348978379,4.06985942209315,4.26402858590237,-0.021302110949859454,Value available,24874,24929,24970,74773,24924.333333333332,,Lancaster,89.0,23592.0,26.655108553747034,0.17518853848762295,27.97558494404883,23.78772465242455,Q4,Matched to IMD 2019 LAD
92196,Infant mortality rate,E08000035,Leeds,UA,<1 yr,Persons,2022 - 24,20220000,5.21739130434783,4.36528482495917,6.18720149600737,132.0,25300.0,,Cannot be calculated,Worse,1000.0,"per 1,000",4.16609348978379,4.06985942209315,4.26402858590237,1.0512978145640401,Value available,162520,163850,164704,491074,163691.33333333334,,Leeds,482.0,145907.0,30.850416395375138,0.20277016181540294,41.97331176708451,35.277951023597225,Q5 Most deprived,Matched to IMD 2019 LAD
92196,Infant mortality rate,E06000016,Leicester,UA,<1 yr,Persons,2022 - 24,20220000,7.9078174423859,6.46767322585323,9.57297991000326,105.0,13278.0,,Cannot be calculated,Worse,1000.0,"per 1,000",4.16609348978379,4.06985942209315,4.26402858590237,3.7417239526021104,Value available,82856,83623,83796,250275,83425.0,,Leicester,192.0,73795.0,33.1890439460668,0.24241418795311334,41.104410867944985,42.65058608306796,Q5 Most deprived,Matched to IMD 2019 LAD
92196,Infant mortality rate,E07000063,Lewes,District,<1 yr,Persons,2022 - 24,20220000,2.24921277552856,0.730313265910221,5.24891231638447,5.0,2223.0,Interpret with caution - see Notes section in Definitions for details,Cannot be calculated,Similar,1000.0,"per 1,000",4.16609348978379,4.06985942209315,4.26402858590237,-1.9168807142552295,Value available,18098,18201,18103,54402,18134.0,,Lewes,62.0,17454.0,16.370715251518277,0.12770877735762573,3.9933539589778846,6.336656353844391,Q1 Least deprived,Matched to IMD 2019 LAD
92196,Infant mortality rate,E09000023,Lewisham,UA,<1 yr,Persons,2022 - 24,20220000,3.50372832629593,2.49119340247064,4.78984299151641,39.0,11131.0,,Cannot be calculated,Similar,1000.0,"per 1,000",4.16609348978379,4.06985942209315,4.26402858590237,-0.6623651634878596,Value available,59327,58204,57349,174880,58293.333333333336,,Lewisham,169.0,61194.0,27.458575170768377,0.22937051018073668,27.94718436448018,38.626335915285814,Q4,Matched to IMD 2019 LAD
92196,Infant mortality rate,E07000194,Lichfield,District,<1 yr,Persons,2022 - 24,20220000,3.2108455226543,1.46820303152991,6.09518496304644,9.0,2803.0,Interpret with caution - see Notes section in Definitions for details,Cannot be calculated,Similar,1000.0,"per 1,000",4.16609348978379,4.06985942209315,4.26402858590237,-0.9552479671294898,Value available,19516,19945,20117,59578,19859.333333333332,,Lichfield,58.0,17395.0,13.043626501868355,0.11187059499856279,5.248634665133659,8.70939925265881,Q2,Matched to IMD 2019 LAD
92196,Infant mortality rate,E07000138,Lincoln,District,<1 yr,Persons,2022 - 24,20220000,3.80754586362063,1.89812744840774,6.81316618765884,11.0,2889.0,Interpret with caution - see Notes section in Definitions for details,Cannot be calculated,Similar,1000.0,"per 1,000",4.16609348978379,4.06985942209315,4.26402858590237,-0.3585476261631597,Value available,17698,17735,17680,53113,17704.333333333332,,Lincoln,57.0,16127.0,29.792259440689527,0.23063328579401007,38.20921436100949,44.09995659453091,Q5 Most deprived,Matched to IMD 2019 LAD
92196,Infant mortality rate,E08000012,Liverpool,UA,<1 yr,Persons,2022 - 24,20220000,5.03051847877121,3.95667176776251,6.30588239752215,75.0,14909.0,,Cannot be calculated,Similar,1000.0,"per 1,000",4.16609348978379,4.06985942209315,4.26402858590237,0.8644249889874205,Value available,88216,89790,90705,268711,89570.33333333333,,Liverpool,298.0,81104.0,45.55675759518643,0.29920495906490435,68.99906293154469,63.39268100217005,Q5 Most deprived,Matched to IMD 2019 LAD
92196,Infant mortality rate,E06000032,Luton,UA,<1 yr,Persons,2022 - 24,20220000,5.67307692307692,4.31836017992035,7.31798438740583,59.0,10400.0,,Cannot be calculated,Worse,1000.0,"per 1,000",4.16609348978379,4.06985942209315,4.26402858590237,1.5069834332931302,Value available,55538,55955,56763,168256,56085.333333333336,,Luton,121.0,50578.0,26.806347028352246,0.1960949029222191,31.72921032860137,17.373166198742535,Q4,Matched to IMD 2019 LAD
92196,Infant mortality rate,E07000110,Maidstone,District,<1 yr,Persons,2022 - 24,20220000,4.82425913163336,3.20497702034862,6.97265843471355,28.0,5804.0,,Cannot be calculated,Similar,1000.0,"per 1,000",4.16609348978379,4.06985942209315,4.26402858590237,0.6581656418495703,Value available,37111,38059,39123,114293,38097.666666666664,,Maidstone,95.0,31688.0,17.484673409492547,0.13405345872254482,9.678742741731886,12.187578894218632,Q2,Matched to IMD 2019 LAD
92196,Infant mortality rate,E07000074,Maldon,District,<1 yr,Persons,2022 - 24,20220000,3.6036036036036,1.32245901110562,7.84352794145266,6.0,1665.0,Interpret with caution - see Notes section in Definitions for details,Cannot be calculated,Similar,1000.0,"per 1,000",4.16609348978379,4.06985942209315,4.26402858590237,-0.5624898861801895,Value available,11967,12026,12007,36000,12000.0,,Maldon,40.0,10421.0,14.345239516361195,0.11823078399385856,,6.15104116687458,nan,Matched to IMD 2019 LAD
92196,Infant mortality rate,E07000235,Malvern Hills,District,<1 yr,Persons,2022 - 24,20220000,7.51445086705202,3.9972491009599,12.8507092540179,13.0,1730.0,Interpret with caution - see Notes section in Definitions for details,Cannot be calculated,Similar,1000.0,"per 1,000",4.16609348978379,4.06985942209315,4.26402858590237,3.34835737726823,Value available,13866,14033,14126,42025,14008.333333333334,,Malvern Hills,45.0,12062.0,17.076743409053226,0.12849452827060187,7.063505223014426,13.24821754269607,Q2,Matched to IMD 2019 LAD
92196,Infant mortality rate,E08000003,Manchester,UA,<1 yr,Persons,2022 - 24,20220000,6.48967551622419,5.42977905956081,7.6959782619954,132.0,20340.0,,Cannot be calculated,Worse,1000.0,"per 1,000",4.16609348978379,4.06985942209315,4.26402858590237,2.3235820264404,Value available,120847,121648,121690,364185,121395.0,,Manchester,282.0,106195.0,44.25276200386083,0.29721928527708463,73.4723857055417,62.820283440839965,Q5 Most deprived,Matched to IMD 2019 LAD
92196,Infant mortality rate,E07000174,Mansfield,District,<1 yr,Persons,2022 - 24,20220000,5.02354788069074,2.86954754114304,8.15837933879474,16.0,3185.0,Interpret with caution - see Notes section in Definitions for details,Cannot be calculated,Similar,1000.0,"per 1,000",4.16609348978379,4.06985942209315,4.26402858590237,0.8574543909069501,Value available,21692,22236,22526,66454,22151.333333333332,,Mansfield,67.0,19488.0,29.89901898604269,0.21195894909688012,46.48501642036125,43.39593596059113,Q5 Most deprived,Matched to IMD 2019 LAD
92196,Infant mortality rate,E06000035,Medway,UA,<1 yr,Persons,2022 - 24,20220000,2.99772586313831,2.00720851625797,4.30539050973487,29.0,9674.0,,Cannot be calculated,Similar,1000.0,"per 1,000",4.16609348978379,4.06985942209315,4.26402858590237,-1.1683676266454794,Value available,61427,63099,64490,189016,63005.333333333336,,Medway,163.0,55993.0,25.251173843158966,0.18929575125462114,26.13898165842159,29.75550515242977,Q4,Matched to IMD 2019 LAD
92196,Infant mortality rate,E07000133,Melton,District,<1 yr,Persons,2022 - 24,20220000,3.12989045383412,0.852789807219347,8.01376265681041,4.0,1278.0,Interpret with caution - see Notes section in Definitions for details,Cannot be calculated,Similar,1000.0,"per 1,000",4.16609348978379,4.06985942209315,4.26402858590237,-1.0362030359496694,Value available,9517,9776,9898,29191,9730.333333333334,,Melton,30.0,9003.0,12.895006553371099,0.1063308897034322,,4.709541264023104,nan,Matched to IMD 2019 LAD
92196,Infant mortality rate,E09000024,Merton,UA,<1 yr,Persons,2022 - 24,20220000,3.37746554985139,2.1851210377813,4.9860106312058,25.0,7402.0,,Cannot be calculated,Similar,1000.0,"per 1,000",4.16609348978379,4.06985942209315,4.26402858590237,-0.7886279399323994,Value available,44302,44237,43585,132124,44041.333333333336,,Merton,124.0,42123.0,15.342790019704198,0.133870450822591,2.841677943166441,9.272843814543124,Q1 Least deprived,Matched to IMD 2019 LAD
92196,Infant mortality rate,E07000042,Mid Devon,District,<1 yr,Persons,2022 - 24,20220000,4.57084814626714,2.09008283259438,8.67689357613975,9.0,1969.0,Interpret with caution - see Notes section in Definitions for details,Cannot be calculated,Similar,1000.0,"per 1,000",4.16609348978379,4.06985942209315,4.26402858590237,0.40475465648335085,Value available,15991,16027,16028,48046,16015.333333333334,,Mid Devon,43.0,14622.0,17.202643072083163,0.11564409793461906,,,nan,Matched to IMD 2019 LAD
92196,Infant mortality rate,E07000203,Mid Suffolk,District,<1 yr,Persons,2022 - 24,20220000,4.39238653001464,2.26702410068778,7.67308127877624,12.0,2732.0,Interpret with caution - see Notes section in Definitions for details,Cannot be calculated,Similar,1000.0,"per 1,000",4.16609348978379,4.06985942209315,4.26402858590237,0.22629304023085073,Value available,18300,18763,19171,56234,18744.666666666668,,Mid Suffolk,56.0,17345.0,13.145083136350534,0.09820807149034304,2.1908330931104065,3.6437013548573076,Q1 Least deprived,Matched to IMD 2019 LAD
92196,Infant mortality rate,E07000228,Mid Sussex,District,<1 yr,Persons,2022 - 24,20220000,3.07759947241152,1.68114546053833,5.16399159784011,14.0,4549.0,Interpret with caution - see Notes section in Definitions for details,Cannot be calculated,Similar,1000.0,"per 1,000",4.16609348978379,4.06985942209315,4.26402858590237,-1.0884940173722697,Value available,31920,32753,33425,98098,32699.333333333332,,Mid Sussex,86.0,28255.0,8.066566625376039,0.06472585383118032,,,nan,Matched to IMD 2019 LAD
92196,Infant mortality rate,E06000002,Middlesbrough,UA,<1 yr,Persons,2022 - 24,20220000,5.63124432334242,3.82545712203997,7.99337471116721,31.0,5505.0,,Cannot be calculated,Similar,1000.0,"per 1,000",4.16609348978379,4.06985942209315,4.26402858590237,1.4651508335586305,Value available,32355,32822,32972,98149,32716.333333333332,,Middlesbrough,86.0,28622.0,43.626475124030456,0.32700384319754044,62.84326741667249,60.55481797218923,Q5 Most deprived,Matched to IMD 2019 LAD
92196,Infant mortality rate,E06000042,Milton Keynes,UA,<1 yr,Persons,2022 - 24,20220000,3.26350142120223,2.21698509915044,4.63243791819933,31.0,9499.0,,Cannot be calculated,Similar,1000.0,"per 1,000",4.16609348978379,4.06985942209315,4.26402858590237,-0.9025920685815594,Value available,67369,69083,69991,206443,68814.33333333333,,Milton Keynes,152.0,59903.0,19.128288165868153,0.15040732517570068,15.009264978381717,15.598550990768409,Q3,Matched to IMD 2019 LAD
92196,Infant mortality rate,E07000210,Mole Valley,District,<1 yr,Persons,2022 - 24,20220000,2.45218244237371,0.796216964256214,5.7225758113402,5.0,2039.0,Interpret with caution - see Notes section in Definitions for details,Cannot be calculated,Similar,1000.0,"per 1,000",4.16609348978379,4.06985942209315,4.26402858590237,-1.7139110474100794,Value available,16525,16689,16809,50023,16674.333333333332,,Mole Valley,54.0,15782.0,9.51052642250665,0.06428361424407553,,2.521860347231023,nan,Matched to IMD 2019 LAD
92196,Infant mortality rate,E07000091,New Forest,District,<1 yr,Persons,2022 - 24,20220000,3.45423143350604,1.78281803197439,6.03421360207735,12.0,3474.0,Interpret with caution - see Notes section in Definitions for details,Cannot be calculated,Similar,1000.0,"per 1,000",4.16609348978379,4.06985942209315,4.26402858590237,-0.7118620562777496,Value available,29130,28967,28665,86762,28920.666666666668,,New Forest,114.0,28753.0,13.966420477863176,0.1082725976419852,4.062184815497513,7.303585712795186,Q1 Least deprived,Matched to IMD 2019 LAD
92196,Infant mortality rate,E07000175,Newark and Sherwood,District,<1 yr,Persons,2022 - 24,20220000,3.98650720637841,2.12058906613328,6.8174569179549,13.0,3261.0,Interpret with caution - see Notes section in Definitions for details,Cannot be calculated,Similar,1000.0,"per 1,000",4.16609348978379,4.06985942209315,4.26402858590237,-0.17958628340537963,Value available,22987,23187,23328,69502,23167.333333333332,,Newark and Sherwood,70.0,21202.0,20.421431421564,0.15255461748891616,17.984152438449204,19.18215262711065,Q3,Matched to IMD 2019 LAD
92196,Infant mortality rate,E08000021,Newcastle upon Tyne,UA,<1 yr,Persons,2022 - 24,20220000,4.62300495321959,3.33150436850666,6.24911818827013,42.0,9085.0,,Cannot be calculated,Similar,1000.0,"per 1,000",4.16609348978379,4.06985942209315,4.26402858590237,0.4569114634358007,Value available,55013,56418,57098,168529,56176.333333333336,,Newcastle upon Tyne,175.0,50575.0,34.613074957983194,0.2467053484923381,50.254078101828966,49.8230350963915,Q5 Most deprived,Matched to IMD 2019 LAD
92196,Infant mortality rate,E07000195,Newcastle-under-Lyme,District,<1 yr,Persons,2022 - 24,20220000,4.04984423676012,2.15428066811857,6.92577165403456,13.0,3210.0,Interpret with caution - see Notes section in Definitions for details,Cannot be calculated,Similar,1000.0,"per 1,000",4.16609348978379,4.06985942209315,4.26402858590237,-0.1162492530236694,Value available,21787,21982,22200,65969,21989.666666666668,,Newcastle-under-Lyme,80.0,20964.0,20.612879746231634,0.1453634325510399,13.48979202442282,11.562678878076703,Q3,Matched to IMD 2019 LAD
92196,Infant mortality rate,E09000025,Newham,UA,<1 yr,Persons,2022 - 24,20220000,3.13064419024684,2.3379465350109,4.10550629199876,52.0,16610.0,,Cannot be calculated,Better,1000.0,"per 1,000",4.16609348978379,4.06985942209315,4.26402858590237,-1.0354492995369498,Value available,77908,77658,76629,232195,77398.33333333333,,Newham,164.0,75869.0,29.938514716155478,0.20146713413910822,26.56025517668613,18.257786447692734,Q4,Matched to IMD 2019 LAD
92196,Infant mortality rate,E07000043,North Devon,District,<1 yr,Persons,2022 - 24,20220000,3.06211723534558,1.23112994379697,6.30913182926613,7.0,2286.0,Interpret with caution - see Notes section in Definitions for details,Cannot be calculated,Similar,1000.0,"per 1,000",4.16609348978379,4.06985942209315,4.26402858590237,-1.1039762544382095,Value available,17969,17985,17979,53933,17977.666666666668,,North Devon,58.0,16050.0,21.002936760124612,0.1322699065420561,13.42056074766355,9.28348909657321,Q3,Matched to IMD 2019 LAD
92196,Infant mortality rate,E07000038,North East Derbyshire,District,<1 yr,Persons,2022 - 24,20220000,2.20507166482911,0.809222437887119,4.79951268743796,6.0,2721.0,Interpret with caution - see Notes section in Definitions for details,Cannot be calculated,Similar,1000.0,"per 1,000",4.16609348978379,4.06985942209315,4.26402858590237,-1.9610218249546794,Value available,18303,18642,19009,55954,18651.333333333332,,North East Derbyshire,63.0,16050.0,18.469692336448595,0.14530342679127728,12.024922118380061,17.29595015576324,Q2,Matched to IMD 2019 LAD
92196,Infant mortality rate,E06000012,North East Lincolnshire,UA,<1 yr,Persons,2022 - 24,20220000,2.73410799726589,1.41114373275895,4.77622648749526,12.0,4389.0,Interpret with caution - see Notes section in Definitions for details,Cannot be calculated,Similar,1000.0,"per 1,000",4.16609348978379,4.06985942209315,4.26402858590237,-1.4319854925178994,Value available,31594,31721,31808,95123,31707.666666666668,,North East Lincolnshire,106.0,30450.0,34.930807159277514,0.27356078817733986,44.57799671592775,45.68144499178982,Q5 Most deprived,Matched to IMD 2019 LAD
92196,Infant mortality rate,E07000099,North Hertfordshire,District,<1 yr,Persons,2022 - 24,20220000,3.09278350515464,1.59626542347398,5.40279846742698,12.0,3880.0,Interpret with caution - see Notes section in Definitions for details,Cannot be calculated,Similar,1000.0,"per 1,000",4.16609348978379,4.06985942209315,4.26402858590237,-1.0733099846291494,Value available,27174,27368,27581,82123,27374.333333333332,,North Hertfordshire,82.0,25706.0,12.035863572706761,0.1059639772815685,1.9489613319847507,5.173889364350735,Q1 Least deprived,Matched to IMD 2019 LAD
92196,Infant mortality rate,E07000139,North Kesteven,District,<1 yr,Persons,2022 - 24,20220000,3.72995151063036,1.78569560386705,6.85992488092371,10.0,2681.0,Interpret with caution - see Notes section in Definitions for details,Cannot be calculated,Similar,1000.0,"per 1,000",4.16609348978379,4.06985942209315,4.26402858590237,-0.43614197915342956,Value available,21812,21916,22119,65847,21949.0,,North Kesteven,64.0,19422.0,11.58736952939965,0.10130285243538255,,3.5063330244053135,nan,Matched to IMD 2019 LAD
92196,Infant mortality rate,E06000013,North Lincolnshire,UA,<1 yr,Persons,2022 - 24,20220000,6.60647434485796,4.45649396460392,9.4314846822283,30.0,4541.0,,Cannot be calculated,Worse,1000.0,"per 1,000",4.16609348978379,4.06985942209315,4.26402858590237,2.440380855074171,Value available,32687,32722,32771,98180,32726.666666666668,,North Lincolnshire,101.0,31477.0,24.236133430758965,0.18268017917844773,26.654382565047495,28.983067001302537,Q4,Matched to IMD 2019 LAD
92196,Infant mortality rate,E07000147,North Norfolk,District,<1 yr,Persons,2022 - 24,20220000,2.27272727272727,0.619241689560412,5.81908447466119,4.0,1760.0,Interpret with caution - see Notes section in Definitions for details,Cannot be calculated,Similar,1000.0,"per 1,000",4.16609348978379,4.06985942209315,4.26402858590237,-1.8933662170565198,Value available,15016,14998,14877,44891,14963.666666666666,,North Norfolk,62.0,14450.0,21.294437024221452,0.1358948096885813,2.9204152249134947,2.207612456747405,Q1 Least deprived,Matched to IMD 2019 LAD
92196,Infant mortality rate,E06000061,North Northamptonshire,UA,<1 yr,Persons,2022 - 24,20220000,4.8829924451815,3.65744187419687,6.38720072121109,53.0,10854.0,,Cannot be calculated,Similar,1000.0,"per 1,000",4.16609348978379,4.06985942209315,4.26402858590237,0.7168989553977108,Value available,75960,77254,78590,231804,77268.0,,,,,,,,,,Unmatched: boundary/code change
92196,Infant mortality rate,E06000024,North Somerset,UA,<1 yr,Persons,2022 - 24,20220000,2.35763511062749,1.25412421919852,4.03186924364362,13.0,5514.0,Interpret with caution - see Notes section in Definitions for details,Cannot be calculated,Better,1000.0,"per 1,000",4.16609348978379,4.06985942209315,4.26402858590237,-1.8084583791562996,Value available,41284,41853,42149,125286,41762.0,,North Somerset,135.0,37919.0,15.81648817215644,0.12436554234025159,10.430127376776813,12.05464279121285,Q2,Matched to IMD 2019 LAD
92196,Infant mortality rate,E08000022,North Tyneside,UA,<1 yr,Persons,2022 - 24,20220000,3.25673964175864,1.92916496505133,5.14732041115002,18.0,5527.0,Interpret with caution - see Notes section in Definitions for details,Cannot be calculated,Similar,1000.0,"per 1,000",4.16609348978379,4.06985942209315,4.26402858590237,-0.9093538480251495,Value available,40057,40278,40262,120597,40199.0,,North Tyneside,131.0,35936.0,23.494828667631342,0.17917586821015136,23.51680765805877,30.860418521816563,Q3,Matched to IMD 2019 LAD
92196,Infant mortality rate,E07000218,North Warwickshire,District,<1 yr,Persons,2022 - 24,20220000,2.15749730312837,0.587845401092948,5.52404998673339,4.0,1854.0,Interpret with caution - see Notes section in Definitions for details,Cannot be calculated,Similar,1000.0,"per 1,000",4.16609348978379,4.06985942209315,4.26402858590237,-2.0085961866554194,Value available,12188,12277,12486,36951,12317.0,,North Warwickshire,38.0,10788.0,18.506616981831662,0.1293913607712273,6.609195402298851,6.173526140155729,Q2,Matched to IMD 2019 LAD
92196,Infant mortality rate,E07000134,North West Leicestershire,District,<1 yr,Persons,2022 - 24,20220000,3.64842454394693,1.81880271922056,6.52843685444325,11.0,3015.0,Interpret with caution - see Notes section in Definitions for details,Cannot be calculated,Similar,1000.0,"per 1,000",4.16609348978379,4.06985942209315,4.26402858590237,-0.5176689458368595,Value available,20407,20884,21165,62456,20818.666666666668,,North West Leicestershire,58.0,17771.0,15.227526081818691,0.12292150132237917,4.361037645602386,5.756569692195149,Q2,Matched to IMD 2019 LAD
92196,Infant mortality rate,E06000065,North Yorkshire UA,UA,<1 yr,Persons,2022 - 24,20220000,3.71517027863777,2.79076233662705,4.84758528145061,54.0,14535.0,,Cannot be calculated,Similar,1000.0,"per 1,000",4.16609348978379,4.06985942209315,4.26402858590237,-0.45092321114601974,Value available,109214,109388,110117,328719,109573.0,,,,,,,,,,Unmatched: boundary/code change
92196,Infant mortality rate,E06000057,Northumberland,UA,<1 yr,Persons,2022 - 24,20220000,3.28497125650151,2.10412276209822,4.88798472926147,24.0,7306.0,,Cannot be calculated,Similar,1000.0,"per 1,000",4.16609348978379,4.06985942209315,4.26402858590237,-0.8811222332822797,Value available,55996,56299,56363,168658,56219.333333333336,,Northumberland,197.0,52078.0,23.764028322900263,0.1737438649717731,25.486769845232153,25.429163946388112,Q4,Matched to IMD 2019 LAD
92196,Infant mortality rate,E07000148,Norwich,District,<1 yr,Persons,2022 - 24,20220000,4.39163006974942,2.55682694631632,7.03180299790867,17.0,3871.0,Interpret with caution - see Notes section in Definitions for details,Cannot be calculated,Similar,1000.0,"per 1,000",4.16609348978379,4.06985942209315,4.26402858590237,0.22553657996563015,Value available,24260,24377,24465,73102,24367.333333333332,,Norwich,83.0,23476.0,30.565758263758735,0.2382209064576589,48.07888907820753,47.985176350315214,Q5 Most deprived,Matched to IMD 2019 LAD
92196,Infant mortality rate,E06000018,Nottingham,UA,<1 yr,Persons,2022 - 24,20220000,5.21345662010624,3.90496499139611,6.81946455125173,53.0,10166.0,,Cannot be calculated,Similar,1000.0,"per 1,000",4.16609348978379,4.06985942209315,4.26402858590237,1.0473631303224504,Value available,62537,63089,63338,188964,62988.0,,Nottingham,182.0,59185.0,38.72189744022979,0.297920621779167,66.27354904114218,68.21322970347217,Q5 Most deprived,Matched to IMD 2019 LAD
92196,Infant mortality rate,E07000219,Nuneaton and Bedworth,District,<1 yr,Persons,2022 - 24,20220000,4.29184549356223,2.58278304860873,6.70258555801177,19.0,4427.0,Interpret with caution - see Notes section in Definitions for details,Cannot be calculated,Similar,1000.0,"per 1,000",4.16609348978379,4.06985942209315,4.26402858590237,0.1257520037784401,Value available,27550,28455,29329,85334,28444.666666666668,,Nuneaton and Bedworth,81.0,24191.0,25.060994667438305,0.18774486379231944,25.4681493117275,23.07469720143855,Q4,Matched to IMD 2019 LAD
92196,Infant mortality rate,E07000135,Oadby and Wigston,District,<1 yr,Persons,2022 - 24,20220000,3.07314074984634,0.997840436458771,7.17168535914116,5.0,1627.0,Interpret with caution - see Notes section in Definitions for details,Cannot be calculated,Similar,1000.0,"per 1,000",4.16609348978379,4.06985942209315,4.26402858590237,-1.0929527399374495,Value available,11700,12073,12523,36296,12098.666666666666,,Oadby and Wigston,36.0,9673.0,13.506839760157138,0.11794830972810914,,3.3391915641476273,nan,Matched to IMD 2019 LAD
92196,Infant mortality rate,E08000004,Oldham,UA,<1 yr,Persons,2022 - 24,20220000,6.21783876500858,4.72118533948658,8.03814234456725,58.0,9328.0,,Cannot be calculated,Worse,1000.0,"per 1,000",4.16609348978379,4.06985942209315,4.26402858590237,2.05174527522479,Value available,59157,59606,60170,178933,59644.333333333336,,Oldham,141.0,52119.0,36.83009061954374,0.23323166215775443,59.46008173602717,45.54577025652833,Q5 Most deprived,Matched to IMD 2019 LAD
92196,Infant mortality rate,E07000178,Oxford,District,<1 yr,Persons,2022 - 24,20220000,3.71660859465738,2.12299858734973,6.03587414496196,16.0,4305.0,Interpret with caution - see Notes section in Definitions for details,Cannot be calculated,Similar,1000.0,"per 1,000",4.16609348978379,4.06985942209315,4.26402858590237,-0.44948489512640943,Value available,27411,27741,27791,82943,27647.666666666668,,Oxford,83.0,26826.0,18.294969879967198,0.15798397077462162,14.985461865354507,18.668455975546113,Q3,Matched to IMD 2019 LAD
92196,Infant mortality rate,E07000122,Pendle,District,<1 yr,Persons,2022 - 24,20220000,3.89922015596881,2.0741574519078,6.66818446594209,13.0,3334.0,Interpret with caution - see Notes section in Definitions for details,Cannot be calculated,Similar,1000.0,"per 1,000",4.16609348978379,4.06985942209315,4.26402858590237,-0.2668733338149796,Value available,21905,22194,22577,66676,22225.333333333332,,Pendle,57.0,18766.0,33.67015970371949,0.18372988383246297,48.662474688266016,25.18384312053714,Q5 Most deprived,Matched to IMD 2019 LAD
92196,Infant mortality rate,E06000031,Peterborough,UA,<1 yr,Persons,2022 - 24,20220000,7.4016361511492,5.60558377679695,9.5898531722791,57.0,7701.0,,Cannot be calculated,Worse,1000.0,"per 1,000",4.16609348978379,4.06985942209315,4.26402858590237,3.23554266136541,Value available,51778,52958,53653,158389,52796.333333333336,,Peterborough,112.0,43096.0,29.27529886764433,0.20819055132726935,46.106367180248746,32.655002784481155,Q5 Most deprived,Matched to IMD 2019 LAD
92196,Infant mortality rate,E06000026,Plymouth,UA,<1 yr,Persons,2022 - 24,20220000,3.23989294266798,2.05315828688742,4.86164393336356,23.0,7099.0,,Cannot be calculated,Similar,1000.0,"per 1,000",4.16609348978379,4.06985942209315,4.26402858590237,-0.9262005471158097,Value available,49197,49498,49307,148002,49334.0,,Plymouth,161.0,46259.0,27.87194262738062,0.20251209494368666,33.44646447177846,32.423960742774376,Q4,Matched to IMD 2019 LAD
92196,Infant mortality rate,E06000044,Portsmouth,UA,<1 yr,Persons,2022 - 24,20220000,3.63578880809358,2.30404215596171,5.45570823315649,23.0,6326.0,,Cannot be calculated,Similar,1000.0,"per 1,000",4.16609348978379,4.06985942209315,4.26402858590237,-0.5303046816902097,Value available,39544,39857,40005,119406,39802.0,,Portsmouth,125.0,39325.0,28.7917520661157,0.20188381436745073,30.011443102352192,29.149396058486968,Q4,Matched to IMD 2019 LAD
92196,Infant mortality rate,E07000123,Preston,District,<1 yr,Persons,2022 - 24,20220000,4.6633090841261,3.01702404806141,6.88424747102879,25.0,5361.0,,Cannot be calculated,Similar,1000.0,"per 1,000",4.16609348978379,4.06985942209315,4.26402858590237,0.4972155943423102,Value available,31719,32675,33636,98030,32676.666666666668,,Preston,86.0,27607.0,31.356312348317456,0.20441902416053895,49.574383308581154,44.23153548013185,Q5 Most deprived,Matched to IMD 2019 LAD
92196,Infant mortality rate,E06000038,Reading,UA,<1 yr,Persons,2022 - 24,20220000,3.48547717842324,2.15674630834468,5.32817266042769,21.0,6025.0,,Cannot be calculated,Similar,1000.0,"per 1,000",4.16609348978379,4.06985942209315,4.26402858590237,-0.6806163113605495,Value available,34921,35359,35812,106092,35364.0,,Reading,97.0,33203.0,20.803721049302773,0.15963864711020087,11.85435051049604,18.236303948438394,Q2,Matched to IMD 2019 LAD
92196,Infant mortality rate,E09000026,Redbridge,UA,<1 yr,Persons,2022 - 24,20220000,3.06989924433249,2.18273565514016,4.1967681311846,39.0,12704.0,,Cannot be calculated,Similar,1000.0,"per 1,000",4.16609348978379,4.06985942209315,4.26402858590237,-1.0961942454512994,Value available,72181,72159,72166,216506,72168.66666666667,,Redbridge,161.0,67762.0,17.9349034562144,0.13715398010684454,4.351996694312446,3.4060387827986185,Q2,Matched to IMD 2019 LAD
92196,Infant mortality rate,E06000003,Redcar and Cleveland,UA,<1 yr,Persons,2022 - 24,20220000,4.42477876106195,2.52751905933091,7.18596188995057,16.0,3616.0,Interpret with caution - see Notes section in Definitions for details,Cannot be calculated,Similar,1000.0,"per 1,000",4.16609348978379,4.06985942209315,4.26402858590237,0.25868527127816066,Value available,25904,26184,26251,78339,26113.0,,Redcar and Cleveland,88.0,24210.0,32.46137930607187,0.25589475423378766,41.28046261875258,43.76290788930194,Q5 Most deprived,Matched to IMD 2019 LAD
92196,Infant mortality rate,E07000236,Redditch,District,<1 yr,Persons,2022 - 24,20220000,4.51977401129944,2.33277206895632,7.89561508610799,12.0,2655.0,Interpret with caution - see Notes section in Definitions for details,Cannot be calculated,Similar,1000.0,"per 1,000",4.16609348978379,4.06985942209315,4.26402858590237,0.35368052151565,Value available,17892,17778,17764,53434,17811.333333333332,,Redditch,55.0,16734.0,24.541720150591615,0.16360631050555757,31.474841639775306,25.863511413887892,Q4,Matched to IMD 2019 LAD
92196,Infant mortality rate,E07000211,Reigate and Banstead,District,<1 yr,Persons,2022 - 24,20220000,1.89793336145086,0.867855988481302,3.60286871603104,9.0,4742.0,Interpret with caution - see Notes section in Definitions for details,Cannot be calculated,Better,1000.0,"per 1,000",4.16609348978379,4.06985942209315,4.26402858590237,-2.2681601283329296,Value available,32986,33653,33827,100466,33488.666666666664,,Reigate and Banstead,86.0,28901.0,11.529202172935191,0.09080353620981974,1.2110307601813086,3.7334348292446626,Q1 Least deprived,Matched to IMD 2019 LAD
92196,Infant mortality rate,E07000124,Ribble Valley,District,<1 yr,Persons,2022 - 24,20220000,4.23131170662906,1.55281682192585,9.20978421898356,6.0,1418.0,Interpret with caution - see Notes section in Definitions for details,Cannot be calculated,Similar,1000.0,"per 1,000",4.16609348978379,4.06985942209315,4.26402858590237,0.0652182168452704,Value available,11502,11851,11834,35187,11729.0,,Ribble Valley,40.0,10242.0,10.65044639718805,0.05794669009958992,,,nan,Matched to IMD 2019 LAD
92196,Infant mortality rate,E09000027,Richmond upon Thames,UA,<1 yr,Persons,2022 - 24,20220000,1.53256704980843,0.66165367370661,3.01976804984546,8.0,5220.0,Interpret with caution - see Notes section in Definitions for details,Cannot be calculated,Better,1000.0,"per 1,000",4.16609348978379,4.06985942209315,4.26402858590237,-2.6335264399753595,Value available,41886,42009,41609,125504,41834.666666666664,,Richmond upon Thames,115.0,40300.0,9.474932332506203,0.07024669975186104,0.7096774193548387,1.6054590570719602,Q1 Least deprived,Matched to IMD 2019 LAD
92196,Infant mortality rate,E08000005,Rochdale,UA,<1 yr,Persons,2022 - 24,20220000,3.82338431179082,2.59732874405896,5.42717412246861,31.0,8108.0,,Cannot be calculated,Similar,1000.0,"per 1,000",4.16609348978379,4.06985942209315,4.26402858590237,-0.3427091779929694,Value available,52741,53753,54755,161249,53749.666666666664,,Rochdale,134.0,45185.0,36.932583401571314,0.23503941573531043,54.327763638375565,47.577735974327766,Q5 Most deprived,Matched to IMD 2019 LAD
92196,Infant mortality rate,E07000075,Rochford,District,<1 yr,Persons,2022 - 24,20220000,5.0251256281407,2.59359708671651,8.77841627035875,12.0,2388.0,Interpret with caution - see Notes section in Definitions for details,Cannot be calculated,Similar,1000.0,"per 1,000",4.16609348978379,4.06985942209315,4.26402858590237,0.8590321383569108,Value available,16519,16974,17228,50721,16907.0,,Rochford,53.0,14672.0,10.747563181570339,0.09606127317339151,2.712649945474373,5.200381679389313,Q1 Least deprived,Matched to IMD 2019 LAD
92196,Infant mortality rate,E07000125,Rossendale,District,<1 yr,Persons,2022 - 24,20220000,7.38188976377953,4.12857480965258,12.175999676791,15.0,2032.0,Interpret with caution - see Notes section in Definitions for details,Cannot be calculated,Similar,1000.0,"per 1,000",4.16609348978379,4.06985942209315,4.26402858590237,3.215796273995741,Value available,14637,14735,14876,44248,14749.333333333334,,Rossendale,43.0,13636.0,25.1762593135817,0.1754419184511587,24.163977706072163,20.34320915224406,Q4,Matched to IMD 2019 LAD
92196,Infant mortality rate,E07000064,Rother,District,<1 yr,Persons,2022 - 24,20220000,3.65535248041775,1.46964128016703,7.53142316537983,7.0,1915.0,Interpret with caution - see Notes section in Definitions for details,Cannot be calculated,Similar,1000.0,"per 1,000",4.16609348978379,4.06985942209315,4.26402858590237,-0.5107410093660394,Value available,15068,15248,15503,45819,15273.0,,Rother,58.0,14118.0,21.085585706190674,0.16012296359257686,13.33758322708599,14.640883977900552,Q3,Matched to IMD 2019 LAD
92196,Infant mortality rate,E08000018,Rotherham,UA,<1 yr,Persons,2022 - 24,20220000,3.85170919595571,2.63411145466173,5.43764440403229,32.0,8308.0,,Cannot be calculated,Similar,1000.0,"per 1,000",4.16609348978379,4.06985942209315,4.26402858590237,-0.31438429382807964,Value available,54208,55304,56311,165823,55274.333333333336,,Rotherham,167.0,50014.0,31.717973207501906,0.22071733914503935,40.76258647578678,37.34154436757708,Q5 Most deprived,Matched to IMD 2019 LAD
92196,Infant mortality rate,E07000220,Rugby,District,<1 yr,Persons,2022 - 24,20220000,7.2337962962963,4.68005379677581,10.6789498530629,25.0,3456.0,,Cannot be calculated,Worse,1000.0,"per 1,000",4.16609348978379,4.06985942209315,4.26402858590237,3.0677028065125107,Value available,24570,25391,26133,76094,25364.666666666668,,Rugby,61.0,20481.0,14.649844734143842,0.11646277037254042,4.111127386358088,1.7674918216883941,Q2,Matched to IMD 2019 LAD
92196,Infant mortality rate,E07000212,Runnymede,District,<1 yr,Persons,2022 - 24,20220000,2.94334069168506,1.27072559850938,5.79955453281579,8.0,2718.0,Interpret with caution - see Notes section in Definitions for details,Cannot be calculated,Similar,1000.0,"per 1,000",4.16609348978379,4.06985942209315,4.26402858590237,-1.2227527980987296,Value available,16555,16841,17124,50520,16840.0,,Runnymede,52.0,14704.0,12.28763445321001,0.10295463819368879,,1.251360174102285,nan,Matched to IMD 2019 LAD
92196,Infant mortality rate,E07000176,Rushcliffe,District,<1 yr,Persons,2022 - 24,20220000,3.05188199389624,1.39551478378377,5.79342266918249,9.0,2949.0,Interpret with caution - see Notes section in Definitions for details,Cannot be calculated,Similar,1000.0,"per 1,000",4.16609348978379,4.06985942209315,4.26402858590237,-1.1142114958875498,Value available,23820,24410,24692,72922,24307.333333333332,,Rushcliffe,68.0,20860.0,7.189948561840844,0.06548590604026847,,1.3231064237775647,nan,Matched to IMD 2019 LAD
92196,Infant mortality rate,E07000092,Rushmoor,District,<1 yr,Persons,2022 - 24,20220000,4.4296788482835,2.53031808375985,7.19391976579769,16.0,3612.0,Interpret with caution - see Notes section in Definitions for details,Cannot be calculated,Similar,1000.0,"per 1,000",4.16609348978379,4.06985942209315,4.26402858590237,0.26358535849971076,Value available,19953,20263,20687,60903,20301.0,,Rushmoor,58.0,19016.0,16.326297907025666,0.1140495372318048,5.574253260412284,1.8247791333613799,Q2,Matched to IMD 2019 LAD
92196,Infant mortality rate,E06000017,Rutland,UA,<1 yr,Persons,2022 - 24,20220000,5.05689001264223,1.37783233075389,12.9476468715597,4.0,791.0,Interpret with caution - see Notes section in Definitions for details,Cannot be calculated,Similar,1000.0,"per 1,000",4.16609348978379,4.06985942209315,4.26402858590237,0.89079652285844,Value available,7722,7651,7676,23049,7683.0,,Rutland,23.0,6520.0,8.33499325153374,0.07159815950920245,,,nan,Matched to IMD 2019 LAD
92196,Infant mortality rate,E08000006,Salford,UA,<1 yr,Persons,2022 - 24,20220000,4.23361878187241,3.07585580077181,5.68357295599328,44.0,10393.0,,Cannot be calculated,Similar,1000.0,"per 1,000",4.16609348978379,4.06985942209315,4.26402858590237,0.06752529208862068,Value available,56689,57634,58816,173139,57713.0,,Salford,150.0,48489.0,36.2805389676009,0.24085060529192187,56.68502134504733,48.08100806368455,Q5 Most deprived,Matched to IMD 2019 LAD
92196,Infant mortality rate,E08000028,Sandwell,UA,<1 yr,Persons,2022 - 24,20220000,7.41573033707865,6.02699759217433,9.02847156039512,99.0,13350.0,,Cannot be calculated,Worse,1000.0,"per 1,000",4.16609348978379,4.06985942209315,4.26402858590237,3.2496368472948607,Value available,81244,81833,82602,245679,81893.0,,Sandwell,186.0,70711.0,36.051476502948624,0.2630766075999491,63.72982987088289,54.710016829064784,Q5 Most deprived,Matched to IMD 2019 LAD
92196,Infant mortality rate,E08000014,Sefton,UA,<1 yr,Persons,2022 - 24,20220000,4.33021371699958,2.94163171627742,6.14660256809268,31.0,7159.0,,Cannot be calculated,Similar,1000.0,"per 1,000",4.16609348978379,4.06985942209315,4.26402858590237,0.16412022721579067,Value available,50781,51545,52022,154348,51449.333333333336,,Sefton,189.0,46890.0,28.97344595862657,0.18821567498400513,33.6383024098955,24.435913840904245,Q4,Matched to IMD 2019 LAD
92196,Infant mortality rate,E07000111,Sevenoaks,District,<1 yr,Persons,2022 - 24,20220000,2.34466588511137,1.01226030971527,4.61992650064282,8.0,3412.0,Interpret with caution - see Notes section in Definitions for details,Cannot be calculated,Similar,1000.0,"per 1,000",4.16609348978379,4.06985942209315,4.26402858590237,-1.8214276046724196,Value available,25825,25961,26015,77801,25933.666666666668,,Sevenoaks,74.0,23370.0,12.451992468977322,0.11016367137355584,2.973898160034232,8.074454428754814,Q1 Least deprived,Matched to IMD 2019 LAD
92196,Infant mortality rate,E08000019,Sheffield,UA,<1 yr,Persons,2022 - 24,20220000,5.65104779844596,4.57725314044487,6.90096480925764,96.0,16988.0,,Cannot be calculated,Worse,1000.0,"per 1,000",4.16609348978379,4.06985942209315,4.26402858590237,1.4849543086621706,Value available,107242,108194,108390,323826,107942.0,,Sheffield,345.0,103331.0,31.28763481433452,0.21885883229621317,45.534253999283855,42.619349469181564,Q5 Most deprived,Matched to IMD 2019 LAD
92196,Infant mortality rate,E06000051,Shropshire,UA,<1 yr,Persons,2022 - 24,20220000,3.91891891891892,2.62401826841616,5.62842537718583,29.0,7400.0,,Cannot be calculated,Similar,1000.0,"per 1,000",4.16609348978379,4.06985942209315,4.26402858590237,-0.24717457086486938,Value available,56241,56639,57134,170014,56671.333333333336,,Shropshire,193.0,51821.0,17.65990031068486,0.12036539240848304,6.294745373497231,7.244167422473515,Q2,Matched to IMD 2019 LAD
92196,Infant mortality rate,E06000039,Slough,UA,<1 yr,Persons,2022 - 24,20220000,6.90448791714614,5.09040200237802,9.15455100789358,48.0,6952.0,,Cannot be calculated,Worse,1000.0,"per 1,000",4.16609348978379,4.06985942209315,4.26402858590237,2.7383944273623504,Value available,41805,42398,42992,127195,42398.333333333336,,Slough,80.0,37031.0,23.347691582727983,0.1471205746536685,8.973562690718587,2.2521671032378277,Q2,Matched to IMD 2019 LAD
92196,Infant mortality rate,E08000029,Solihull,UA,<1 yr,Persons,2022 - 24,20220000,3.39328130302002,2.0718406574272,5.24090267546608,20.0,5894.0,,Cannot be calculated,Similar,1000.0,"per 1,000",4.16609348978379,4.06985942209315,4.26402858590237,-0.7728121867637694,Value available,45632,46377,46763,138772,46257.333333333336,,Solihull,134.0,40214.0,19.12107666484309,0.14795717909185854,20.09250509772716,21.529815487143782,Q3,Matched to IMD 2019 LAD
92196,Infant mortality rate,E06000066,Somerset UA,UA,<1 yr,Persons,2022 - 24,20220000,2.75190516511431,1.95663800189816,3.76204786470288,39.0,14172.0,,Cannot be calculated,Better,1000.0,"per 1,000",4.16609348978379,4.06985942209315,4.26402858590237,-1.4141883246694795,Value available,105314,106522,107129,318965,106321.66666666667,,,,,,,,,,Unmatched: boundary/code change
92196,Infant mortality rate,E07000012,South Cambridgeshire,District,<1 yr,Persons,2022 - 24,20220000,2.74203754482177,1.45860386936524,4.6892484727802,13.0,4741.0,Interpret with caution - see Notes section in Definitions for details,Cannot be calculated,Similar,1000.0,"per 1,000",4.16609348978379,4.06985942209315,4.26402858590237,-1.4240559449620194,Value available,34965,35935,36462,107362,35787.333333333336,,South Cambridgeshire,96.0,30611.0,8.387163699323771,0.07453464440887263,,0.9310378622063964,nan,Matched to IMD 2019 LAD
92196,Infant mortality rate,E07000039,South Derbyshire,District,<1 yr,Persons,2022 - 24,20220000,3.69948776323278,1.96791148112141,6.32661554053811,13.0,3514.0,Interpret with caution - see Notes section in Definitions for details,Cannot be calculated,Similar,1000.0,"per 1,000",4.16609348978379,4.06985942209315,4.26402858590237,-0.4666057265510095,Value available,22368,23110,23680,69158,23052.666666666668,,South Derbyshire,58.0,18888.0,14.551906289707748,0.11398300508259213,5.72850487081745,6.925031766200762,Q2,Matched to IMD 2019 LAD
92196,Infant mortality rate,E06000025,South Gloucestershire,UA,<1 yr,Persons,2022 - 24,20220000,2.8735632183908,1.85911102547784,4.24212076921671,25.0,8700.0,,Cannot be calculated,Similar,1000.0,"per 1,000",4.16609348978379,4.06985942209315,4.26402858590237,-1.2925302713929896,Value available,56963,58047,59160,174170,58056.666666666664,,South Gloucestershire,165.0,51010.0,11.660486551656538,0.1037240148990394,1.1389923544403058,2.0917467163301313,Q1 Least deprived,Matched to IMD 2019 LAD
92196,Infant mortality rate,E07000044,South Hams,District,<1 yr,Persons,2022 - 24,20220000,5.21739130434783,2.38572353471208,9.90423388488068,9.0,1725.0,Interpret with caution - see Notes section in Definitions for details,Cannot be calculated,Similar,1000.0,"per 1,000",4.16609348978379,4.06985942209315,4.26402858590237,1.0512978145640401,Value available,15201,15524,15710,46435,15478.333333333334,,South Hams,49.0,13448.0,13.669675267697798,0.1022441998810232,,1.8069601427721593,nan,Matched to IMD 2019 LAD
92196,Infant mortality rate,E07000140,South Holland,District,<1 yr,Persons,2022 - 24,20220000,4.10677618069815,1.96609852729674,7.55296041304167,10.0,2435.0,Interpret with caution - see Notes section in Definitions for details,Cannot be calculated,Similar,1000.0,"per 1,000",4.16609348978379,4.06985942209315,4.26402858590237,-0.05931730908563981,Value available,17628,18056,18168,53852,17950.666666666668,,South Holland,49.0,15342.0,17.83494427062964,0.14295398253161257,2.5224872897927257,7.137270238560814,Q1 Least deprived,Matched to IMD 2019 LAD
92196,Infant mortality rate,E07000141,South Kesteven,District,<1 yr,Persons,2022 - 24,20220000,3.86559619387452,2.05627146733887,6.61068302392237,13.0,3363.0,Interpret with caution - see Notes section in Definitions for details,Cannot be calculated,Similar,1000.0,"per 1,000",4.16609348978379,4.06985942209315,4.26402858590237,-0.30049729590926955,Value available,27506,27958,27886,83350,27783.333333333332,,South Kesteven,81.0,25327.0,14.375195917400402,0.12880522762269514,5.484265803292929,9.34180913649465,Q2,Matched to IMD 2019 LAD
92196,Infant mortality rate,E07000149,South Norfolk,District,<1 yr,Persons,2022 - 24,20220000,5.88895120583287,3.64396985635914,9.00231079054315,21.0,3566.0,,Cannot be calculated,Similar,1000.0,"per 1,000",4.16609348978379,4.06985942209315,4.26402858590237,1.7228577160490808,Value available,27118,27687,27895,82700,27566.666666666668,,South Norfolk,81.0,23473.0,13.078405742768288,0.09847914625314191,,,nan,Matched to IMD 2019 LAD
92196,Infant mortality rate,E07000179,South Oxfordshire,District,<1 yr,Persons,2022 - 24,20220000,1.41242937853107,0.518336688674871,3.07426412959479,6.0,4248.0,Interpret with caution - see Notes section in Definitions for details,Cannot be calculated,Better,1000.0,"per 1,000",4.16609348978379,4.06985942209315,4.26402858590237,-2.7536641112527196,Value available,29798,30184,30536,90518,30172.666666666668,,South Oxfordshire,89.0,26221.0,8.618468441325655,0.07397055794973494,,,nan,Matched to IMD 2019 LAD
92196,Infant mortality rate,E07000126,South Ribble,District,<1 yr,Persons,2022 - 24,20220000,1.71585449553878,0.557133284186143,4.00423201074903,5.0,2914.0,Interpret with caution - see Notes section in Definitions for details,Cannot be calculated,Better,1000.0,"per 1,000",4.16609348978379,4.06985942209315,4.26402858590237,-2.4502389942450096,Value available,21111,21330,21601,64042,21347.333333333332,,South Ribble,70.0,19880.0,16.504711368209254,0.11778013078470828,5.201207243460765,14.446680080482897,Q2,Matched to IMD 2019 LAD
92196,Infant mortality rate,E07000196,South Staffordshire,District,<1 yr,Persons,2022 - 24,20220000,4.6260601387818,2.38762908368505,8.08128683639811,12.0,2594.0,Interpret with caution - see Notes section in Definitions for details,Cannot be calculated,Similar,1000.0,"per 1,000",4.16609348978379,4.06985942209315,4.26402858590237,0.45996664899801054,Value available,18772,19197,19473,57442,19147.333333333332,,South Staffordshire,68.0,17200.0,13.450057325581396,0.10995017441860466,,8.011627906976743,nan,Matched to IMD 2019 LAD
92196,Infant mortality rate,E08000023,South Tyneside,UA,<1 yr,Persons,2022 - 24,20220000,5.6331129071761,3.56976994332936,8.45280682903452,23.0,4083.0,,Cannot be calculated,Similar,1000.0,"per 1,000",4.16609348978379,4.06985942209315,4.26402858590237,1.4670194173923106,Value available,28514,28769,29044,86327,28775.666666666668,,South Tyneside,102.0,25824.0,33.22746181846344,0.2672735052664189,48.489776951672866,55.924721189591075,Q5 Most deprived,Matched to IMD 2019 LAD
92196,Infant mortality rate,E06000045,Southampton,UA,<1 yr,Persons,2022 - 24,20220000,3.09797340906157,1.98434502386596,4.60973492087057,24.0,7747.0,,Cannot be calculated,Similar,1000.0,"per 1,000",4.16609348978379,4.06985942209315,4.26402858590237,-1.0681200807222195,Value available,46833,47150,47014,140997,46999.0,,Southampton,148.0,44295.0,29.70951906535726,0.2051646686984987,37.10576814538887,30.847725476916132,Q4,Matched to IMD 2019 LAD
92196,Infant mortality rate,E06000033,Southend-on-Sea,UA,<1 yr,Persons,2022 - 24,20220000,3.67376928728876,2.24309861037398,5.674114689419,20.0,5444.0,,Cannot be calculated,Similar,1000.0,"per 1,000",4.16609348978379,4.06985942209315,4.26402858590237,-0.4923242024950296,Value available,36135,36777,37315,110227,36742.333333333336,,Southend-on-Sea,107.0,34249.0,23.74494268445794,0.1915269058950626,25.238693100528483,27.501532891471285,Q4,Matched to IMD 2019 LAD
92196,Infant mortality rate,E09000028,Southwark,UA,<1 yr,Persons,2022 - 24,20220000,3.32862618519266,2.29089928567839,4.6747792940542,33.0,9914.0,,Cannot be calculated,Similar,1000.0,"per 1,000",4.16609348978379,4.06985942209315,4.26402858590237,-0.8374673045911294,Value available,52924,52283,51367,156574,52191.333333333336,,Southwark,166.0,57284.0,27.007456095943017,0.24090887507855596,23.912436282382515,53.36044968926751,Q4,Matched to IMD 2019 LAD
92196,Infant mortality rate,E07000213,Spelthorne,District,<1 yr,Persons,2022 - 24,20220000,4.16294974724948,2.27402042818581,6.98513166178253,14.0,3363.0,Interpret with caution - see Notes section in Definitions for details,Cannot be calculated,Similar,1000.0,"per 1,000",4.16609348978379,4.06985942209315,4.26402858590237,-0.0031437425343092684,Value available,20839,21191,21598,63628,21209.333333333332,,Spelthorne,60.0,18571.0,15.55452016584998,0.12273555543589468,,6.418609660222928,nan,Matched to IMD 2019 LAD
92196,Infant mortality rate,E07000240,St Albans,District,<1 yr,Persons,2022 - 24,20220000,2.46669955599408,1.18092005771277,4.5366202776903,10.0,4054.0,Interpret with caution - see Notes section in Definitions for details,Cannot be calculated,Similar,1000.0,"per 1,000",4.16609348978379,4.06985942209315,4.26402858590237,-1.6993939337897097,Value available,34566,34798,34648,104012,34670.666666666664,,St Albans,87.0,32124.0,8.29253215664301,0.07200423359482006,,1.5097746233345786,nan,Matched to IMD 2019 LAD
92196,Infant mortality rate,E08000013,St. Helens,UA,<1 yr,Persons,2022 - 24,20220000,3.36574420344054,1.99373499660409,5.31960357375209,18.0,5348.0,Interpret with caution - see Notes section in Definitions for details,Cannot be calculated,Similar,1000.0,"per 1,000",4.16609348978379,4.06985942209315,4.26402858590237,-0.8003492863432498,Value available,35043,35346,35586,105975,35325.0,,St. Helens,119.0,32071.0,33.87832028935797,0.23660802594244018,48.47058089863116,46.21308970721212,Q5 Most deprived,Matched to IMD 2019 LAD
92196,Infant mortality rate,E07000197,Stafford,District,<1 yr,Persons,2022 - 24,20220000,7.88954635108481,5.24138817303562,11.4030176261137,28.0,3549.0,,Cannot be calculated,Worse,1000.0,"per 1,000",4.16609348978379,4.06985942209315,4.26402858590237,3.7234528613010207,Value available,25116,25406,25654,76176,25392.0,,Stafford,80.0,22058.0,14.322875464684014,0.10559656360504124,6.86372291232206,8.940067095838245,Q2,Matched to IMD 2019 LAD
92196,Infant mortality rate,E07000198,Staffordshire Moorlands,District,<1 yr,Persons,2022 - 24,20220000,2.92112950340798,1.07200304454277,6.35806914436158,6.0,2054.0,Interpret with caution - see Notes section in Definitions for details,Cannot be calculated,Similar,1000.0,"per 1,000",4.16609348978379,4.06985942209315,4.26402858590237,-1.2449639863758097,Value available,16305,16256,16309,48870,16290.0,,Staffordshire Moorlands,59.0,15887.0,15.93245571851199,0.10733971171398,4.299112481903443,8.264618870774848,Q2,Matched to IMD 2019 LAD
92196,Infant mortality rate,E07000243,Stevenage,District,<1 yr,Persons,2022 - 24,20220000,3.79572118702553,1.89223264266735,6.79200728645493,11.0,2898.0,Interpret with caution - see Notes section in Definitions for details,Cannot be calculated,Similar,1000.0,"per 1,000",4.16609348978379,4.06985942209315,4.26402858590237,-0.3703723027582595,Value available,19172,19417,19571,58160,19386.666666666668,,Stevenage,52.0,17641.0,19.91553335978686,0.17321274304177767,3.0497137350490333,11.637662264043989,Q1 Least deprived,Matched to IMD 2019 LAD
92196,Infant mortality rate,E08000007,Stockport,UA,<1 yr,Persons,2022 - 24,20220000,2.99194476409666,1.95394197993018,4.38406699061937,26.0,8690.0,,Cannot be calculated,Similar,1000.0,"per 1,000",4.16609348978379,4.06985942209315,4.26402858590237,-1.1741487256871297,Value available,60277,60959,61409,182645,60881.666666666664,,Stockport,190.0,55155.0,22.218823388632035,0.14604088477925845,19.958299338228628,16.861571933641557,Q3,Matched to IMD 2019 LAD
92196,Infant mortality rate,E06000004,Stockton-on-Tees,UA,<1 yr,Persons,2022 - 24,20220000,4.6423658872077,3.05862525295343,6.75465933084422,27.0,5816.0,,Cannot be calculated,Similar,1000.0,"per 1,000",4.16609348978379,4.06985942209315,4.26402858590237,0.4762723974239105,Value available,41949,42390,42785,127124,42374.666666666664,,Stockton-on-Tees,120.0,38168.0,27.46934128065395,0.20869442988891218,33.556906308949905,37.13582058268707,Q4,Matched to IMD 2019 LAD
92196,Infant mortality rate,E06000021,Stoke-on-Trent,UA,<1 yr,Persons,2022 - 24,20220000,5.6986301369863,4.25570322701711,7.47314624768213,52.0,9125.0,,Cannot be calculated,Worse,1000.0,"per 1,000",4.16609348978379,4.06985942209315,4.26402858590237,1.5325366472025106,Value available,55892,56965,58271,171128,57042.666666666664,,Stoke-on-Trent,159.0,50462.0,37.03634499227141,0.2565959335737783,59.377353255915345,53.53929689667473,Q5 Most deprived,Matched to IMD 2019 LAD
92196,Infant mortality rate,E07000221,Stratford-on-Avon,District,<1 yr,Persons,2022 - 24,20220000,3.42368045649073,1.76704988390272,5.98084395252973,12.0,3505.0,Interpret with caution - see Notes section in Definitions for details,Cannot be calculated,Similar,1000.0,"per 1,000",4.16609348978379,4.06985942209315,4.26402858590237,-0.7424130332930594,Value available,24500,25311,25842,75653,25217.666666666668,,Stratford-on-Avon,73.0,20254.0,11.77185272045028,0.0842858200849215,,,nan,Matched to IMD 2019 LAD
92196,Infant mortality rate,E07000082,Stroud,District,<1 yr,Persons,2022 - 24,20220000,3.72250423011844,1.85573272367173,6.66099394793448,11.0,2955.0,Interpret with caution - see Notes section in Definitions for details,Cannot be calculated,Similar,1000.0,"per 1,000",4.16609348978379,4.06985942209315,4.26402858590237,-0.44358925966534946,Value available,22904,23123,23345,69372,23124.0,,Stroud,69.0,20924.0,11.034185958707704,0.09461589562225195,,1.4385394761995793,nan,Matched to IMD 2019 LAD
92196,Infant mortality rate,E08000024,Sunderland,UA,<1 yr,Persons,2022 - 24,20220000,4.04551201011378,2.76664955313902,5.71124522233884,32.0,7910.0,,Cannot be calculated,Similar,1000.0,"per 1,000",4.16609348978379,4.06985942209315,4.26402858590237,-0.12058147967000998,Value available,51923,52898,53325,158146,52715.333333333336,,Sunderland,185.0,48108.0,32.43190930822317,0.24249852415398687,45.3874615448574,46.360272719713976,Q5 Most deprived,Matched to IMD 2019 LAD
92196,Infant mortality rate,E07000214,Surrey Heath,District,<1 yr,Persons,2022 - 24,20220000,1.21703853955375,0.250982605637161,3.55670307088938,3.0,2465.0,Interpret with caution - see Notes section in Definitions for details,Cannot be calculated,Better,1000.0,"per 1,000",4.16609348978379,4.06985942209315,4.26402858590237,-2.94905495023004,Value available,18206,18558,18667,55431,18477.0,,Surrey Heath,55.0,16952.0,8.326861373289287,0.07137765455403493,,,nan,Matched to IMD 2019 LAD
92196,Infant mortality rate,E09000029,Sutton,UA,<1 yr,Persons,2022 - 24,20220000,2.84405119292147,1.68470449705146,4.49506081725805,18.0,6329.0,Interpret with caution - see Notes section in Definitions for details,Cannot be calculated,Similar,1000.0,"per 1,000",4.16609348978379,4.06985942209315,4.26402858590237,-1.3220422968623198,Value available,47000,47586,47819,142405,47468.333333333336,,Sutton,121.0,41298.0,14.79617959707492,0.12594128044941644,6.593539638723425,10.511404910649427,Q2,Matched to IMD 2019 LAD
92196,Infant mortality rate,E07000113,Swale,District,<1 yr,Persons,2022 - 24,20220000,4.920049200492,3.15143929887035,7.32095457810256,24.0,4878.0,,Cannot be calculated,Similar,1000.0,"per 1,000",4.16609348978379,4.06985942209315,4.26402858590237,0.75395571070821,Value available,32272,32727,33242,98241,32747.0,,Swale,85.0,28303.0,28.59545270819348,0.21180468501572272,28.389216690810162,29.12765431226372,Q4,Matched to IMD 2019 LAD
92196,Infant mortality rate,E06000030,Swindon,UA,<1 yr,Persons,2022 - 24,20220000,3.20557491289199,2.03141054754199,4.81014777462689,23.0,7175.0,,Cannot be calculated,Similar,1000.0,"per 1,000",4.16609348978379,4.06985942209315,4.26402858590237,-0.9605185768917996,Value available,49414,50292,50925,150631,50210.333333333336,,Swindon,132.0,43899.0,19.494175220392265,0.14895348413403495,18.369438939383585,17.66327251190232,Q3,Matched to IMD 2019 LAD
92196,Infant mortality rate,E08000008,Tameside,UA,<1 yr,Persons,2022 - 24,20220000,4.58035834568234,3.17154129649201,6.40079206500011,34.0,7423.0,,Cannot be calculated,Similar,1000.0,"per 1,000",4.16609348978379,4.06985942209315,4.26402858590237,0.41426485589855044,Value available,49056,49520,49930,148506,49502.0,,Tameside,141.0,43709.0,32.93901757075202,0.2228602118556819,48.97389553638839,44.69560044842024,Q5 Most deprived,Matched to IMD 2019 LAD
92196,Infant mortality rate,E07000199,Tamworth,District,<1 yr,Persons,2022 - 24,20220000,6.77392040643522,3.86939412300617,11.0010322582816,16.0,2362.0,Interpret with caution - see Notes section in Definitions for details,Cannot be calculated,Similar,1000.0,"per 1,000",4.16609348978379,4.06985942209315,4.26402858590237,2.6078269166514305,Value available,15980,16250,16247,48477,16159.0,,Tamworth,51.0,15047.0,22.531210606765466,0.174070977603509,23.944972419751444,25.001661460756296,Q4,Matched to IMD 2019 LAD
92196,Infant mortality rate,E07000215,Tandridge,District,<1 yr,Persons,2022 - 24,20220000,,,,2.0,2485.0,Value not published for data quality reasons,Cannot be calculated,Not compared,1000.0,"per 1,000",4.16609348978379,4.06985942209315,4.26402858590237,,Suppressed / unavailable,18748,18850,18743,56341,18780.333333333332,,Tandridge,50.0,16235.0,11.992785833076686,0.08954277794887588,,,nan,Matched to IMD 2019 LAD
92196,Infant mortality rate,E07000045,Teignbridge,District,<1 yr,Persons,2022 - 24,20220000,2.77585010409438,1.19841505091898,5.46953130471663,8.0,2882.0,Interpret with caution - see Notes section in Definitions for details,Cannot be calculated,Similar,1000.0,"per 1,000",4.16609348978379,4.06985942209315,4.26402858590237,-1.3902433856894096,Value available,23086,23301,23209,69596,23198.666666666668,,Teignbridge,84.0,20946.0,16.144627709347848,0.1288694261434164,3.833667526019288,6.550176644705433,Q1 Least deprived,Matched to IMD 2019 LAD
92196,Infant mortality rate,E06000020,Telford and Wrekin,UA,<1 yr,Persons,2022 - 24,20220000,7.15746421267894,5.1579272644654,9.67505772672701,42.0,5868.0,,Cannot be calculated,Worse,1000.0,"per 1,000",4.16609348978379,4.06985942209315,4.26402858590237,2.9913707228951507,Value available,40148,41006,41833,122987,40995.666666666664,,Telford and Wrekin,108.0,34992.0,27.293631058527662,0.21290712162780062,30.412665752171925,28.26074531321445,Q4,Matched to IMD 2019 LAD
92196,Infant mortality rate,E07000076,Tendring,District,<1 yr,Persons,2022 - 24,20220000,5.31208499335989,3.24340739306134,8.2044834977947,20.0,3765.0,,Cannot be calculated,Similar,1000.0,"per 1,000",4.16609348978379,4.06985942209315,4.26402858590237,1.1459915035761004,Value available,25561,26137,26676,78374,26124.666666666668,,Tendring,89.0,23010.0,31.775580660582353,0.24989865275966974,35.049978270317254,46.88830943068231,Q4,Matched to IMD 2019 LAD
92196,Infant mortality rate,E07000093,Test Valley,District,<1 yr,Persons,2022 - 24,20220000,2.94275013376137,1.46701182409042,5.26571351421787,11.0,3738.0,Interpret with caution - see Notes section in Definitions for details,Cannot be calculated,Similar,1000.0,"per 1,000",4.16609348978379,4.06985942209315,4.26402858590237,-1.2233433560224194,Value available,25842,26128,26206,78176,26058.666666666668,,Test Valley,71.0,22597.0,12.568750586361023,0.0946126919502589,1.9117581979908838,3.721732973403549,Q1 Least deprived,Matched to IMD 2019 LAD
92196,Infant mortality rate,E07000083,Tewkesbury,District,<1 yr,Persons,2022 - 24,20220000,2.72016320979259,1.17437340249864,5.35980592322112,8.0,2941.0,Interpret with caution - see Notes section in Definitions for details,Cannot be calculated,Similar,1000.0,"per 1,000",4.16609348978379,4.06985942209315,4.26402858590237,-1.4459302799911997,Value available,19003,19705,20390,59098,19699.333333333332,,Tewkesbury,50.0,15713.0,12.14250416852288,0.11191745688283587,1.909247120218927,8.292496658817539,Q1 Least deprived,Matched to IMD 2019 LAD
92196,Infant mortality rate,E07000114,Thanet,District,<1 yr,Persons,2022 - 24,20220000,5.69653029518384,3.56874488130854,8.62500745197848,22.0,3862.0,,Cannot be calculated,Similar,1000.0,"per 1,000",4.16609348978379,4.06985942209315,4.26402858590237,1.5304368054000506,Value available,26802,26912,27157,80871,26957.0,,Thanet,84.0,26201.0,34.26985279187817,0.23914728445479178,43.89908782107553,39.097744360902254,Q5 Most deprived,Matched to IMD 2019 LAD
92196,Infant mortality rate,E07000102,Three Rivers,District,<1 yr,Persons,2022 - 24,20220000,2.4340770791075,0.893263388840102,5.2979610639021,6.0,2465.0,Interpret with caution - see Notes section in Definitions for details,Cannot be calculated,Similar,1000.0,"per 1,000",4.16609348978379,4.06985942209315,4.26402858590237,-1.7320164106762896,Value available,20367,20409,20296,61072,20357.333333333332,,Three Rivers,53.0,18535.0,10.46033574318856,0.09169188022659831,2.298354464526571,2.298354464526571,Q1 Least deprived,Matched to IMD 2019 LAD
92196,Infant mortality rate,E06000034,Thurrock,UA,<1 yr,Persons,2022 - 24,20220000,6.20251201736703,4.43065589493517,8.44628614049066,40.0,6449.0,,Cannot be calculated,Worse,1000.0,"per 1,000",4.16609348978379,4.06985942209315,4.26402858590237,2.0364185275832405,Value available,42274,42922,43398,128594,42864.666666666664,,Thurrock,98.0,36947.0,21.845786234335673,0.1862419682247544,12.82648117573822,22.329282485722793,Q3,Matched to IMD 2019 LAD
92196,Infant mortality rate,E07000115,Tonbridge and Malling,District,<1 yr,Persons,2022 - 24,20220000,1.78982357453337,0.719601905272275,3.68772062431664,7.0,3911.0,Interpret with caution - see Notes section in Definitions for details,Cannot be calculated,Better,1000.0,"per 1,000",4.16609348978379,4.06985942209315,4.26402858590237,-2.3762699152504196,Value available,28915,29308,29416,87639,29213.0,,Tonbridge and Malling,72.0,25524.0,13.517416745024292,0.1144230136342266,4.501645510108133,8.478294938097477,Q2,Matched to IMD 2019 LAD
92196,Infant mortality rate,E06000027,Torbay,UA,<1 yr,Persons,2022 - 24,20220000,4.13507925568573,2.13422117266679,7.22358995644959,12.0,2902.0,Interpret with caution - see Notes section in Definitions for details,Cannot be calculated,Similar,1000.0,"per 1,000",4.16609348978379,4.06985942209315,4.26402858590237,-0.031014234098059923,Value available,23968,23844,23686,71498,23832.666666666668,,Torbay,89.0,22257.0,28.96706070000449,0.21935907804286295,30.367974120501415,30.04448038819248,Q4,Matched to IMD 2019 LAD
92196,Infant mortality rate,E07000046,Torridge,District,<1 yr,Persons,2022 - 24,20220000,2.08044382801664,0.429037533214703,6.07993971549398,3.0,1442.0,Interpret with caution - see Notes section in Definitions for details,Cannot be calculated,Similar,1000.0,"per 1,000",4.16609348978379,4.06985942209315,4.26402858590237,-2.0856496617671496,Value available,11451,11477,11476,34404,11468.0,,Torridge,37.0,10859.0,23.70003637535685,0.15558329496270373,7.753936826595451,4.097983239708997,Q2,Matched to IMD 2019 LAD
92196,Infant mortality rate,E09000030,Tower Hamlets,UA,<1 yr,Persons,2022 - 24,20220000,4.00031375009805,2.97827446102929,5.25978235604296,51.0,12749.0,,Cannot be calculated,Similar,1000.0,"per 1,000",4.16609348978379,4.06985942209315,4.26402858590237,-0.1657797396857399,Value available,59941,58886,57558,176385,58795.0,,Tower Hamlets,144.0,59061.0,29.71017847649041,0.2659303770677774,36.56389156973299,59.06435719002388,Q4,Matched to IMD 2019 LAD
92196,Infant mortality rate,E08000009,Trafford,UA,<1 yr,Persons,2022 - 24,20220000,4.00801603206413,2.61750513420584,5.87290614282138,26.0,6487.0,,Cannot be calculated,Similar,1000.0,"per 1,000",4.16609348978379,4.06985942209315,4.26402858590237,-0.15807745771965998,Value available,53049,53526,53852,160427,53475.666666666664,,Trafford,138.0,48403.0,17.007272854988326,0.11707045017870793,10.879490940644175,14.154081358593476,Q2,Matched to IMD 2019 LAD
92196,Infant mortality rate,E07000116,Tunbridge Wells,District,<1 yr,Persons,2022 - 24,20220000,3.0750307503075,1.47215557010073,5.65543007557087,10.0,3252.0,Interpret with caution - see Notes section in Definitions for details,Cannot be calculated,Similar,1000.0,"per 1,000",4.16609348978379,4.06985942209315,4.26402858590237,-1.0910627394762895,Value available,24973,25572,25972,76517,25505.666666666668,,Tunbridge Wells,68.0,23403.0,11.625051275477503,0.08886305174550273,2.448404050762723,2.448404050762723,Q1 Least deprived,Matched to IMD 2019 LAD
92196,Infant mortality rate,E07000077,Uttlesford,District,<1 yr,Persons,2022 - 24,20220000,2.40384615384615,0.882169172071655,5.23216106671422,6.0,2496.0,Interpret with caution - see Notes section in Definitions for details,Cannot be calculated,Similar,1000.0,"per 1,000",4.16609348978379,4.06985942209315,4.26402858590237,-1.7622473359376394,Value available,19276,19511,19589,58376,19458.666666666668,,Uttlesford,46.0,16919.0,9.284613452331698,0.06300526035817719,,,nan,Matched to IMD 2019 LAD
92196,Infant mortality rate,E07000180,Vale of White Horse,District,<1 yr,Persons,2022 - 24,20220000,2.25428313796213,1.07922676148953,4.14595550174853,10.0,4436.0,Interpret with caution - see Notes section in Definitions for details,Cannot be calculated,Better,1000.0,"per 1,000",4.16609348978379,4.06985942209315,4.26402858590237,-1.9118103518216594,Value available,29233,30110,31102,90445,30148.333333333332,,Vale of White Horse,76.0,24141.0,8.535514311751793,0.07984917774740069,1.6486475290998717,1.6486475290998717,Q1 Least deprived,Matched to IMD 2019 LAD
92196,Infant mortality rate,E08000036,Wakefield,UA,<1 yr,Persons,2022 - 24,20220000,5.45841428439264,4.15495844862352,7.04108036164499,59.0,10809.0,,Cannot be calculated,Similar,1000.0,"per 1,000",4.16609348978379,4.06985942209315,4.26402858590237,1.2923207946088509,Value available,70759,72128,73055,215942,71980.66666666667,,Wakefield,209.0,62016.0,29.003556388673893,0.19712935371517026,38.78515221878225,28.223361713106296,Q5 Most deprived,Matched to IMD 2019 LAD
92196,Infant mortality rate,E08000030,Walsall,UA,<1 yr,Persons,2022 - 24,20220000,5.79206487112656,4.41970841929824,7.45566405515583,60.0,10359.0,,Cannot be calculated,Worse,1000.0,"per 1,000",4.16609348978379,4.06985942209315,4.26402858590237,1.6259713813427705,Value available,65399,66515,67432,199346,66448.66666666667,,Walsall,167.0,58002.0,34.44672916451157,0.2606790283093686,60.81514430536878,54.83431605806696,Q5 Most deprived,Matched to IMD 2019 LAD
92196,Infant mortality rate,E09000031,Waltham Forest,UA,<1 yr,Persons,2022 - 24,20220000,3.64684929183275,2.63897640649867,4.9124036574713,43.0,11791.0,,Cannot be calculated,Similar,1000.0,"per 1,000",4.16609348978379,4.06985942209315,4.26402858590237,-0.5192441979510396,Value available,57893,58118,57513,173524,57841.333333333336,,Waltham Forest,144.0,58990.0,25.8793463807425,0.19232524156636718,18.489574504153246,19.043905746736733,Q3,Matched to IMD 2019 LAD
92196,Infant mortality rate,E09000032,Wandsworth,UA,<1 yr,Persons,2022 - 24,20220000,2.93508287292818,2.03231621580285,4.10161252576794,34.0,11584.0,,Cannot be calculated,Better,1000.0,"per 1,000",4.16609348978379,4.06985942209315,4.26402858590237,-1.2310106168556096,Value available,54642,54145,53803,162590,54196.666666666664,,Wandsworth,179.0,56190.0,16.891709450080086,0.15387517351841967,6.152340274070119,18.743548674141305,Q2,Matched to IMD 2019 LAD
92196,Infant mortality rate,E06000007,Warrington,UA,<1 yr,Persons,2022 - 24,20220000,4.74712433814132,3.1001927707857,6.95591421370865,26.0,5477.0,,Cannot be calculated,Similar,1000.0,"per 1,000",4.16609348978379,4.06985942209315,4.26402858590237,0.5810308483575302,Value available,41405,42058,42373,125836,41945.333333333336,,Warrington,127.0,39485.0,20.08639921489173,0.13157474990502718,21.334684057236924,15.963023933139167,Q3,Matched to IMD 2019 LAD
92196,Infant mortality rate,E07000222,Warwick,District,<1 yr,Persons,2022 - 24,20220000,4.21209117938553,2.45229858998773,6.74432839566513,17.0,4036.0,Interpret with caution - see Notes section in Definitions for details,Cannot be calculated,Similar,1000.0,"per 1,000",4.16609348978379,4.06985942209315,4.26402858590237,0.04599768960174,Value available,27514,28234,28794,84542,28180.666666666668,,Warwick,86.0,24170.0,12.057464004964832,0.08880078609846918,1.2577575506826644,1.2577575506826644,Q1 Least deprived,Matched to IMD 2019 LAD
92196,Infant mortality rate,E07000103,Watford,District,<1 yr,Persons,2022 - 24,20220000,5.01882057716437,3.06434851565268,7.75153836115359,20.0,3985.0,,Cannot be calculated,Similar,1000.0,"per 1,000",4.16609348978379,4.06985942209315,4.26402858590237,0.8527270873805808,Value available,22574,23123,23548,69245,23081.666666666668,,Watford,53.0,20964.0,15.879143579469563,0.11504293073840868,1.7840106849837818,4.584048845640145,Q1 Least deprived,Matched to IMD 2019 LAD
92196,Infant mortality rate,E07000216,Waverley,District,<1 yr,Persons,2022 - 24,20220000,2.16116085211485,0.868898750083318,4.45281733921037,7.0,3239.0,Interpret with caution - see Notes section in Definitions for details,Cannot be calculated,Similar,1000.0,"per 1,000",4.16609348978379,4.06985942209315,4.26402858590237,-2.0049326376689396,Value available,27605,28182,28569,84356,28118.666666666668,,Waverley,82.0,24538.0,7.370767258945309,0.06428783926970413,,,nan,Matched to IMD 2019 LAD
92196,Infant mortality rate,E07000065,Wealden,District,<1 yr,Persons,2022 - 24,20220000,2.79613624809354,1.3939222670183,5.00336479820701,11.0,3934.0,Interpret with caution - see Notes section in Definitions for details,Cannot be calculated,Similar,1000.0,"per 1,000",4.16609348978379,4.06985942209315,4.26402858590237,-1.3699572416902495,Value available,29220,29697,29954,88871,29623.666666666668,,Wealden,95.0,26976.0,12.556905397390276,0.09651749703440095,5.197212336892052,3.9220047449584814,Q2,Matched to IMD 2019 LAD
92196,Infant mortality rate,E07000241,Welwyn Hatfield,District,<1 yr,Persons,2022 - 24,20220000,4.78738383553928,2.78723658383285,7.66547716274414,17.0,3551.0,Interpret with caution - see Notes section in Definitions for details,Cannot be calculated,Similar,1000.0,"per 1,000",4.16609348978379,4.06985942209315,4.26402858590237,0.6212903457554901,Value available,23973,24392,24223,72588,24196.0,,Welwyn Hatfield,67.0,21892.0,14.439779782568975,0.1325216060661429,1.2927096656312809,4.019733235885255,Q1 Least deprived,Matched to IMD 2019 LAD
92196,Infant mortality rate,E06000037,West Berkshire,UA,<1 yr,Persons,2022 - 24,20220000,3.96455223880597,2.30818029598658,6.34797327539749,17.0,4288.0,Interpret with caution - see Notes section in Definitions for details,Cannot be calculated,Similar,1000.0,"per 1,000",4.16609348978379,4.06985942209315,4.26402858590237,-0.2015412509778196,Value available,33287,33877,33821,100985,33661.666666666664,,West Berkshire,97.0,31625.0,9.939288031620553,0.08659298023715414,1.2616600790513834,2.842687747035573,Q1 Least deprived,Matched to IMD 2019 LAD
92196,Infant mortality rate,E07000047,West Devon,District,<1 yr,Persons,2022 - 24,20220000,,,,1.0,1128.0,Value not published for data quality reasons,Cannot be calculated,Not compared,1000.0,"per 1,000",4.16609348978379,4.06985942209315,4.26402858590237,,Suppressed / unavailable,9607,9637,9497,28741,9580.333333333334,,West Devon,31.0,8710.0,18.249920780711822,0.12063559127439723,,,nan,Matched to IMD 2019 LAD
92196,Infant mortality rate,E07000127,West Lancashire,District,<1 yr,Persons,2022 - 24,20220000,3.37723741979061,1.61683549948246,6.21123222078908,10.0,2961.0,Interpret with caution - see Notes section in Definitions for details,Cannot be calculated,Similar,1000.0,"per 1,000",4.16609348978379,4.06985942209315,4.26402858590237,-0.7888560699931797,Value available,21017,21330,21485,63832,21277.333333333332,,West Lancashire,73.0,19510.0,21.432322142491028,0.15868011276268582,26.652998462327012,21.86058431573552,Q4,Matched to IMD 2019 LAD
92196,Infant mortality rate,E07000142,West Lindsey,District,<1 yr,Persons,2022 - 24,20220000,2.7124773960217,0.995431398504001,5.90392134833575,6.0,2212.0,Interpret with caution - see Notes section in Definitions for details,Cannot be calculated,Similar,1000.0,"per 1,000",4.16609348978379,4.06985942209315,4.26402858590237,-1.4536160937620894,Value available,17523,17650,17771,52944,17648.0,,West Lindsey,52.0,15851.0,21.63389899690871,0.18038249952684376,20.497129518642357,23.853384644501926,Q3,Matched to IMD 2019 LAD
92196,Infant mortality rate,E06000062,West Northamptonshire,UA,<1 yr,Persons,2022 - 24,20220000,3.906543460296,2.91738351337474,5.12301551424381,52.0,13311.0,,Cannot be calculated,Similar,1000.0,"per 1,000",4.16609348978379,4.06985942209315,4.26402858590237,-0.2595500294877895,Value available,88489,89716,90507,268712,89570.66666666667,,,,,,,,,,Unmatched: boundary/code change
92196,Infant mortality rate,E07000181,West Oxfordshire,District,<1 yr,Persons,2022 - 24,20220000,2.20472440944882,0.886413559533817,4.54257491707162,7.0,3175.0,Interpret with caution - see Notes section in Definitions for details,Cannot be calculated,Similar,1000.0,"per 1,000",4.16609348978379,4.06985942209315,4.26402858590237,-1.9613690803349697,Value available,22178,22658,23026,67862,22620.666666666668,,West Oxfordshire,66.0,20184.0,8.842776902497027,0.07946442726912406,,1.2633769322235433,nan,Matched to IMD 2019 LAD
92196,Infant mortality rate,E07000245,West Suffolk,District,<1 yr,Persons,2022 - 24,20220000,3.84474551446357,2.37905465173503,5.87737830081964,21.0,5462.0,,Cannot be calculated,Similar,1000.0,"per 1,000",4.16609348978379,4.06985942209315,4.26402858590237,-0.3213479753202195,Value available,34016,35338,36114,105468,35156.0,,West Suffolk,100.0,32995.0,16.78523761175936,0.10153641460827398,0.9849977269283224,1.9457493559630248,Q1 Least deprived,Matched to IMD 2019 LAD
92196,Infant mortality rate,E09000033,Westminster,UA,<1 yr,Persons,2022 - 24,20220000,2.58754528204244,1.44717336781336,4.26800609681546,15.0,5797.0,Interpret with caution - see Notes section in Definitions for details,Cannot be calculated,Similar,1000.0,"per 1,000",4.16609348978379,4.06985942209315,4.26402858590237,-1.5785482077413495,Value available,27901,27369,26650,81920,27306.666666666668,,Westminster,128.0,38605.0,22.51348066312654,0.18302823468462634,20.30306955057635,32.783318223028104,Q3,Matched to IMD 2019 LAD
92196,Infant mortality rate,E06000064,Westmorland and Furness,UA,<1 yr,Persons,2022 - 24,20220000,2.04540805890775,0.979228863564648,3.76180376472826,10.0,4889.0,Interpret with caution - see Notes section in Definitions for details,Cannot be calculated,Better,1000.0,"per 1,000",4.16609348978379,4.06985942209315,4.26402858590237,-2.1206854308760397,Value available,37183,37330,37226,111739,37246.333333333336,,,,,,,,,,Unmatched: boundary/code change
92196,Infant mortality rate,E08000010,Wigan,UA,<1 yr,Persons,2022 - 24,20220000,5.17670482827277,3.86593249841027,6.78869681534091,52.0,10045.0,,Cannot be calculated,Similar,1000.0,"per 1,000",4.16609348978379,4.06985942209315,4.26402858590237,1.0106113384889808,Value available,65710,66938,67826,200474,66824.66666666667,,Wigan,200.0,60273.0,27.293484362815857,0.1743898760639092,36.77766163954009,28.78237353375475,Q4,Matched to IMD 2019 LAD
92196,Infant mortality rate,E06000054,Wiltshire,UA,<1 yr,Persons,2022 - 24,20220000,2.29568411386593,1.54858731965614,3.27734710299959,30.0,13068.0,,Cannot be calculated,Better,1000.0,"per 1,000",4.16609348978379,4.06985942209315,4.26402858590237,-1.8704093759178595,Value available,98498,98932,99165,296595,98865.0,,Wiltshire,285.0,92224.0,13.632750748178346,0.10208541160652325,3.3396946564885495,4.871833795975017,Q1 Least deprived,Matched to IMD 2019 LAD
92196,Infant mortality rate,E07000094,Winchester,District,<1 yr,Persons,2022 - 24,20220000,4.20673076923077,2.29793590744858,7.0585930825044,14.0,3328.0,Interpret with caution - see Notes section in Definitions for details,Cannot be calculated,Similar,1000.0,"per 1,000",4.16609348978379,4.06985942209315,4.26402858590237,0.04063727944698048,Value available,25461,26257,26610,78328,26109.333333333332,,Winchester,70.0,22222.0,9.455417514175142,0.07152479524795248,,1.017010170101701,nan,Matched to IMD 2019 LAD
92196,Infant mortality rate,E06000040,Windsor and Maidenhead,UA,<1 yr,Persons,2022 - 24,20220000,1.23548307388189,0.401157991133783,2.88320535688724,5.0,4047.0,Interpret with caution - see Notes section in Definitions for details,Cannot be calculated,Better,1000.0,"per 1,000",4.16609348978379,4.06985942209315,4.26402858590237,-2.9306104159018993,Value available,32564,32765,32940,98269,32756.333333333332,,Windsor and Maidenhead,89.0,29792.0,8.534136513157895,0.06735486036519872,,,nan,Matched to IMD 2019 LAD
92196,Infant mortality rate,E08000015,Wirral,UA,<1 yr,Persons,2022 - 24,20220000,4.25582220120582,2.98031065645808,5.89202633358583,36.0,8459.0,,Cannot be calculated,Similar,1000.0,"per 1,000",4.16609348978379,4.06985942209315,4.26402858590237,0.08972871142203065,Value available,62665,63089,63218,188972,62990.666666666664,,Wirral,206.0,59827.0,32.63795017299881,0.21778213849933978,42.18162368161532,36.04225516907082,Q5 Most deprived,Matched to IMD 2019 LAD
92196,Infant mortality rate,E07000217,Woking,District,<1 yr,Persons,2022 - 24,20220000,1.82426269382791,0.669472257066236,3.97065187671593,6.0,3289.0,Interpret with caution - see Notes section in Definitions for details,Cannot be calculated,Better,1000.0,"per 1,000",4.16609348978379,4.06985942209315,4.26402858590237,-2.3418307959558797,Value available,22157,22163,22210,66530,22176.666666666668,,Woking,61.0,21171.0,11.352780879504982,0.08740144537338812,1.88465353549667,,Q1 Least deprived,Matched to IMD 2019 LAD
92196,Infant mortality rate,E06000041,Wokingham,UA,<1 yr,Persons,2022 - 24,20220000,2.60625501202887,1.38637549010838,4.45704230341839,13.0,4988.0,Interpret with caution - see Notes section in Definitions for details,Cannot be calculated,Similar,1000.0,"per 1,000",4.16609348978379,4.06985942209315,4.26402858590237,-1.5598384777549197,Value available,40577,41642,42215,124434,41478.0,,Wokingham,99.0,33327.0,6.044794791010292,0.056332883247817093,,,nan,Matched to IMD 2019 LAD
92196,Infant mortality rate,E08000031,Wolverhampton,UA,<1 yr,Persons,2022 - 24,20220000,6.8762278978389,5.36012779145924,8.68782565114741,70.0,10180.0,,Cannot be calculated,Worse,1000.0,"per 1,000",4.16609348978379,4.06985942209315,4.26402858590237,2.7101344080551106,Value available,59999,61874,63578,185451,61817.0,,Wolverhampton,158.0,52099.0,34.41214545384748,0.27103130578322043,58.98769650089253,58.70170252787961,Q5 Most deprived,Matched to IMD 2019 LAD
92196,Infant mortality rate,E07000237,Worcester,District,<1 yr,Persons,2022 - 24,20220000,7.06832716257153,4.37374503795917,10.8051969973332,21.0,2971.0,,Cannot be calculated,Worse,1000.0,"per 1,000",4.16609348978379,4.06985942209315,4.26402858590237,2.90223367278774,Value available,19467,19444,19540,58451,19483.666666666668,,Worcester,63.0,18740.0,21.83227860192102,0.16780432230522943,21.531483457844182,22.790821771611526,Q3,Matched to IMD 2019 LAD
92196,Infant mortality rate,E07000229,Worthing,District,<1 yr,Persons,2022 - 24,20220000,1.85391175380052,0.601960100155143,4.32641159782079,5.0,2697.0,Interpret with caution - see Notes section in Definitions for details,Cannot be calculated,Similar,1000.0,"per 1,000",4.16609348978379,4.06985942209315,4.26402858590237,-2.3121817359832697,Value available,20230,20166,20105,60501,20167.0,,Worthing,65.0,19151.0,17.57148770299201,0.12529690355595008,7.660174403425408,7.456529685133936,Q2,Matched to IMD 2019 LAD
92196,Infant mortality rate,E07000238,Wychavon,District,<1 yr,Persons,2022 - 24,20220000,3.31425128050618,1.65221156928291,5.93047216515408,11.0,3319.0,Interpret with caution - see Notes section in Definitions for details,Cannot be calculated,Similar,1000.0,"per 1,000",4.16609348978379,4.06985942209315,4.26402858590237,-0.8518422092776095,Value available,23815,24153,24188,72156,24052.0,,Wychavon,78.0,20404.0,16.165392178004314,0.11286982944520682,6.19486375220545,3.5826308566947658,Q2,Matched to IMD 2019 LAD
92196,Infant mortality rate,E07000128,Wyre,District,<1 yr,Persons,2022 - 24,20220000,5.32568619418271,2.83295409449431,9.10763089285167,13.0,2441.0,Interpret with caution - see Notes section in Definitions for details,Cannot be calculated,Similar,1000.0,"per 1,000",4.16609348978379,4.06985942209315,4.26402858590237,1.1595927043989205,Value available,19597,19751,19862,59210,19736.666666666668,,Wyre,69.0,17393.0,22.248149312941987,0.1634088426378428,18.996147875582132,21.980106939573393,Q3,Matched to IMD 2019 LAD
92196,Infant mortality rate,E07000239,Wyre Forest,District,<1 yr,Persons,2022 - 24,20220000,5.94766058683584,3.32643299493023,9.81032170628043,15.0,2522.0,Interpret with caution - see Notes section in Definitions for details,Cannot be calculated,Similar,1000.0,"per 1,000",4.16609348978379,4.06985942209315,4.26402858590237,1.7815670970520507,Value available,18227,18267,18343,54837,18279.0,,Wyre Forest,65.0,17002.0,24.810293377249735,0.1812850252911422,29.12598517821433,30.178802493824257,Q4,Matched to IMD 2019 LAD
92196,Infant mortality rate,E06000014,York,UA,<1 yr,Persons,2022 - 24,20220000,3.74779541446208,2.18198348968044,6.00090595346218,17.0,4536.0,Interpret with caution - see Notes section in Definitions for details,Cannot be calculated,Similar,1000.0,"per 1,000",4.16609348978379,4.06985942209315,4.26402858590237,-0.4182980753217094,Value available,32786,32980,32737,98503,32834.333333333336,,York,120.0,32477.0,12.497692459278873,0.10022422021738461,6.912584290420913,11.300304831111248,Q2,Matched to IMD 2019 LAD
92705,Neonatal mortality rate,E09000002,Barking and Dagenham,UA,<28 days,Persons,2022 - 24,20220000,2.88766965059197,1.94791982801679,4.12247299470581,30.0,10389.0,,Cannot be calculated,Similar,1000.0,"per 1,000",3.06500850253027,2.98254472540386,3.1491744296419,-0.17733885193830012,Value available,60208,60700,61568,182476,60825.333333333336,,Barking and Dagenham,110.0,54877.0,33.28889828161161,0.23792457678080076,57.13322521274851,38.27833154144724,Q5 Most deprived,Matched to IMD 2019 LAD
92705,Neonatal mortality rate,E09000003,Barnet,UA,<28 days,Persons,2022 - 24,20220000,2.32389251997095,1.58926637366228,3.28075161283226,32.0,13770.0,,Cannot be calculated,Similar,1000.0,"per 1,000",3.06500850253027,2.98254472540386,3.1491744296419,-0.7411159825593199,Value available,85376,86718,87138,259232,86410.66666666667,,Barnet,211.0,80093.0,16.547513116002644,0.12601439576492326,3.9841184622875905,8.497621514988825,Q1 Least deprived,Matched to IMD 2019 LAD
92705,Neonatal mortality rate,E08000016,Barnsley,UA,<28 days,Persons,2022 - 24,20220000,2.72702481592582,1.66504347353094,4.21187351638902,20.0,7334.0,,Cannot be calculated,Similar,1000.0,"per 1,000",3.06500850253027,2.98254472540386,3.1491744296419,-0.3379836866044501,Value available,48027,48385,48924,145336,48445.333333333336,,Barnsley,147.0,44050.0,31.36595786606129,0.2250699659477866,43.314415437003404,36.66515323496027,Q5 Most deprived,Matched to IMD 2019 LAD
92705,Neonatal mortality rate,E06000022,Bath and North East Somerset,UA,<28 days,Persons,2022 - 24,20220000,2.12856534695615,1.01903999871596,3.91474214681917,10.0,4698.0,Interpret with caution - see Notes section in Definitions for details,Cannot be calculated,Similar,1000.0,"per 1,000",3.06500850253027,2.98254472540386,3.1491744296419,-0.93644315557412,Value available,34394,34741,34810,103945,34648.333333333336,,Bath and North East Somerset,115.0,30660.0,12.44038763861709,0.103979843444227,5.622961513372473,6.6764514024788,Q2,Matched to IMD 2019 LAD
92705,Neonatal mortality rate,E06000055,Bedford,UA,<28 days,Persons,2022 - 24,20220000,3.56275303643725,2.23198262860139,5.39429615863011,22.0,6175.0,,Cannot be calculated,Similar,1000.0,"per 1,000",3.06500850253027,2.98254472540386,3.1491744296419,0.4977445339069799,Value available,39996,40846,41516,122358,40786.0,,Bedford,103.0,33622.0,19.601445779549103,0.15142210457438582,14.826601629885195,15.938968532508477,Q3,Matched to IMD 2019 LAD
92705,Neonatal mortality rate,E09000004,Bexley,UA,<28 days,Persons,2022 - 24,20220000,3.13008639038437,2.02507398543348,4.62081516116006,25.0,7987.0,,Cannot be calculated,Similar,1000.0,"per 1,000",3.06500850253027,2.98254472540386,3.1491744296419,0.06507788785410007,Value available,53902,54871,55303,164076,54692.0,,Bexley,146.0,49822.0,17.62895560194292,0.16014457468588172,8.34571073019951,19.635903817590624,Q2,Matched to IMD 2019 LAD
92705,Neonatal mortality rate,E08000025,Birmingham,UA,<28 days,Persons,2022 - 24,20220000,7.02332828978569,6.26434258292309,7.84891523574951,311.0,44281.0,,Cannot be calculated,Worse,1000.0,"per 1,000",3.06500850253027,2.98254472540386,3.1491744296419,3.95831978725542,Value available,270630,271899,272806,815335,271778.3333333333,,Birmingham,639.0,254167.0,41.323414983062314,0.27585586248411476,67.52332128089013,61.35690313848769,Q5 Most deprived,Matched to IMD 2019 LAD
92705,Neonatal mortality rate,E06000008,Blackburn with Darwen,UA,<28 days,Persons,2022 - 24,20220000,3.53107344632768,2.15597260502753,5.45372181659553,20.0,5664.0,,Cannot be calculated,Similar,1000.0,"per 1,000",3.06500850253027,2.98254472540386,3.1491744296419,0.4660649437974098,Value available,38034,38587,39294,115915,38638.333333333336,,Blackburn with Darwen,91.0,34186.0,38.194969724448605,0.22767632949160474,62.29158134909027,41.40583864739952,Q5 Most deprived,Matched to IMD 2019 LAD
92705,Neonatal mortality rate,E06000009,Blackpool,UA,<28 days,Persons,2022 - 24,20220000,5.64174894217207,3.61370966146911,8.39483225951676,24.0,4254.0,,Cannot be calculated,Worse,1000.0,"per 1,000",3.06500850253027,2.98254472540386,3.1491744296419,2.5767404396418,Value available,26735,26851,27089,80675,26891.666666666668,,Blackpool,94.0,25394.0,46.49764653067655,0.30681200283531546,59.15964401039616,48.665038985587145,Q5 Most deprived,Matched to IMD 2019 LAD
92705,Neonatal mortality rate,E08000001,Bolton,UA,<28 days,Persons,2022 - 24,20220000,4.24368162957375,3.09508237415572,5.67851392671745,45.0,10604.0,,Cannot be calculated,Worse,1000.0,"per 1,000",3.06500850253027,2.98254472540386,3.1491744296419,1.17867312704348,Value available,68700,70030,70942,209672,69890.66666666667,,Bolton,177.0,58831.0,33.30017472081045,0.21852618517448283,49.91926025394775,38.913158028930326,Q5 Most deprived,Matched to IMD 2019 LAD
92705,Neonatal mortality rate,E06000058,"Bournemouth, Christchurch and Poole",UA,<28 days,Persons,2022 - 24,20220000,2.07210940737671,1.26517082831288,3.20036058528772,20.0,9652.0,,Cannot be calculated,Similar,1000.0,"per 1,000",3.06500850253027,2.98254472540386,3.1491744296419,-0.9928990951535601,Value available,70186,70556,70505,211247,70415.66666666667,,"Bournemouth, Christchurch and Poole",233.0,65265.0,18.89553584616563,0.14695366582394853,13.052938021910672,14.57749176434536,Q3,Matched to IMD 2019 LAD
92705,Neonatal mortality rate,E06000036,Bracknell Forest,UA,<28 days,Persons,2022 - 24,20220000,1.48883374689826,0.54637574528309,3.24056427357784,6.0,4030.0,Interpret with caution - see Notes section in Definitions for details,Cannot be calculated,Similar,1000.0,"per 1,000",3.06500850253027,2.98254472540386,3.1491744296419,-1.57617475563201,Value available,26785,27319,27747,81851,27283.666666666668,,Bracknell Forest,75.0,24849.0,10.548147370115498,0.08902869330757779,,,nan,Matched to IMD 2019 LAD
92705,Neonatal mortality rate,E08000032,Bradford,UA,<28 days,Persons,2022 - 24,20220000,4.89768208709146,3.98915158992584,5.95118299575156,101.0,20622.0,,Cannot be calculated,Worse,1000.0,"per 1,000",3.06500850253027,2.98254472540386,3.1491744296419,1.83267358456119,Value available,132933,133042,133152,399127,133042.33333333334,,Bradford,310.0,125172.0,38.38322818202154,0.22539401783146393,58.49471127728246,40.989997763078,Q5 Most deprived,Matched to IMD 2019 LAD
92705,Neonatal mortality rate,E09000005,Brent,UA,<28 days,Persons,2022 - 24,20220000,2.19314830220071,1.46848182608179,3.14984101876845,29.0,13223.0,,Cannot be calculated,Similar,1000.0,"per 1,000",3.06500850253027,2.98254472540386,3.1491744296419,-0.8718602003295599,Value available,68259,68436,68337,205032,68344.0,,Brent,173.0,67701.0,26.623692781495105,0.1816095774065376,23.625943486802264,19.439890105020606,Q3,Matched to IMD 2019 LAD
92705,Neonatal mortality rate,E06000043,Brighton and Hove,UA,<28 days,Persons,2022 - 24,20220000,3.03805564438759,1.82826679823966,4.74453889755646,19.0,6254.0,Interpret with caution - see Notes section in Definitions for details,Cannot be calculated,Similar,1000.0,"per 1,000",3.06500850253027,2.98254472540386,3.1491744296419,-0.026952858142680114,Value available,44689,44348,43936,132973,44324.333333333336,,Brighton and Hove,165.0,45576.0,20.742382460066704,0.1528897446024223,18.154291732490783,17.603563278918728,Q3,Matched to IMD 2019 LAD
92705,Neonatal mortality rate,E06000023,Bristol,UA,<28 days,Persons,2022 - 24,20220000,2.56756756756757,1.81673435683748,3.52428604263342,38.0,14800.0,,Cannot be calculated,Similar,1000.0,"per 1,000",3.06500850253027,2.98254472540386,3.1491744296419,-0.4974409349626998,Value available,86114,85916,85837,257867,85955.66666666667,,"Bristol, City of",263.0,83792.0,29.603451582489974,0.20582077047928202,38.19099675386672,33.433979377506205,Q5 Most deprived,Matched to IMD 2019 LAD
92705,Neonatal mortality rate,E09000006,Bromley,UA,<28 days,Persons,2022 - 24,20220000,1.67125442390877,0.97301190613355,2.67598401542513,17.0,10172.0,Interpret with caution - see Notes section in Definitions for details,Cannot be calculated,Better,1000.0,"per 1,000",3.06500850253027,2.98254472540386,3.1491744296419,-1.3937540786215,Value available,68643,69028,69158,206829,68943.0,,Bromley,197.0,64567.0,15.123660368299596,0.13080462155590317,9.301965400281878,17.374200442950734,Q2,Matched to IMD 2019 LAD
92705,Neonatal mortality rate,E06000060,Buckinghamshire UA,UA,<28 days,Persons,2022 - 24,20220000,2.68913589100036,1.96129159170236,3.59836032502162,45.0,16734.0,,Cannot be calculated,Similar,1000.0,"per 1,000",3.06500850253027,2.98254472540386,3.1491744296419,-0.37587261152991003,Value available,119920,121883,123794,365597,121865.66666666667,,,,,,,,,,Unmatched: boundary/code change
92705,Neonatal mortality rate,E08000002,Bury,UA,<28 days,Persons,2022 - 24,20220000,3.58131206251017,2.24360943050848,5.42239602466888,22.0,6143.0,,Cannot be calculated,Similar,1000.0,"per 1,000",3.06500850253027,2.98254472540386,3.1491744296419,0.5163035599799,Value available,41750,41990,42206,125946,41982.0,,Bury,120.0,38021.0,24.77078543436522,0.1687816206833066,24.817863812103838,26.86410141763762,Q4,Matched to IMD 2019 LAD
92705,Neonatal mortality rate,E08000033,Calderdale,UA,<28 days,Persons,2022 - 24,20220000,1.88227241615332,0.938345345388428,3.36811038948432,11.0,5844.0,Interpret with caution - see Notes section in Definitions for details,Cannot be calculated,Similar,1000.0,"per 1,000",3.06500850253027,2.98254472540386,3.1491744296419,-1.18273608637695,Value available,42963,42879,42753,128595,42865.0,,Calderdale,128.0,40641.0,28.53236645259713,0.1964757756944957,36.54683693806747,32.349105583031914,Q4,Matched to IMD 2019 LAD
92705,Neonatal mortality rate,E09000007,Camden,UA,<28 days,Persons,2022 - 24,20220000,2.97078725862354,1.75977797686725,4.69536885829777,18.0,6059.0,Interpret with caution - see Notes section in Definitions for details,Cannot be calculated,Similar,1000.0,"per 1,000",3.06500850253027,2.98254472540386,3.1491744296419,-0.09422124390673003,Value available,34157,33268,32242,99667,33222.333333333336,,Camden,133.0,42046.0,21.104777505589112,0.19319347857108882,19.85682347904676,32.59525281834182,Q3,Matched to IMD 2019 LAD
92705,Neonatal mortality rate,E06000056,Central Bedfordshire,UA,<28 days,Persons,2022 - 24,20220000,2.89379762708595,1.95205354425257,4.13122136992367,30.0,10367.0,,Cannot be calculated,Similar,1000.0,"per 1,000",3.06500850253027,2.98254472540386,3.1491744296419,-0.17121087544432,Value available,62366,64440,66167,192973,64324.333333333336,,Central Bedfordshire,157.0,53268.0,12.744473417436359,0.11419828039348201,2.673274761582939,7.595554554329053,Q1 Least deprived,Matched to IMD 2019 LAD
92705,Neonatal mortality rate,E06000049,Cheshire East,UA,<28 days,Persons,2022 - 24,20220000,2.02317454478573,1.26747220264977,3.06324984178232,22.0,10874.0,,Cannot be calculated,Better,1000.0,"per 1,000",3.06500850253027,2.98254472540386,3.1491744296419,-1.0418339577445401,Value available,76223,77676,78801,232700,77566.66666666667,,Cheshire East,234.0,66190.0,15.511410364103341,0.10680793171173894,11.473032180087626,9.336757818401571,Q2,Matched to IMD 2019 LAD
92705,Neonatal mortality rate,E06000050,Cheshire West and Chester,UA,<28 days,Persons,2022 - 24,20220000,2.35193500106906,1.47343304806645,3.56101975406681,22.0,9354.0,,Cannot be calculated,Similar,1000.0,"per 1,000",3.06500850253027,2.98254472540386,3.1491744296419,-0.71307350146121,Value available,66892,67773,67998,202663,67554.33333333333,,Cheshire West and Chester,212.0,58586.0,19.6081066978459,0.14450245792510155,19.41419451746151,18.325197146075855,Q3,Matched to IMD 2019 LAD
92705,Neonatal mortality rate,E09000001,City of London,UA,<28 days,Persons,2022 - 24,20220000,,,,,,Value for Hackney and City of London combined,Cannot be calculated,Not compared,1000.0,"per 1,000",3.06500850253027,2.98254472540386,3.1491744296419,,Suppressed / unavailable,813,743,713,2269,756.3333333333334,,City of London,6.0,922.0,15.411652928416485,0.07064750542299347,,,nan,Matched to IMD 2019 LAD
92705,Neonatal mortality rate,E06000052,Cornwall,UA,<28 days,Persons,2022 - 24,20220000,2.17323812480596,1.44378194862647,3.14105165748816,28.0,12884.0,Value for Cornwall and Isles of Scilly combined,Cannot be calculated,Similar,1000.0,"per 1,000",3.06500850253027,2.98254472540386,3.1491744296419,-0.8917703777243102,Value available,100566,101109,101165,302840,100946.66666666667,,Cornwall,326.0,92802.0,23.737555440615505,0.16352660503006397,14.588047671386393,15.621430572616969,Q3,Matched to IMD 2019 LAD
92705,Neonatal mortality rate,E06000047,County Durham,UA,<28 days,Persons,2022 - 24,20220000,3.52588147036759,2.59046194654929,4.68878057028256,47.0,13330.0,,Cannot be calculated,Similar,1000.0,"per 1,000",3.06500850253027,2.98254472540386,3.1491744296419,0.4608729678373198,Value available,94634,95164,95149,284947,94982.33333333333,,County Durham,324.0,88642.0,28.480849315223036,0.221608097741477,36.16682836578597,38.185059001376324,Q4,Matched to IMD 2019 LAD
92705,Neonatal mortality rate,E08000026,Coventry,UA,<28 days,Persons,2022 - 24,20220000,4.9055678194751,3.74325562223125,6.31454696650799,60.0,12231.0,,Cannot be calculated,Worse,1000.0,"per 1,000",3.06500850253027,2.98254472540386,3.1491744296419,1.8405593169448298,Value available,73066,75044,76601,224711,74903.66666666667,,Coventry,195.0,67785.0,28.123808305672345,0.21823578962897394,32.74765803643874,39.28892822895921,Q4,Matched to IMD 2019 LAD
92705,Neonatal mortality rate,E09000008,Croydon,UA,<28 days,Persons,2022 - 24,20220000,1.82260024301337,1.20082114696754,2.6518900140536,27.0,14814.0,,Cannot be calculated,Better,1000.0,"per 1,000",3.06500850253027,2.98254472540386,3.1491744296419,-1.2424082595169,Value available,85105,86016,86979,258100,86033.33333333333,,Croydon,220.0,83543.0,24.0888000311217,0.18491169816741082,21.787582442574482,24.46883640759848,Q3,Matched to IMD 2019 LAD
92705,Neonatal mortality rate,E06000063,Cumberland,UA,<28 days,Persons,2022 - 24,20220000,2.63620386643234,1.56158388427632,4.1665553474555,18.0,6828.0,Interpret with caution - see Notes section in Definitions for details,Cannot be calculated,Similar,1000.0,"per 1,000",3.06500850253027,2.98254472540386,3.1491744296419,-0.42880463609792985,Value available,48988,49469,49833,148290,49430.0,,,,,,,,,,Unmatched: boundary/code change
92705,Neonatal mortality rate,E06000005,Darlington,UA,<28 days,Persons,2022 - 24,20220000,4.79539641943734,2.68198977404541,7.90972869029388,15.0,3128.0,Interpret with caution - see Notes section in Definitions for details,Cannot be calculated,Similar,1000.0,"per 1,000",3.06500850253027,2.98254472540386,3.1491744296419,1.7303879169070702,Value available,21285,21473,21580,64338,21446.0,,Darlington,65.0,20107.0,27.220716815039538,0.20275217585915353,33.19242055005719,34.30646043666385,Q4,Matched to IMD 2019 LAD
92705,Neonatal mortality rate,E06000015,Derby,UA,<28 days,Persons,2022 - 24,20220000,4.00595169966808,2.78988330925102,5.57147868805196,35.0,8737.0,,Cannot be calculated,Similar,1000.0,"per 1,000",3.06500850253027,2.98254472540386,3.1491744296419,0.9409431971378104,Value available,56140,57003,57930,171073,57024.333333333336,,Derby,151.0,52758.0,28.579167330073165,0.21125108988210323,42.897759581485275,36.432389400659616,Q5 Most deprived,Matched to IMD 2019 LAD
92705,Neonatal mortality rate,E08000017,Doncaster,UA,<28 days,Persons,2022 - 24,20220000,3.49902233199547,2.42280035441599,4.88968606550333,34.0,9717.0,,Cannot be calculated,Similar,1000.0,"per 1,000",3.06500850253027,2.98254472540386,3.1491744296419,0.43401382946519984,Value available,61608,62923,64368,188899,62966.333333333336,,Doncaster,194.0,58136.0,32.364333081051335,0.22719134443374156,46.843608091371955,40.467180404568595,Q5 Most deprived,Matched to IMD 2019 LAD
92705,Neonatal mortality rate,E06000059,Dorset,UA,<28 days,Persons,2022 - 24,20220000,2.24808251785242,1.30884383882445,3.59959129924682,17.0,7562.0,Interpret with caution - see Notes section in Definitions for details,Cannot be calculated,Similar,1000.0,"per 1,000",3.06500850253027,2.98254472540386,3.1491744296419,-0.8169259846778498,Value available,63358,63721,64039,191118,63706.0,,Dorset,219.0,59548.0,16.26707530059784,0.1214526432457849,5.536709881104319,7.2378585342916635,Q2,Matched to IMD 2019 LAD
92705,Neonatal mortality rate,E08000027,Dudley,UA,<28 days,Persons,2022 - 24,20220000,3.3563672260612,2.32402280788353,4.69033361288212,34.0,10130.0,,Cannot be calculated,Similar,1000.0,"per 1,000",3.06500850253027,2.98254472540386,3.1491744296419,0.29135872353093006,Value available,65397,66334,67117,198848,66282.66666666667,,Dudley,201.0,60440.0,26.556122584381207,0.20620436796823297,33.72600926538716,36.35175380542687,Q4,Matched to IMD 2019 LAD
92705,Neonatal mortality rate,E09000009,Ealing,UA,<28 days,Persons,2022 - 24,20220000,1.70282075960613,1.07909755523904,2.55517955748486,23.0,13507.0,,Cannot be calculated,Better,1000.0,"per 1,000",3.06500850253027,2.98254472540386,3.1491744296419,-1.36218774292414,Value available,75695,75709,75229,226633,75544.33333333333,,Ealing,196.0,73491.0,23.46921402620729,0.16634930807854023,18.92884843042005,16.240083819787458,Q3,Matched to IMD 2019 LAD
92705,Neonatal mortality rate,E06000011,East Riding of Yorkshire,UA,<28 days,Persons,2022 - 24,20220000,1.82196772514315,0.995253865172939,3.05713141314089,14.0,7684.0,Interpret with caution - see Notes section in Definitions for details,Cannot be calculated,Better,1000.0,"per 1,000",3.06500850253027,2.98254472540386,3.1491744296419,-1.24304077738712,Value available,59265,59761,60213,179239,59746.333333333336,,East Riding of Yorkshire,210.0,54925.0,16.213588074647244,0.11845953573054166,9.458352298588984,11.918070095584888,Q2,Matched to IMD 2019 LAD
92705,Neonatal mortality rate,E09000010,Enfield,UA,<28 days,Persons,2022 - 24,20220000,2.15111589136865,1.37785434255531,3.20082606722096,24.0,11157.0,,Cannot be calculated,Similar,1000.0,"per 1,000",3.06500850253027,2.98254472540386,3.1491744296419,-0.9138926111616201,Value available,76684,76302,75446,228432,76144.0,,Enfield,183.0,74942.0,27.627728510047767,0.2247481652477916,36.93789864161619,45.93152037575725,Q4,Matched to IMD 2019 LAD
92705,Neonatal mortality rate,E08000037,Gateshead,UA,<28 days,Persons,2022 - 24,20220000,2.91067855193742,1.6626357865273,4.72702168347485,16.0,5497.0,Interpret with caution - see Notes section in Definitions for details,Cannot be calculated,Similar,1000.0,"per 1,000",3.06500850253027,2.98254472540386,3.1491744296419,-0.15432995059284993,Value available,37435,37938,38148,113521,37840.333333333336,,Gateshead,126.0,35134.0,29.718634029714806,0.2037988558091877,34.177719587863606,30.64552854784539,Q4,Matched to IMD 2019 LAD
92705,Neonatal mortality rate,E09000011,Greenwich,UA,<28 days,Persons,2022 - 24,20220000,2.85372364908405,1.93861193563749,4.05077122203585,31.0,10863.0,,Cannot be calculated,Similar,1000.0,"per 1,000",3.06500850253027,2.98254472540386,3.1491744296419,-0.21128485344621994,Value available,61325,61077,60655,183057,61019.0,,Greenwich,151.0,60023.0,25.59034205221332,0.2124414974259867,24.680539126668112,30.216750245739135,Q4,Matched to IMD 2019 LAD
92705,Neonatal mortality rate,E09000012,Hackney,UA,<28 days,Persons,2022 - 24,20220000,3.28607642474885,2.28853727095354,4.57027596446437,35.0,10651.0,Value for Hackney and City of London combined,Cannot be calculated,Similar,1000.0,"per 1,000",3.06500850253027,2.98254472540386,3.1491744296419,0.22106792221857985,Value available,51330,50850,49968,152148,50716.0,,Hackney,144.0,55620.0,33.1073645631068,0.24945212153901475,44.55411722402014,46.35023372887451,Q5 Most deprived,Matched to IMD 2019 LAD
92705,Neonatal mortality rate,E06000006,Halton,UA,<28 days,Persons,2022 - 24,20220000,2.80662363177098,1.34365700644613,5.16179023456539,10.0,3563.0,Interpret with caution - see Notes section in Definitions for details,Cannot be calculated,Similar,1000.0,"per 1,000",3.06500850253027,2.98254472540386,3.1491744296419,-0.25838487075928995,Value available,26342,26516,26469,79327,26442.333333333332,,Halton,79.0,25195.0,34.54001250248066,0.23881964675530862,54.07422107561024,47.275253026394125,Q5 Most deprived,Matched to IMD 2019 LAD
92705,Neonatal mortality rate,E09000013,Hammersmith and Fulham,UA,<28 days,Persons,2022 - 24,20220000,3.51582119537921,2.17552260300966,5.37455889487307,21.0,5973.0,,Cannot be calculated,Similar,1000.0,"per 1,000",3.06500850253027,2.98254472540386,3.1491744296419,0.45081269284894,Value available,29615,29202,28816,87633,29211.0,,Hammersmith and Fulham,113.0,31402.0,22.89390774472963,0.18652582638048532,21.460416533978727,32.768613464110565,Q3,Matched to IMD 2019 LAD
92705,Neonatal mortality rate,E09000014,Haringey,UA,<28 days,Persons,2022 - 24,20220000,1.73272687892571,0.989767047708532,2.81399590578961,16.0,9234.0,Interpret with caution - see Notes section in Definitions for details,Cannot be calculated,Better,1000.0,"per 1,000",3.06500850253027,2.98254472540386,3.1491744296419,-1.33228162360456,Value available,50371,49985,49457,149813,49937.666666666664,,Haringey,145.0,54139.0,28.948393782670532,0.2083391085908495,38.15179445501395,39.95825560132252,Q4,Matched to IMD 2019 LAD
92705,Neonatal mortality rate,E09000015,Harrow,UA,<28 days,Persons,2022 - 24,20220000,3.44971775036588,2.37423954821405,4.84484235012056,33.0,9566.0,,Cannot be calculated,Similar,1000.0,"per 1,000",3.06500850253027,2.98254472540386,3.1491744296419,0.3847092478356098,Value available,55224,55613,55676,166513,55504.333333333336,,Harrow,137.0,50943.0,15.362554973205345,0.1228206230492904,1.4545668688534243,5.6631921951985555,Q1 Least deprived,Matched to IMD 2019 LAD
92705,Neonatal mortality rate,E06000001,Hartlepool,UA,<28 days,Persons,2022 - 24,20220000,3.33086602516654,1.52308404788243,6.32302126255336,9.0,2702.0,Interpret with caution - see Notes section in Definitions for details,Cannot be calculated,Similar,1000.0,"per 1,000",3.06500850253027,2.98254472540386,3.1491744296419,0.2658575226362698,Value available,19229,19552,20013,58794,19598.0,,Hartlepool,58.0,17580.0,37.11760335608646,0.28320358361774745,58.57792946530148,60.21046643913538,Q5 Most deprived,Matched to IMD 2019 LAD
92705,Neonatal mortality rate,E09000016,Havering,UA,<28 days,Persons,2022 - 24,20220000,1.91326530612245,1.13334340580768,3.02394131722217,18.0,9408.0,Interpret with caution - see Notes section in Definitions for details,Cannot be calculated,Better,1000.0,"per 1,000",3.06500850253027,2.98254472540386,3.1491744296419,-1.15174319640782,Value available,56733,58133,59806,174672,58224.0,,Havering,150.0,48185.0,18.086519560029057,0.16001035591989207,9.137698453875688,17.13811352080523,Q2,Matched to IMD 2019 LAD
92705,Neonatal mortality rate,E06000019,Herefordshire,UA,<28 days,Persons,2022 - 24,20220000,2.20945647370747,1.05776622049659,4.06351272774116,10.0,4526.0,Interpret with caution - see Notes section in Definitions for details,Cannot be calculated,Similar,1000.0,"per 1,000",3.06500850253027,2.98254472540386,3.1491744296419,-0.8555520288228,Value available,32277,32473,32514,97264,32421.333333333332,,"Herefordshire, County of",116.0,31713.0,19.52836272191215,0.12405363730962066,9.82247028032668,7.996720587771576,Q2,Matched to IMD 2019 LAD
92705,Neonatal mortality rate,E09000017,Hillingdon,UA,<28 days,Persons,2022 - 24,20220000,2.42463428432878,1.63557254451357,3.46143796508516,30.0,12373.0,,Cannot be calculated,Similar,1000.0,"per 1,000",3.06500850253027,2.98254472540386,3.1491744296419,-0.6403742182014902,Value available,68125,69271,69786,207182,69060.66666666667,,Hillingdon,161.0,63455.0,19.488316665353402,0.1571852809077299,5.399101725632338,7.138917342998976,Q2,Matched to IMD 2019 LAD
92705,Neonatal mortality rate,E09000018,Hounslow,UA,<28 days,Persons,2022 - 24,20220000,4.25295857988166,3.11342153170669,5.67298156680015,46.0,10816.0,,Cannot be calculated,Worse,1000.0,"per 1,000",3.06500850253027,2.98254472540386,3.1491744296419,1.1879500773513896,Value available,62281,62567,61747,186595,62198.333333333336,,Hounslow,142.0,56509.0,22.176300890123695,0.17034350280486293,9.373728078713125,14.325151745739618,Q2,Matched to IMD 2019 LAD
92705,Neonatal mortality rate,E06000046,Isle of Wight,UA,<28 days,Persons,2022 - 24,20220000,1.42450142450142,0.388128694311369,3.64728941431756,4.0,2808.0,Interpret with caution - see Notes section in Definitions for details,Cannot be calculated,Similar,1000.0,"per 1,000",3.06500850253027,2.98254472540386,3.1491744296419,-1.64050707802885,Value available,22528,22428,22319,67275,22425.0,,Isle of Wight,89.0,22123.0,24.46815291777788,0.18008217691994757,17.904443339510916,21.502508701351534,Q3,Matched to IMD 2019 LAD
92705,Neonatal mortality rate,E06000053,Isles of Scilly,UA,<28 days,Persons,2022 - 24,20220000,,,,,,Value for Cornwall and Isles of Scilly combined,Cannot be calculated,Not compared,1000.0,"per 1,000",3.06500850253027,2.98254472540386,3.1491744296419,,Suppressed / unavailable,339,360,319,1018,339.3333333333333,,Isles of Scilly,1.0,357.0,12.004999999999999,0.032,,,nan,Matched to IMD 2019 LAD
92705,Neonatal mortality rate,E09000019,Islington,UA,<28 days,Persons,2022 - 24,20220000,1.1454753722795,0.494534962306486,2.25704313003913,8.0,6984.0,Interpret with caution - see Notes section in Definitions for details,Cannot be calculated,Better,1000.0,"per 1,000",3.06500850253027,2.98254472540386,3.1491744296419,-1.91953313025077,Value available,33717,33479,32809,100005,33335.0,,Islington,123.0,36201.0,28.674157896190717,0.27531800226513087,31.211844976658103,59.91270959365763,Q4,Matched to IMD 2019 LAD
92705,Neonatal mortality rate,E09000020,Kensington and Chelsea,UA,<28 days,Persons,2022 - 24,20220000,0.746825989544436,0.154013473461688,2.1825424619722,3.0,4017.0,Interpret with caution - see Notes section in Definitions for details,Cannot be calculated,Better,1000.0,"per 1,000",3.06500850253027,2.98254472540386,3.1491744296419,-2.318182512985834,Value available,21187,20815,20148,62150,20716.666666666668,,Kensington and Chelsea,103.0,25814.0,22.104818896722712,0.1288470597350275,23.58797551716123,19.97365770512125,Q3,Matched to IMD 2019 LAD
92705,Neonatal mortality rate,E06000010,Kingston upon Hull,UA,<28 days,Persons,2022 - 24,20220000,2.79810589754628,1.82735210994332,4.10003682183408,26.0,9292.0,,Cannot be calculated,Similar,1000.0,"per 1,000",3.06500850253027,2.98254472540386,3.1491744296419,-0.26690260498399,Value available,56638,57748,58076,172462,57487.333333333336,,"Kingston upon Hull, City of",166.0,49893.0,43.1702931473353,0.29801958190527733,59.80398051830918,59.220732367265946,Q5 Most deprived,Matched to IMD 2019 LAD
92705,Neonatal mortality rate,E09000021,Kingston upon Thames,UA,<28 days,Persons,2022 - 24,20220000,2.21818915103852,1.10580564598709,3.96919482075951,11.0,4959.0,Interpret with caution - see Notes section in Definitions for details,Cannot be calculated,Similar,1000.0,"per 1,000",3.06500850253027,2.98254472540386,3.1491744296419,-0.8468193514917499,Value available,34651,34685,34818,104154,34718.0,,Kingston upon Thames,98.0,33935.0,11.383715485486958,0.09956239870340357,1.2789155738912628,1.9537350817739796,Q1 Least deprived,Matched to IMD 2019 LAD
92705,Neonatal mortality rate,E08000034,Kirklees,UA,<28 days,Persons,2022 - 24,20220000,4.85788863109049,3.76462326162465,6.16944051766473,67.0,13792.0,,Cannot be calculated,Worse,1000.0,"per 1,000",3.06500850253027,2.98254472540386,3.1491744296419,1.79288012856022,Value available,93263,93986,94185,281434,93811.33333333333,,Kirklees,259.0,87971.0,27.308930374782598,0.17712033511043412,36.64616748701277,21.192211069557015,Q4,Matched to IMD 2019 LAD
92705,Neonatal mortality rate,E08000011,Knowsley,UA,<28 days,Persons,2022 - 24,20220000,1.97663971248877,0.985389074294694,3.53696983219162,11.0,5565.0,Interpret with caution - see Notes section in Definitions for details,Cannot be calculated,Similar,1000.0,"per 1,000",3.06500850253027,2.98254472540386,3.1491744296419,-1.0883687900415,Value available,32746,33369,34063,100178,33392.666666666664,,Knowsley,98.0,28775.0,44.9647816159861,0.3026673501303215,66.75586446568201,57.32406602953953,Q5 Most deprived,Matched to IMD 2019 LAD
92705,Neonatal mortality rate,E09000022,Lambeth,UA,<28 days,Persons,2022 - 24,20220000,2.11373930548566,1.30794126902634,3.23122700342998,21.0,9935.0,,Cannot be calculated,Similar,1000.0,"per 1,000",3.06500850253027,2.98254472540386,3.1491744296419,-0.9512691970446099,Value available,49699,48671,47176,145546,48515.333333333336,,Lambeth,178.0,56607.0,26.22598563781865,0.22878207642164397,21.792357835603372,39.70003709788542,Q3,Matched to IMD 2019 LAD
92705,Neonatal mortality rate,E08000035,Leeds,UA,<28 days,Persons,2022 - 24,20220000,3.79446640316206,3.07345361066709,4.6337387422794,96.0,25300.0,,Cannot be calculated,Worse,1000.0,"per 1,000",3.06500850253027,2.98254472540386,3.1491744296419,0.7294579006317901,Value available,162520,163850,164704,491074,163691.33333333334,,Leeds,482.0,145907.0,30.850416395375138,0.20277016181540294,41.97331176708451,35.277951023597225,Q5 Most deprived,Matched to IMD 2019 LAD
92705,Neonatal mortality rate,E06000016,Leicester,UA,<28 days,Persons,2022 - 24,20220000,6.55219159511975,5.24788261353168,8.08219421281345,87.0,13278.0,,Cannot be calculated,Worse,1000.0,"per 1,000",3.06500850253027,2.98254472540386,3.1491744296419,3.4871830925894796,Value available,82856,83623,83796,250275,83425.0,,Leicester,192.0,73795.0,33.1890439460668,0.24241418795311334,41.104410867944985,42.65058608306796,Q5 Most deprived,Matched to IMD 2019 LAD
92705,Neonatal mortality rate,E09000023,Lewisham,UA,<28 days,Persons,2022 - 24,20220000,2.60533644775851,1.74447355909438,3.74183341938506,29.0,11131.0,,Cannot be calculated,Similar,1000.0,"per 1,000",3.06500850253027,2.98254472540386,3.1491744296419,-0.4596720547717599,Value available,59327,58204,57349,174880,58293.333333333336,,Lewisham,169.0,61194.0,27.458575170768377,0.22937051018073668,27.94718436448018,38.626335915285814,Q4,Matched to IMD 2019 LAD
92705,Neonatal mortality rate,E08000012,Liverpool,UA,<28 days,Persons,2022 - 24,20220000,3.62197330471527,2.7207546155258,4.72598108966963,54.0,14909.0,,Cannot be calculated,Similar,1000.0,"per 1,000",3.06500850253027,2.98254472540386,3.1491744296419,0.556964802185,Value available,88216,89790,90705,268711,89570.33333333333,,Liverpool,298.0,81104.0,45.55675759518643,0.29920495906490435,68.99906293154469,63.39268100217005,Q5 Most deprived,Matched to IMD 2019 LAD
92705,Neonatal mortality rate,E06000032,Luton,UA,<28 days,Persons,2022 - 24,20220000,4.13461538461539,2.99193950086787,5.56943764665809,43.0,10400.0,,Cannot be calculated,Similar,1000.0,"per 1,000",3.06500850253027,2.98254472540386,3.1491744296419,1.0696068820851203,Value available,55538,55955,56763,168256,56085.333333333336,,Luton,121.0,50578.0,26.806347028352246,0.1960949029222191,31.72921032860137,17.373166198742535,Q4,Matched to IMD 2019 LAD
92705,Neonatal mortality rate,E08000003,Manchester,UA,<28 days,Persons,2022 - 24,20220000,4.86725663716814,3.95577275592563,5.92576673211774,99.0,20340.0,,Cannot be calculated,Worse,1000.0,"per 1,000",3.06500850253027,2.98254472540386,3.1491744296419,1.8022481346378698,Value available,120847,121648,121690,364185,121395.0,,Manchester,282.0,106195.0,44.25276200386083,0.29721928527708463,73.4723857055417,62.820283440839965,Q5 Most deprived,Matched to IMD 2019 LAD
92705,Neonatal mortality rate,E06000035,Medway,UA,<28 days,Persons,2022 - 24,20220000,2.37750671904073,1.5066539878658,3.56758427568203,23.0,9674.0,,Cannot be calculated,Similar,1000.0,"per 1,000",3.06500850253027,2.98254472540386,3.1491744296419,-0.68750178348954,Value available,61427,63099,64490,189016,63005.333333333336,,Medway,163.0,55993.0,25.251173843158966,0.18929575125462114,26.13898165842159,29.75550515242977,Q4,Matched to IMD 2019 LAD
92705,Neonatal mortality rate,E09000024,Merton,UA,<28 days,Persons,2022 - 24,20220000,2.56687381788706,1.54471501704821,4.00869309177494,19.0,7402.0,Interpret with caution - see Notes section in Definitions for details,Cannot be calculated,Similar,1000.0,"per 1,000",3.06500850253027,2.98254472540386,3.1491744296419,-0.49813468464321,Value available,44302,44237,43585,132124,44041.333333333336,,Merton,124.0,42123.0,15.342790019704198,0.133870450822591,2.841677943166441,9.272843814543124,Q1 Least deprived,Matched to IMD 2019 LAD
92705,Neonatal mortality rate,E06000002,Middlesbrough,UA,<28 days,Persons,2022 - 24,20220000,3.99636693914623,2.50363174052926,6.05082266658327,22.0,5505.0,,Cannot be calculated,Similar,1000.0,"per 1,000",3.06500850253027,2.98254472540386,3.1491744296419,0.9313584366159602,Value available,32355,32822,32972,98149,32716.333333333332,,Middlesbrough,86.0,28622.0,43.626475124030456,0.32700384319754044,62.84326741667249,60.55481797218923,Q5 Most deprived,Matched to IMD 2019 LAD
92705,Neonatal mortality rate,E06000042,Milton Keynes,UA,<28 days,Persons,2022 - 24,20220000,2.73713022423413,1.78753087752324,4.01068977244787,26.0,9499.0,,Cannot be calculated,Similar,1000.0,"per 1,000",3.06500850253027,2.98254472540386,3.1491744296419,-0.32787827829614,Value available,67369,69083,69991,206443,68814.33333333333,,Milton Keynes,152.0,59903.0,19.128288165868153,0.15040732517570068,15.009264978381717,15.598550990768409,Q3,Matched to IMD 2019 LAD
92705,Neonatal mortality rate,E08000021,Newcastle upon Tyne,UA,<28 days,Persons,2022 - 24,20220000,3.52228948816731,2.40882751407041,4.97258664927906,32.0,9085.0,,Cannot be calculated,Similar,1000.0,"per 1,000",3.06500850253027,2.98254472540386,3.1491744296419,0.4572809856370399,Value available,55013,56418,57098,168529,56176.333333333336,,Newcastle upon Tyne,175.0,50575.0,34.613074957983194,0.2467053484923381,50.254078101828966,49.8230350963915,Q5 Most deprived,Matched to IMD 2019 LAD
92705,Neonatal mortality rate,E09000025,Newham,UA,<28 days,Persons,2022 - 24,20220000,2.40818783865141,1.72024683121234,3.27935576881543,40.0,16610.0,,Cannot be calculated,Similar,1000.0,"per 1,000",3.06500850253027,2.98254472540386,3.1491744296419,-0.6568206638788601,Value available,77908,77658,76629,232195,77398.33333333333,,Newham,164.0,75869.0,29.938514716155478,0.20146713413910822,26.56025517668613,18.257786447692734,Q4,Matched to IMD 2019 LAD
92705,Neonatal mortality rate,E06000012,North East Lincolnshire,UA,<28 days,Persons,2022 - 24,20220000,2.05058099794942,0.93765620810625,3.89264147902009,9.0,4389.0,Interpret with caution - see Notes section in Definitions for details,Cannot be calculated,Similar,1000.0,"per 1,000",3.06500850253027,2.98254472540386,3.1491744296419,-1.01442750458085,Value available,31594,31721,31808,95123,31707.666666666668,,North East Lincolnshire,106.0,30450.0,34.930807159277514,0.27356078817733986,44.57799671592775,45.68144499178982,Q5 Most deprived,Matched to IMD 2019 LAD
92705,Neonatal mortality rate,E06000013,North Lincolnshire,UA,<28 days,Persons,2022 - 24,20220000,5.28517947588637,3.38531620785941,7.86426259237707,24.0,4541.0,,Cannot be calculated,Worse,1000.0,"per 1,000",3.06500850253027,2.98254472540386,3.1491744296419,2.2201709733560997,Value available,32687,32722,32771,98180,32726.666666666668,,North Lincolnshire,101.0,31477.0,24.236133430758965,0.18268017917844773,26.654382565047495,28.983067001302537,Q4,Matched to IMD 2019 LAD
92705,Neonatal mortality rate,E06000061,North Northamptonshire,UA,<28 days,Persons,2022 - 24,20220000,3.50101345126221,2.47721286909846,4.80554942242257,38.0,10854.0,,Cannot be calculated,Similar,1000.0,"per 1,000",3.06500850253027,2.98254472540386,3.1491744296419,0.4360049487319402,Value available,75960,77254,78590,231804,77268.0,,,,,,,,,,Unmatched: boundary/code change
92705,Neonatal mortality rate,E06000024,North Somerset,UA,<28 days,Persons,2022 - 24,20220000,1.08813928182807,0.39932793860915,2.36842111398598,6.0,5514.0,Interpret with caution - see Notes section in Definitions for details,Cannot be calculated,Better,1000.0,"per 1,000",3.06500850253027,2.98254472540386,3.1491744296419,-1.9768692207022,Value available,41284,41853,42149,125286,41762.0,,North Somerset,135.0,37919.0,15.81648817215644,0.12436554234025159,10.430127376776813,12.05464279121285,Q2,Matched to IMD 2019 LAD
92705,Neonatal mortality rate,E08000022,North Tyneside,UA,<28 days,Persons,2022 - 24,20220000,2.35208974127013,1.25117440648826,4.02238592535751,13.0,5527.0,Interpret with caution - see Notes section in Definitions for details,Cannot be calculated,Similar,1000.0,"per 1,000",3.06500850253027,2.98254472540386,3.1491744296419,-0.71291876126014,Value available,40057,40278,40262,120597,40199.0,,North Tyneside,131.0,35936.0,23.494828667631342,0.17917586821015136,23.51680765805877,30.860418521816563,Q3,Matched to IMD 2019 LAD
92705,Neonatal mortality rate,E06000065,North Yorkshire UA,UA,<28 days,Persons,2022 - 24,20220000,2.88957688338493,2.08233348385848,3.90596757760125,42.0,14535.0,,Cannot be calculated,Similar,1000.0,"per 1,000",3.06500850253027,2.98254472540386,3.1491744296419,-0.17543161914534,Value available,109214,109388,110117,328719,109573.0,,,,,,,,,,Unmatched: boundary/code change
92705,Neonatal mortality rate,E06000057,Northumberland,UA,<28 days,Persons,2022 - 24,20220000,2.05310703531344,1.14827046444211,3.38648115839574,15.0,7306.0,Interpret with caution - see Notes section in Definitions for details,Cannot be calculated,Similar,1000.0,"per 1,000",3.06500850253027,2.98254472540386,3.1491744296419,-1.01190146721683,Value available,55996,56299,56363,168658,56219.333333333336,,Northumberland,197.0,52078.0,23.764028322900263,0.1737438649717731,25.486769845232153,25.429163946388112,Q4,Matched to IMD 2019 LAD
92705,Neonatal mortality rate,E06000018,Nottingham,UA,<28 days,Persons,2022 - 24,20220000,3.93468424158961,2.8106728178671,5.35806603580801,40.0,10166.0,,Cannot be calculated,Similar,1000.0,"per 1,000",3.06500850253027,2.98254472540386,3.1491744296419,0.8696757390593399,Value available,62537,63089,63338,188964,62988.0,,Nottingham,182.0,59185.0,38.72189744022979,0.297920621779167,66.27354904114218,68.21322970347217,Q5 Most deprived,Matched to IMD 2019 LAD
92705,Neonatal mortality rate,E08000004,Oldham,UA,<28 days,Persons,2022 - 24,20220000,4.073756432247,2.88246874798399,5.59170598531032,38.0,9328.0,,Cannot be calculated,Similar,1000.0,"per 1,000",3.06500850253027,2.98254472540386,3.1491744296419,1.0087479297167303,Value available,59157,59606,60170,178933,59644.333333333336,,Oldham,141.0,52119.0,36.83009061954374,0.23323166215775443,59.46008173602717,45.54577025652833,Q5 Most deprived,Matched to IMD 2019 LAD
92705,Neonatal mortality rate,E06000031,Peterborough,UA,<28 days,Persons,2022 - 24,20220000,6.10310349305285,4.48394464972107,8.11601675131366,47.0,7701.0,,Cannot be calculated,Worse,1000.0,"per 1,000",3.06500850253027,2.98254472540386,3.1491744296419,3.03809499052258,Value available,51778,52958,53653,158389,52796.333333333336,,Peterborough,112.0,43096.0,29.27529886764433,0.20819055132726935,46.106367180248746,32.655002784481155,Q5 Most deprived,Matched to IMD 2019 LAD
92705,Neonatal mortality rate,E06000026,Plymouth,UA,<28 days,Persons,2022 - 24,20220000,2.39470347936329,1.39420722766453,3.83435827650436,17.0,7099.0,Interpret with caution - see Notes section in Definitions for details,Cannot be calculated,Similar,1000.0,"per 1,000",3.06500850253027,2.98254472540386,3.1491744296419,-0.6703050231669798,Value available,49197,49498,49307,148002,49334.0,,Plymouth,161.0,46259.0,27.87194262738062,0.20251209494368666,33.44646447177846,32.423960742774376,Q4,Matched to IMD 2019 LAD
92705,Neonatal mortality rate,E06000044,Portsmouth,UA,<28 days,Persons,2022 - 24,20220000,2.21308883970914,1.20890463167703,3.71340464409969,14.0,6326.0,Interpret with caution - see Notes section in Definitions for details,Cannot be calculated,Similar,1000.0,"per 1,000",3.06500850253027,2.98254472540386,3.1491744296419,-0.8519196628211301,Value available,39544,39857,40005,119406,39802.0,,Portsmouth,125.0,39325.0,28.7917520661157,0.20188381436745073,30.011443102352192,29.149396058486968,Q4,Matched to IMD 2019 LAD
92705,Neonatal mortality rate,E06000038,Reading,UA,<28 days,Persons,2022 - 24,20220000,2.82157676348548,1.64273478990713,4.51786048214182,17.0,6025.0,Interpret with caution - see Notes section in Definitions for details,Cannot be calculated,Similar,1000.0,"per 1,000",3.06500850253027,2.98254472540386,3.1491744296419,-0.24343173904478999,Value available,34921,35359,35812,106092,35364.0,,Reading,97.0,33203.0,20.803721049302773,0.15963864711020087,11.85435051049604,18.236303948438394,Q2,Matched to IMD 2019 LAD
92705,Neonatal mortality rate,E09000026,Redbridge,UA,<28 days,Persons,2022 - 24,20220000,2.20403022670025,1.46423855684063,3.18555648261,28.0,12704.0,,Cannot be calculated,Similar,1000.0,"per 1,000",3.06500850253027,2.98254472540386,3.1491744296419,-0.86097827583002,Value available,72181,72159,72166,216506,72168.66666666667,,Redbridge,161.0,67762.0,17.9349034562144,0.13715398010684454,4.351996694312446,3.4060387827986185,Q2,Matched to IMD 2019 LAD
92705,Neonatal mortality rate,E06000003,Redcar and Cleveland,UA,<28 days,Persons,2022 - 24,20220000,3.04203539823009,1.51650724514656,5.44337309627942,11.0,3616.0,Interpret with caution - see Notes section in Definitions for details,Cannot be calculated,Similar,1000.0,"per 1,000",3.06500850253027,2.98254472540386,3.1491744296419,-0.02297310430017996,Value available,25904,26184,26251,78339,26113.0,,Redcar and Cleveland,88.0,24210.0,32.46137930607187,0.25589475423378766,41.28046261875258,43.76290788930194,Q5 Most deprived,Matched to IMD 2019 LAD
92705,Neonatal mortality rate,E09000027,Richmond upon Thames,UA,<28 days,Persons,2022 - 24,20220000,1.53256704980843,0.66165367370661,3.01976804984546,8.0,5220.0,Interpret with caution - see Notes section in Definitions for details,Cannot be calculated,Better,1000.0,"per 1,000",3.06500850253027,2.98254472540386,3.1491744296419,-1.53244145272184,Value available,41886,42009,41609,125504,41834.666666666664,,Richmond upon Thames,115.0,40300.0,9.474932332506203,0.07024669975186104,0.7096774193548387,1.6054590570719602,Q1 Least deprived,Matched to IMD 2019 LAD
92705,Neonatal mortality rate,E08000005,Rochdale,UA,<28 days,Persons,2022 - 24,20220000,2.9600394671929,1.89599419090893,4.40449141983033,24.0,8108.0,,Cannot be calculated,Similar,1000.0,"per 1,000",3.06500850253027,2.98254472540386,3.1491744296419,-0.10496903533737001,Value available,52741,53753,54755,161249,53749.666666666664,,Rochdale,134.0,45185.0,36.932583401571314,0.23503941573531043,54.327763638375565,47.577735974327766,Q5 Most deprived,Matched to IMD 2019 LAD
92705,Neonatal mortality rate,E08000018,Rotherham,UA,<28 days,Persons,2022 - 24,20220000,3.24987963408763,2.14118493875507,4.72858674388421,27.0,8308.0,,Cannot be calculated,Similar,1000.0,"per 1,000",3.06500850253027,2.98254472540386,3.1491744296419,0.1848711315573599,Value available,54208,55304,56311,165823,55274.333333333336,,Rotherham,167.0,50014.0,31.717973207501906,0.22071733914503935,40.76258647578678,37.34154436757708,Q5 Most deprived,Matched to IMD 2019 LAD
92705,Neonatal mortality rate,E06000017,Rutland,UA,<28 days,Persons,2022 - 24,20220000,3.79266750948167,0.782139219842733,11.0837839061218,3.0,791.0,Interpret with caution - see Notes section in Definitions for details,Cannot be calculated,Similar,1000.0,"per 1,000",3.06500850253027,2.98254472540386,3.1491744296419,0.7276590069514,Value available,7722,7651,7676,23049,7683.0,,Rutland,23.0,6520.0,8.33499325153374,0.07159815950920245,,,nan,Matched to IMD 2019 LAD
92705,Neonatal mortality rate,E08000006,Salford,UA,<28 days,Persons,2022 - 24,20220000,3.84874434715674,2.74928315851409,5.24103717117524,40.0,10393.0,,Cannot be calculated,Similar,1000.0,"per 1,000",3.06500850253027,2.98254472540386,3.1491744296419,0.7837358446264702,Value available,56689,57634,58816,173139,57713.0,,Salford,150.0,48489.0,36.2805389676009,0.24085060529192187,56.68502134504733,48.08100806368455,Q5 Most deprived,Matched to IMD 2019 LAD
92705,Neonatal mortality rate,E08000028,Sandwell,UA,<28 days,Persons,2022 - 24,20220000,5.91760299625468,4.68485949903204,7.37519125487588,79.0,13350.0,,Cannot be calculated,Worse,1000.0,"per 1,000",3.06500850253027,2.98254472540386,3.1491744296419,2.85259449372441,Value available,81244,81833,82602,245679,81893.0,,Sandwell,186.0,70711.0,36.051476502948624,0.2630766075999491,63.72982987088289,54.710016829064784,Q5 Most deprived,Matched to IMD 2019 LAD
92705,Neonatal mortality rate,E08000014,Sefton,UA,<28 days,Persons,2022 - 24,20220000,2.93337058248359,1.81511335490665,4.48417939364113,21.0,7159.0,,Cannot be calculated,Similar,1000.0,"per 1,000",3.06500850253027,2.98254472540386,3.1491744296419,-0.13163792004668018,Value available,50781,51545,52022,154348,51449.333333333336,,Sefton,189.0,46890.0,28.97344595862657,0.18821567498400513,33.6383024098955,24.435913840904245,Q4,Matched to IMD 2019 LAD
92705,Neonatal mortality rate,E08000019,Sheffield,UA,<28 days,Persons,2022 - 24,20220000,3.76736519896397,2.90118527837162,4.81091825941534,64.0,16988.0,,Cannot be calculated,Similar,1000.0,"per 1,000",3.06500850253027,2.98254472540386,3.1491744296419,0.7023566964337,Value available,107242,108194,108390,323826,107942.0,,Sheffield,345.0,103331.0,31.28763481433452,0.21885883229621317,45.534253999283855,42.619349469181564,Q5 Most deprived,Matched to IMD 2019 LAD
92705,Neonatal mortality rate,E06000051,Shropshire,UA,<28 days,Persons,2022 - 24,20220000,2.43243243243243,1.44087767051874,3.84449188005759,18.0,7400.0,Interpret with caution - see Notes section in Definitions for details,Cannot be calculated,Similar,1000.0,"per 1,000",3.06500850253027,2.98254472540386,3.1491744296419,-0.6325760700978402,Value available,56241,56639,57134,170014,56671.333333333336,,Shropshire,193.0,51821.0,17.65990031068486,0.12036539240848304,6.294745373497231,7.244167422473515,Q2,Matched to IMD 2019 LAD
92705,Neonatal mortality rate,E06000039,Slough,UA,<28 days,Persons,2022 - 24,20220000,5.17836593785961,3.62635901078523,7.16925356096124,36.0,6952.0,,Cannot be calculated,Worse,1000.0,"per 1,000",3.06500850253027,2.98254472540386,3.1491744296419,2.11335743532934,Value available,41805,42398,42992,127195,42398.333333333336,,Slough,80.0,37031.0,23.347691582727983,0.1471205746536685,8.973562690718587,2.2521671032378277,Q2,Matched to IMD 2019 LAD
92705,Neonatal mortality rate,E08000029,Solihull,UA,<28 days,Persons,2022 - 24,20220000,3.22361723786902,1.93993562202084,5.034330889942,19.0,5894.0,Interpret with caution - see Notes section in Definitions for details,Cannot be calculated,Similar,1000.0,"per 1,000",3.06500850253027,2.98254472540386,3.1491744296419,0.15860873533874997,Value available,45632,46377,46763,138772,46257.333333333336,,Solihull,134.0,40214.0,19.12107666484309,0.14795717909185854,20.09250509772716,21.529815487143782,Q3,Matched to IMD 2019 LAD
92705,Neonatal mortality rate,E06000066,Somerset UA,UA,<28 days,Persons,2022 - 24,20220000,1.76404177250917,1.141283229019,2.6041808278426,25.0,14172.0,,Cannot be calculated,Better,1000.0,"per 1,000",3.06500850253027,2.98254472540386,3.1491744296419,-1.3009667300211,Value available,105314,106522,107129,318965,106321.66666666667,,,,,,,,,,Unmatched: boundary/code change
92705,Neonatal mortality rate,E06000025,South Gloucestershire,UA,<28 days,Persons,2022 - 24,20220000,2.18390804597701,1.31425063864263,3.41061451325496,19.0,8700.0,Interpret with caution - see Notes section in Definitions for details,Cannot be calculated,Similar,1000.0,"per 1,000",3.06500850253027,2.98254472540386,3.1491744296419,-0.8811004565532601,Value available,56963,58047,59160,174170,58056.666666666664,,South Gloucestershire,165.0,51010.0,11.660486551656538,0.1037240148990394,1.1389923544403058,2.0917467163301313,Q1 Least deprived,Matched to IMD 2019 LAD
92705,Neonatal mortality rate,E08000023,South Tyneside,UA,<28 days,Persons,2022 - 24,20220000,3.67376928728876,2.05468136498017,6.05966968974755,15.0,4083.0,Interpret with caution - see Notes section in Definitions for details,Cannot be calculated,Similar,1000.0,"per 1,000",3.06500850253027,2.98254472540386,3.1491744296419,0.6087607847584899,Value available,28514,28769,29044,86327,28775.666666666668,,South Tyneside,102.0,25824.0,33.22746181846344,0.2672735052664189,48.489776951672866,55.924721189591075,Q5 Most deprived,Matched to IMD 2019 LAD
92705,Neonatal mortality rate,E06000045,Southampton,UA,<28 days,Persons,2022 - 24,20220000,1.93623338066348,1.0829048681056,3.19370483325665,15.0,7747.0,Interpret with caution - see Notes section in Definitions for details,Cannot be calculated,Similar,1000.0,"per 1,000",3.06500850253027,2.98254472540386,3.1491744296419,-1.12877512186679,Value available,46833,47150,47014,140997,46999.0,,Southampton,148.0,44295.0,29.70951906535726,0.2051646686984987,37.10576814538887,30.847725476916132,Q4,Matched to IMD 2019 LAD
92705,Neonatal mortality rate,E06000033,Southend-on-Sea,UA,<28 days,Persons,2022 - 24,20220000,2.93901542983101,1.6788223582918,4.77304154923976,16.0,5444.0,Interpret with caution - see Notes section in Definitions for details,Cannot be calculated,Similar,1000.0,"per 1,000",3.06500850253027,2.98254472540386,3.1491744296419,-0.1259930726992602,Value available,36135,36777,37315,110227,36742.333333333336,,Southend-on-Sea,107.0,34249.0,23.74494268445794,0.1915269058950626,25.238693100528483,27.501532891471285,Q4,Matched to IMD 2019 LAD
92705,Neonatal mortality rate,E09000028,Southwark,UA,<28 days,Persons,2022 - 24,20220000,2.72342142424854,1.79432766503703,3.96258812469134,27.0,9914.0,,Cannot be calculated,Similar,1000.0,"per 1,000",3.06500850253027,2.98254472540386,3.1491744296419,-0.34158707828173007,Value available,52924,52283,51367,156574,52191.333333333336,,Southwark,166.0,57284.0,27.007456095943017,0.24090887507855596,23.912436282382515,53.36044968926751,Q4,Matched to IMD 2019 LAD
92705,Neonatal mortality rate,E08000013,St. Helens,UA,<28 days,Persons,2022 - 24,20220000,2.99177262528048,1.70895828693728,4.85872067951781,16.0,5348.0,Interpret with caution - see Notes section in Definitions for details,Cannot be calculated,Similar,1000.0,"per 1,000",3.06500850253027,2.98254472540386,3.1491744296419,-0.07323587724979008,Value available,35043,35346,35586,105975,35325.0,,St. Helens,119.0,32071.0,33.87832028935797,0.23660802594244018,48.47058089863116,46.21308970721212,Q5 Most deprived,Matched to IMD 2019 LAD
92705,Neonatal mortality rate,E08000007,Stockport,UA,<28 days,Persons,2022 - 24,20220000,2.30149597238205,1.40522771402485,3.55464676285352,20.0,8690.0,,Cannot be calculated,Similar,1000.0,"per 1,000",3.06500850253027,2.98254472540386,3.1491744296419,-0.76351253014822,Value available,60277,60959,61409,182645,60881.666666666664,,Stockport,190.0,55155.0,22.218823388632035,0.14604088477925845,19.958299338228628,16.861571933641557,Q3,Matched to IMD 2019 LAD
92705,Neonatal mortality rate,E06000004,Stockton-on-Tees,UA,<28 days,Persons,2022 - 24,20220000,3.0949105914718,1.83330377610707,4.89154744023834,18.0,5816.0,Interpret with caution - see Notes section in Definitions for details,Cannot be calculated,Similar,1000.0,"per 1,000",3.06500850253027,2.98254472540386,3.1491744296419,0.029902088941530014,Value available,41949,42390,42785,127124,42374.666666666664,,Stockton-on-Tees,120.0,38168.0,27.46934128065395,0.20869442988891218,33.556906308949905,37.13582058268707,Q4,Matched to IMD 2019 LAD
92705,Neonatal mortality rate,E06000021,Stoke-on-Trent,UA,<28 days,Persons,2022 - 24,20220000,4.6027397260274,3.3169005137406,6.22172479347223,42.0,9125.0,,Cannot be calculated,Worse,1000.0,"per 1,000",3.06500850253027,2.98254472540386,3.1491744296419,1.5377312234971297,Value available,55892,56965,58271,171128,57042.666666666664,,Stoke-on-Trent,159.0,50462.0,37.03634499227141,0.2565959335737783,59.377353255915345,53.53929689667473,Q5 Most deprived,Matched to IMD 2019 LAD
92705,Neonatal mortality rate,E08000024,Sunderland,UA,<28 days,Persons,2022 - 24,20220000,3.03413400758533,1.9434539696447,4.51474291175528,24.0,7910.0,,Cannot be calculated,Similar,1000.0,"per 1,000",3.06500850253027,2.98254472540386,3.1491744296419,-0.03087449494493999,Value available,51923,52898,53325,158146,52715.333333333336,,Sunderland,185.0,48108.0,32.43190930822317,0.24249852415398687,45.3874615448574,46.360272719713976,Q5 Most deprived,Matched to IMD 2019 LAD
92705,Neonatal mortality rate,E09000029,Sutton,UA,<28 days,Persons,2022 - 24,20220000,2.37004266076789,1.32552757358414,3.90924811869794,15.0,6329.0,Interpret with caution - see Notes section in Definitions for details,Cannot be calculated,Similar,1000.0,"per 1,000",3.06500850253027,2.98254472540386,3.1491744296419,-0.6949658417623801,Value available,47000,47586,47819,142405,47468.333333333336,,Sutton,121.0,41298.0,14.79617959707492,0.12594128044941644,6.593539638723425,10.511404910649427,Q2,Matched to IMD 2019 LAD
92705,Neonatal mortality rate,E06000030,Swindon,UA,<28 days,Persons,2022 - 24,20220000,2.36933797909408,1.37943931835407,3.79374347106682,17.0,7175.0,Interpret with caution - see Notes section in Definitions for details,Cannot be calculated,Similar,1000.0,"per 1,000",3.06500850253027,2.98254472540386,3.1491744296419,-0.6956705234361902,Value available,49414,50292,50925,150631,50210.333333333336,,Swindon,132.0,43899.0,19.494175220392265,0.14895348413403495,18.369438939383585,17.66327251190232,Q3,Matched to IMD 2019 LAD
92705,Neonatal mortality rate,E08000008,Tameside,UA,<28 days,Persons,2022 - 24,20220000,2.69432843863667,1.6450799993097,4.16137415724061,20.0,7423.0,,Cannot be calculated,Similar,1000.0,"per 1,000",3.06500850253027,2.98254472540386,3.1491744296419,-0.37068006389359986,Value available,49056,49520,49930,148506,49502.0,,Tameside,141.0,43709.0,32.93901757075202,0.2228602118556819,48.97389553638839,44.69560044842024,Q5 Most deprived,Matched to IMD 2019 LAD
92705,Neonatal mortality rate,E06000020,Telford and Wrekin,UA,<28 days,Persons,2022 - 24,20220000,4.94205862304022,3.30908915921601,7.0978779466897,29.0,5868.0,,Cannot be calculated,Worse,1000.0,"per 1,000",3.06500850253027,2.98254472540386,3.1491744296419,1.8770501205099497,Value available,40148,41006,41833,122987,40995.666666666664,,Telford and Wrekin,108.0,34992.0,27.293631058527662,0.21290712162780062,30.412665752171925,28.26074531321445,Q4,Matched to IMD 2019 LAD
92705,Neonatal mortality rate,E06000034,Thurrock,UA,<28 days,Persons,2022 - 24,20220000,5.27213521476198,3.6505428816654,7.36751116428839,34.0,6449.0,,Cannot be calculated,Worse,1000.0,"per 1,000",3.06500850253027,2.98254472540386,3.1491744296419,2.20712671223171,Value available,42274,42922,43398,128594,42864.666666666664,,Thurrock,98.0,36947.0,21.845786234335673,0.1862419682247544,12.82648117573822,22.329282485722793,Q3,Matched to IMD 2019 LAD
92705,Neonatal mortality rate,E06000027,Torbay,UA,<28 days,Persons,2022 - 24,20220000,2.06753962784287,0.758750604235304,4.50016334339031,6.0,2902.0,Interpret with caution - see Notes section in Definitions for details,Cannot be calculated,Similar,1000.0,"per 1,000",3.06500850253027,2.98254472540386,3.1491744296419,-0.9974688746873999,Value available,23968,23844,23686,71498,23832.666666666668,,Torbay,89.0,22257.0,28.96706070000449,0.21935907804286295,30.367974120501415,30.04448038819248,Q4,Matched to IMD 2019 LAD
92705,Neonatal mortality rate,E09000030,Tower Hamlets,UA,<28 days,Persons,2022 - 24,20220000,2.74531335791042,1.91193116894863,3.81818254745549,35.0,12749.0,,Cannot be calculated,Similar,1000.0,"per 1,000",3.06500850253027,2.98254472540386,3.1491744296419,-0.31969514461985016,Value available,59941,58886,57558,176385,58795.0,,Tower Hamlets,144.0,59061.0,29.71017847649041,0.2659303770677774,36.56389156973299,59.06435719002388,Q4,Matched to IMD 2019 LAD
92705,Neonatal mortality rate,E08000009,Trafford,UA,<28 days,Persons,2022 - 24,20220000,3.08308925543394,1.88244625171511,4.76181291339557,20.0,6487.0,,Cannot be calculated,Similar,1000.0,"per 1,000",3.06500850253027,2.98254472540386,3.1491744296419,0.01808075290366995,Value available,53049,53526,53852,160427,53475.666666666664,,Trafford,138.0,48403.0,17.007272854988326,0.11707045017870793,10.879490940644175,14.154081358593476,Q2,Matched to IMD 2019 LAD
92705,Neonatal mortality rate,E08000036,Wakefield,UA,<28 days,Persons,2022 - 24,20220000,3.70061985382552,2.64347301937616,5.03932827458824,40.0,10809.0,,Cannot be calculated,Similar,1000.0,"per 1,000",3.06500850253027,2.98254472540386,3.1491744296419,0.6356113512952501,Value available,70759,72128,73055,215942,71980.66666666667,,Wakefield,209.0,62016.0,29.003556388673893,0.19712935371517026,38.78515221878225,28.223361713106296,Q5 Most deprived,Matched to IMD 2019 LAD
92705,Neonatal mortality rate,E08000030,Walsall,UA,<28 days,Persons,2022 - 24,20220000,4.05444540978859,2.92177982313766,5.48057136214249,42.0,10359.0,,Cannot be calculated,Similar,1000.0,"per 1,000",3.06500850253027,2.98254472540386,3.1491744296419,0.98943690725832,Value available,65399,66515,67432,199346,66448.66666666667,,Walsall,167.0,58002.0,34.44672916451157,0.2606790283093686,60.81514430536878,54.83431605806696,Q5 Most deprived,Matched to IMD 2019 LAD
92705,Neonatal mortality rate,E09000031,Waltham Forest,UA,<28 days,Persons,2022 - 24,20220000,2.5443134594182,1.71630388374747,3.6322934392332,30.0,11791.0,,Cannot be calculated,Similar,1000.0,"per 1,000",3.06500850253027,2.98254472540386,3.1491744296419,-0.5206950431120698,Value available,57893,58118,57513,173524,57841.333333333336,,Waltham Forest,144.0,58990.0,25.8793463807425,0.19232524156636718,18.489574504153246,19.043905746736733,Q3,Matched to IMD 2019 LAD
92705,Neonatal mortality rate,E09000032,Wandsworth,UA,<28 days,Persons,2022 - 24,20220000,1.98549723756906,1.25823296604055,2.9793517164147,23.0,11584.0,,Cannot be calculated,Better,1000.0,"per 1,000",3.06500850253027,2.98254472540386,3.1491744296419,-1.07951126496121,Value available,54642,54145,53803,162590,54196.666666666664,,Wandsworth,179.0,56190.0,16.891709450080086,0.15387517351841967,6.152340274070119,18.743548674141305,Q2,Matched to IMD 2019 LAD
92705,Neonatal mortality rate,E06000007,Warrington,UA,<28 days,Persons,2022 - 24,20220000,3.65163410626255,2.22958350098155,5.6399270347265,20.0,5477.0,,Cannot be calculated,Similar,1000.0,"per 1,000",3.06500850253027,2.98254472540386,3.1491744296419,0.5866256037322799,Value available,41405,42058,42373,125836,41945.333333333336,,Warrington,127.0,39485.0,20.08639921489173,0.13157474990502718,21.334684057236924,15.963023933139167,Q3,Matched to IMD 2019 LAD
92705,Neonatal mortality rate,E06000037,West Berkshire,UA,<28 days,Persons,2022 - 24,20220000,2.56529850746269,1.27884566195195,4.59030716328041,11.0,4288.0,Interpret with caution - see Notes section in Definitions for details,Cannot be calculated,Similar,1000.0,"per 1,000",3.06500850253027,2.98254472540386,3.1491744296419,-0.49970999506758007,Value available,33287,33877,33821,100985,33661.666666666664,,West Berkshire,97.0,31625.0,9.939288031620553,0.08659298023715414,1.2616600790513834,2.842687747035573,Q1 Least deprived,Matched to IMD 2019 LAD
92705,Neonatal mortality rate,E06000062,West Northamptonshire,UA,<28 days,Persons,2022 - 24,20220000,3.45578844564646,2.52984503695737,4.60964380035387,46.0,13311.0,,Cannot be calculated,Similar,1000.0,"per 1,000",3.06500850253027,2.98254472540386,3.1491744296419,0.3907799431161898,Value available,88489,89716,90507,268712,89570.66666666667,,,,,,,,,,Unmatched: boundary/code change
92705,Neonatal mortality rate,E09000033,Westminster,UA,<28 days,Persons,2022 - 24,20220000,2.07003622563395,1.06839914491617,3.61615629698408,12.0,5797.0,Interpret with caution - see Notes section in Definitions for details,Cannot be calculated,Similar,1000.0,"per 1,000",3.06500850253027,2.98254472540386,3.1491744296419,-0.9949722768963198,Value available,27901,27369,26650,81920,27306.666666666668,,Westminster,128.0,38605.0,22.51348066312654,0.18302823468462634,20.30306955057635,32.783318223028104,Q3,Matched to IMD 2019 LAD
92705,Neonatal mortality rate,E06000064,Westmorland and Furness,UA,<28 days,Persons,2022 - 24,20220000,1.43178564123543,0.575652086627095,2.95002564158363,7.0,4889.0,Interpret with caution - see Notes section in Definitions for details,Cannot be calculated,Better,1000.0,"per 1,000",3.06500850253027,2.98254472540386,3.1491744296419,-1.63322286129484,Value available,37183,37330,37226,111739,37246.333333333336,,,,,,,,,,Unmatched: boundary/code change
92705,Neonatal mortality rate,E08000010,Wigan,UA,<28 days,Persons,2022 - 24,20220000,3.68342458934793,2.59312737823858,5.07726198041464,37.0,10045.0,,Cannot be calculated,Similar,1000.0,"per 1,000",3.06500850253027,2.98254472540386,3.1491744296419,0.61841608681766,Value available,65710,66938,67826,200474,66824.66666666667,,Wigan,200.0,60273.0,27.293484362815857,0.1743898760639092,36.77766163954009,28.78237353375475,Q4,Matched to IMD 2019 LAD
92705,Neonatal mortality rate,E06000054,Wiltshire,UA,<28 days,Persons,2022 - 24,20220000,1.30088766452403,0.757382698897342,2.08295909128439,17.0,13068.0,Interpret with caution - see Notes section in Definitions for details,Cannot be calculated,Better,1000.0,"per 1,000",3.06500850253027,2.98254472540386,3.1491744296419,-1.76412083800624,Value available,98498,98932,99165,296595,98865.0,,Wiltshire,285.0,92224.0,13.632750748178346,0.10208541160652325,3.3396946564885495,4.871833795975017,Q1 Least deprived,Matched to IMD 2019 LAD
92705,Neonatal mortality rate,E06000040,Windsor and Maidenhead,UA,<28 days,Persons,2022 - 24,20220000,0.98838645910551,0.269302044385057,2.53066189162434,4.0,4047.0,Interpret with caution - see Notes section in Definitions for details,Cannot be calculated,Better,1000.0,"per 1,000",3.06500850253027,2.98254472540386,3.1491744296419,-2.07662204342476,Value available,32564,32765,32940,98269,32756.333333333332,,Windsor and Maidenhead,89.0,29792.0,8.534136513157895,0.06735486036519872,,,nan,Matched to IMD 2019 LAD
92705,Neonatal mortality rate,E08000015,Wirral,UA,<28 days,Persons,2022 - 24,20220000,2.36434566733656,1.44360194288639,3.65171774077279,20.0,8459.0,,Cannot be calculated,Similar,1000.0,"per 1,000",3.06500850253027,2.98254472540386,3.1491744296419,-0.7006628351937101,Value available,62665,63089,63218,188972,62990.666666666664,,Wirral,206.0,59827.0,32.63795017299881,0.21778213849933978,42.18162368161532,36.04225516907082,Q5 Most deprived,Matched to IMD 2019 LAD
92705,Neonatal mortality rate,E06000041,Wokingham,UA,<28 days,Persons,2022 - 24,20220000,2.20529270248597,1.09937654339414,3.94611810668532,11.0,4988.0,Interpret with caution - see Notes section in Definitions for details,Cannot be calculated,Similar,1000.0,"per 1,000",3.06500850253027,2.98254472540386,3.1491744296419,-0.8597158000443001,Value available,40577,41642,42215,124434,41478.0,,Wokingham,99.0,33327.0,6.044794791010292,0.056332883247817093,,,nan,Matched to IMD 2019 LAD
92705,Neonatal mortality rate,E08000031,Wolverhampton,UA,<28 days,Persons,2022 - 24,20220000,5.50098231827112,4.15512051027402,7.14361608712035,56.0,10180.0,,Cannot be calculated,Worse,1000.0,"per 1,000",3.06500850253027,2.98254472540386,3.1491744296419,2.43597381574085,Value available,59999,61874,63578,185451,61817.0,,Wolverhampton,158.0,52099.0,34.41214545384748,0.27103130578322043,58.98769650089253,58.70170252787961,Q5 Most deprived,Matched to IMD 2019 LAD
92705,Neonatal mortality rate,E06000014,York,UA,<28 days,Persons,2022 - 24,20220000,2.64550264550265,1.36541222290102,4.62144136984495,12.0,4536.0,Interpret with caution - see Notes section in Definitions for details,Cannot be calculated,Similar,1000.0,"per 1,000",3.06500850253027,2.98254472540386,3.1491744296419,-0.41950585702762,Value available,32786,32980,32737,98503,32834.333333333336,,York,120.0,32477.0,12.497692459278873,0.10022422021738461,6.912584290420913,11.300304831111248,Q2,Matched to IMD 2019 LAD
92706,Post-neonatal mortality rate,E09000002,Barking and Dagenham,UA,28 days - 1 yr,Persons,2022 - 24,20220000,1.25132351525652,0.665631046747581,2.13992944551458,13.0,10389.0,Interpret with caution - see Notes section in Definitions for details,Cannot be calculated,Similar,1000.0,"per 1,000",1.10108498725352,1.05188217492819,1.15199520574243,0.15023852800300008,Value available,60208,60700,61568,182476,60825.333333333336,,Barking and Dagenham,110.0,54877.0,33.28889828161161,0.23792457678080076,57.13322521274851,38.27833154144724,Q5 Most deprived,Matched to IMD 2019 LAD
92706,Post-neonatal mortality rate,E09000003,Barnet,UA,28 days - 1 yr,Persons,2022 - 24,20220000,1.08932461873638,0.60924212151155,1.79677787532602,15.0,13770.0,Interpret with caution - see Notes section in Definitions for details,Cannot be calculated,Similar,1000.0,"per 1,000",1.10108498725352,1.05188217492819,1.15199520574243,-0.011760368517139907,Value available,85376,86718,87138,259232,86410.66666666667,,Barnet,211.0,80093.0,16.547513116002644,0.12601439576492326,3.9841184622875905,8.497621514988825,Q1 Least deprived,Matched to IMD 2019 LAD
92706,Post-neonatal mortality rate,E08000016,Barnsley,UA,28 days - 1 yr,Persons,2022 - 24,20220000,0.954458685574039,0.38374189412597,1.96654968117022,7.0,7334.0,Interpret with caution - see Notes section in Definitions for details,Cannot be calculated,Similar,1000.0,"per 1,000",1.10108498725352,1.05188217492819,1.15199520574243,-0.14662630167948099,Value available,48027,48385,48924,145336,48445.333333333336,,Barnsley,147.0,44050.0,31.36595786606129,0.2250699659477866,43.314415437003404,36.66515323496027,Q5 Most deprived,Matched to IMD 2019 LAD
92706,Post-neonatal mortality rate,E06000022,Bath and North East Somerset,UA,28 days - 1 yr,Persons,2022 - 24,20220000,0.851426138782461,0.231984966714841,2.17998907522429,4.0,4698.0,Interpret with caution - see Notes section in Definitions for details,Cannot be calculated,Similar,1000.0,"per 1,000",1.10108498725352,1.05188217492819,1.15199520574243,-0.24965884847105901,Value available,34394,34741,34810,103945,34648.333333333336,,Bath and North East Somerset,115.0,30660.0,12.44038763861709,0.103979843444227,5.622961513372473,6.6764514024788,Q2,Matched to IMD 2019 LAD
92706,Post-neonatal mortality rate,E06000055,Bedford,UA,28 days - 1 yr,Persons,2022 - 24,20220000,1.1336032388664,0.455767295792691,2.33565592902063,7.0,6175.0,Interpret with caution - see Notes section in Definitions for details,Cannot be calculated,Similar,1000.0,"per 1,000",1.10108498725352,1.05188217492819,1.15199520574243,0.03251825161287991,Value available,39996,40846,41516,122358,40786.0,,Bedford,103.0,33622.0,19.601445779549103,0.15142210457438582,14.826601629885195,15.938968532508477,Q3,Matched to IMD 2019 LAD
92706,Post-neonatal mortality rate,E09000004,Bexley,UA,28 days - 1 yr,Persons,2022 - 24,20220000,1.37723801176912,0.686576962370098,2.46440930463834,11.0,7987.0,Interpret with caution - see Notes section in Definitions for details,Cannot be calculated,Similar,1000.0,"per 1,000",1.10108498725352,1.05188217492819,1.15199520574243,0.2761530245156001,Value available,53902,54871,55303,164076,54692.0,,Bexley,146.0,49822.0,17.62895560194292,0.16014457468588172,8.34571073019951,19.635903817590624,Q2,Matched to IMD 2019 LAD
92706,Post-neonatal mortality rate,E08000025,Birmingham,UA,28 days - 1 yr,Persons,2022 - 24,20220000,1.64856258892076,1.29215853187912,2.07284842871536,73.0,44281.0,,Cannot be calculated,Worse,1000.0,"per 1,000",1.10108498725352,1.05188217492819,1.15199520574243,0.54747760166724,Value available,270630,271899,272806,815335,271778.3333333333,,Birmingham,639.0,254167.0,41.323414983062314,0.27585586248411476,67.52332128089013,61.35690313848769,Q5 Most deprived,Matched to IMD 2019 LAD
92706,Post-neonatal mortality rate,E06000008,Blackburn with Darwen,UA,28 days - 1 yr,Persons,2022 - 24,20220000,2.82485875706215,1.61361386273668,4.58764798623963,16.0,5664.0,Interpret with caution - see Notes section in Definitions for details,Cannot be calculated,Worse,1000.0,"per 1,000",1.10108498725352,1.05188217492819,1.15199520574243,1.7237737698086302,Value available,38034,38587,39294,115915,38638.333333333336,,Blackburn with Darwen,91.0,34186.0,38.194969724448605,0.22767632949160474,62.29158134909027,41.40583864739952,Q5 Most deprived,Matched to IMD 2019 LAD
92706,Post-neonatal mortality rate,E06000009,Blackpool,UA,28 days - 1 yr,Persons,2022 - 24,20220000,2.11565585331453,0.967412575782401,4.01617382496925,9.0,4254.0,Interpret with caution - see Notes section in Definitions for details,Cannot be calculated,Similar,1000.0,"per 1,000",1.10108498725352,1.05188217492819,1.15199520574243,1.01457086606101,Value available,26735,26851,27089,80675,26891.666666666668,,Blackpool,94.0,25394.0,46.49764653067655,0.30681200283531546,59.15964401039616,48.665038985587145,Q5 Most deprived,Matched to IMD 2019 LAD
92706,Post-neonatal mortality rate,E08000001,Bolton,UA,28 days - 1 yr,Persons,2022 - 24,20220000,3.017729158808,2.06376819740943,4.26027439727464,32.0,10604.0,,Cannot be calculated,Worse,1000.0,"per 1,000",1.10108498725352,1.05188217492819,1.15199520574243,1.9166441715544802,Value available,68700,70030,70942,209672,69890.66666666667,,Bolton,177.0,58831.0,33.30017472081045,0.21852618517448283,49.91926025394775,38.913158028930326,Q5 Most deprived,Matched to IMD 2019 LAD
92706,Post-neonatal mortality rate,E06000058,"Bournemouth, Christchurch and Poole",UA,28 days - 1 yr,Persons,2022 - 24,20220000,1.03605470368835,0.49600600020385,1.90545571961837,10.0,9652.0,Interpret with caution - see Notes section in Definitions for details,Cannot be calculated,Similar,1000.0,"per 1,000",1.10108498725352,1.05188217492819,1.15199520574243,-0.06503028356516993,Value available,70186,70556,70505,211247,70415.66666666667,,"Bournemouth, Christchurch and Poole",233.0,65265.0,18.89553584616563,0.14695366582394853,13.052938021910672,14.57749176434536,Q3,Matched to IMD 2019 LAD
92706,Post-neonatal mortality rate,E06000036,Bracknell Forest,UA,28 days - 1 yr,Persons,2022 - 24,20220000,0.744416873449132,0.15351665580536,2.17550200241745,3.0,4030.0,Interpret with caution - see Notes section in Definitions for details,Cannot be calculated,Similar,1000.0,"per 1,000",1.10108498725352,1.05188217492819,1.15199520574243,-0.356668113804388,Value available,26785,27319,27747,81851,27283.666666666668,,Bracknell Forest,75.0,24849.0,10.548147370115498,0.08902869330757779,,,nan,Matched to IMD 2019 LAD
92706,Post-neonatal mortality rate,E08000032,Bradford,UA,28 days - 1 yr,Persons,2022 - 24,20220000,2.27911938706236,1.67446696477073,3.0308139366631,47.0,20622.0,,Cannot be calculated,Worse,1000.0,"per 1,000",1.10108498725352,1.05188217492819,1.15199520574243,1.17803439980884,Value available,132933,133042,133152,399127,133042.33333333334,,Bradford,310.0,125172.0,38.38322818202154,0.22539401783146393,58.49471127728246,40.989997763078,Q5 Most deprived,Matched to IMD 2019 LAD
92706,Post-neonatal mortality rate,E09000005,Brent,UA,28 days - 1 yr,Persons,2022 - 24,20220000,0.907509642289949,0.468389158517661,1.58533298446772,12.0,13223.0,Interpret with caution - see Notes section in Definitions for details,Cannot be calculated,Similar,1000.0,"per 1,000",1.10108498725352,1.05188217492819,1.15199520574243,-0.19357534496357098,Value available,68259,68436,68337,205032,68344.0,,Brent,173.0,67701.0,26.623692781495105,0.1816095774065376,23.625943486802264,19.439890105020606,Q3,Matched to IMD 2019 LAD
92706,Post-neonatal mortality rate,E06000043,Brighton and Hove,UA,28 days - 1 yr,Persons,2022 - 24,20220000,0.479692996482251,0.0989242281572756,1.40186649660095,3.0,6254.0,Interpret with caution - see Notes section in Definitions for details,Cannot be calculated,Similar,1000.0,"per 1,000",1.10108498725352,1.05188217492819,1.15199520574243,-0.621391990771269,Value available,44689,44348,43936,132973,44324.333333333336,,Brighton and Hove,165.0,45576.0,20.742382460066704,0.1528897446024223,18.154291732490783,17.603563278918728,Q3,Matched to IMD 2019 LAD
92706,Post-neonatal mortality rate,E06000023,Bristol,UA,28 days - 1 yr,Persons,2022 - 24,20220000,1.41891891891892,0.877999764038967,2.16907028912681,21.0,14800.0,,Cannot be calculated,Similar,1000.0,"per 1,000",1.10108498725352,1.05188217492819,1.15199520574243,0.31783393166539997,Value available,86114,85916,85837,257867,85955.66666666667,,"Bristol, City of",263.0,83792.0,29.603451582489974,0.20582077047928202,38.19099675386672,33.433979377506205,Q5 Most deprived,Matched to IMD 2019 LAD
92706,Post-neonatal mortality rate,E09000006,Bromley,UA,28 days - 1 yr,Persons,2022 - 24,20220000,0.983090837593394,0.470649814585879,1.80804744452974,10.0,10172.0,Interpret with caution - see Notes section in Definitions for details,Cannot be calculated,Similar,1000.0,"per 1,000",1.10108498725352,1.05188217492819,1.15199520574243,-0.117994149660126,Value available,68643,69028,69158,206829,68943.0,,Bromley,197.0,64567.0,15.123660368299596,0.13080462155590317,9.301965400281878,17.374200442950734,Q2,Matched to IMD 2019 LAD
92706,Post-neonatal mortality rate,E06000060,Buckinghamshire UA,UA,28 days - 1 yr,Persons,2022 - 24,20220000,0.478068602844508,0.206396090399695,0.941985730858929,8.0,16734.0,Interpret with caution - see Notes section in Definitions for details,Cannot be calculated,Better,1000.0,"per 1,000",1.10108498725352,1.05188217492819,1.15199520574243,-0.623016384409012,Value available,119920,121883,123794,365597,121865.66666666667,,,,,,,,,,Unmatched: boundary/code change
92706,Post-neonatal mortality rate,E08000002,Bury,UA,28 days - 1 yr,Persons,2022 - 24,20220000,1.62786911932281,0.779334187525242,2.99388875236146,10.0,6143.0,Interpret with caution - see Notes section in Definitions for details,Cannot be calculated,Similar,1000.0,"per 1,000",1.10108498725352,1.05188217492819,1.15199520574243,0.5267841320692901,Value available,41750,41990,42206,125946,41982.0,,Bury,120.0,38021.0,24.77078543436522,0.1687816206833066,24.817863812103838,26.86410141763762,Q4,Matched to IMD 2019 LAD
92706,Post-neonatal mortality rate,E08000033,Calderdale,UA,28 days - 1 yr,Persons,2022 - 24,20220000,1.36892539356605,0.591004821483316,2.69732875088866,8.0,5844.0,Interpret with caution - see Notes section in Definitions for details,Cannot be calculated,Similar,1000.0,"per 1,000",1.10108498725352,1.05188217492819,1.15199520574243,0.2678404063125299,Value available,42963,42879,42753,128595,42865.0,,Calderdale,128.0,40641.0,28.53236645259713,0.1964757756944957,36.54683693806747,32.349105583031914,Q4,Matched to IMD 2019 LAD
92706,Post-neonatal mortality rate,E09000007,Camden,UA,28 days - 1 yr,Persons,2022 - 24,20220000,1.15530615613137,0.464492994144226,2.38037223332272,7.0,6059.0,Interpret with caution - see Notes section in Definitions for details,Cannot be calculated,Similar,1000.0,"per 1,000",1.10108498725352,1.05188217492819,1.15199520574243,0.05422116887785,Value available,34157,33268,32242,99667,33222.333333333336,,Camden,133.0,42046.0,21.104777505589112,0.19319347857108882,19.85682347904676,32.59525281834182,Q3,Matched to IMD 2019 LAD
92706,Post-neonatal mortality rate,E06000056,Central Bedfordshire,UA,28 days - 1 yr,Persons,2022 - 24,20220000,0.675219446320054,0.271473237341552,1.39121012459751,7.0,10367.0,Interpret with caution - see Notes section in Definitions for details,Cannot be calculated,Similar,1000.0,"per 1,000",1.10108498725352,1.05188217492819,1.15199520574243,-0.42586554093346596,Value available,62366,64440,66167,192973,64324.333333333336,,Central Bedfordshire,157.0,53268.0,12.744473417436359,0.11419828039348201,2.673274761582939,7.595554554329053,Q1 Least deprived,Matched to IMD 2019 LAD
92706,Post-neonatal mortality rate,E06000049,Cheshire East,UA,28 days - 1 yr,Persons,2022 - 24,20220000,0.827662313775979,0.378459913314174,1.57116088388994,9.0,10874.0,Interpret with caution - see Notes section in Definitions for details,Cannot be calculated,Similar,1000.0,"per 1,000",1.10108498725352,1.05188217492819,1.15199520574243,-0.273422673477541,Value available,76223,77676,78801,232700,77566.66666666667,,Cheshire East,234.0,66190.0,15.511410364103341,0.10680793171173894,11.473032180087626,9.336757818401571,Q2,Matched to IMD 2019 LAD
92706,Post-neonatal mortality rate,E06000050,Cheshire West and Chester,UA,28 days - 1 yr,Persons,2022 - 24,20220000,0.962155227710071,0.43995863773555,1.82647032835356,9.0,9354.0,Interpret with caution - see Notes section in Definitions for details,Cannot be calculated,Similar,1000.0,"per 1,000",1.10108498725352,1.05188217492819,1.15199520574243,-0.138929759543449,Value available,66892,67773,67998,202663,67554.33333333333,,Cheshire West and Chester,212.0,58586.0,19.6081066978459,0.14450245792510155,19.41419451746151,18.325197146075855,Q3,Matched to IMD 2019 LAD
92706,Post-neonatal mortality rate,E09000001,City of London,UA,28 days - 1 yr,Persons,2022 - 24,20220000,,,,,,Value for Hackney and City of London combined,Cannot be calculated,Not compared,1000.0,"per 1,000",1.10108498725352,1.05188217492819,1.15199520574243,,Suppressed / unavailable,813,743,713,2269,756.3333333333334,,City of London,6.0,922.0,15.411652928416485,0.07064750542299347,,,nan,Matched to IMD 2019 LAD
92706,Post-neonatal mortality rate,E06000052,Cornwall,UA,28 days - 1 yr,Persons,2022 - 24,20220000,0.698540825830487,0.319417346893692,1.32604807912288,9.0,12884.0,Value for Cornwall and Isles of Scilly combined,Cannot be calculated,Similar,1000.0,"per 1,000",1.10108498725352,1.05188217492819,1.15199520574243,-0.40254416142303295,Value available,100566,101109,101165,302840,100946.66666666667,,Cornwall,326.0,92802.0,23.737555440615505,0.16352660503006397,14.588047671386393,15.621430572616969,Q3,Matched to IMD 2019 LAD
92706,Post-neonatal mortality rate,E06000047,County Durham,UA,28 days - 1 yr,Persons,2022 - 24,20220000,1.12528132033008,0.62935213902581,1.85608637233603,15.0,13330.0,Interpret with caution - see Notes section in Definitions for details,Cannot be calculated,Similar,1000.0,"per 1,000",1.10108498725352,1.05188217492819,1.15199520574243,0.024196333076559995,Value available,94634,95164,95149,284947,94982.33333333333,,County Durham,324.0,88642.0,28.480849315223036,0.221608097741477,36.16682836578597,38.185059001376324,Q4,Matched to IMD 2019 LAD
92706,Post-neonatal mortality rate,E08000026,Coventry,UA,28 days - 1 yr,Persons,2022 - 24,20220000,1.22639195486878,0.685901726205056,2.02286250864518,15.0,12231.0,Interpret with caution - see Notes section in Definitions for details,Cannot be calculated,Similar,1000.0,"per 1,000",1.10108498725352,1.05188217492819,1.15199520574243,0.12530696761526006,Value available,73066,75044,76601,224711,74903.66666666667,,Coventry,195.0,67785.0,28.123808305672345,0.21823578962897394,32.74765803643874,39.28892822895921,Q4,Matched to IMD 2019 LAD
92706,Post-neonatal mortality rate,E09000008,Croydon,UA,28 days - 1 yr,Persons,2022 - 24,20220000,0.742540839746186,0.370169447714998,1.32869158337697,11.0,14814.0,Interpret with caution - see Notes section in Definitions for details,Cannot be calculated,Similar,1000.0,"per 1,000",1.10108498725352,1.05188217492819,1.15199520574243,-0.358544147507334,Value available,85105,86016,86979,258100,86033.33333333333,,Croydon,220.0,83543.0,24.0888000311217,0.18491169816741082,21.787582442574482,24.46883640759848,Q3,Matched to IMD 2019 LAD
92706,Post-neonatal mortality rate,E06000063,Cumberland,UA,28 days - 1 yr,Persons,2022 - 24,20220000,1.02519039250146,0.41217970877561,2.11228403071212,7.0,6828.0,Interpret with caution - see Notes section in Definitions for details,Cannot be calculated,Similar,1000.0,"per 1,000",1.10108498725352,1.05188217492819,1.15199520574243,-0.07589459475205995,Value available,48988,49469,49833,148290,49430.0,,,,,,,,,,Unmatched: boundary/code change
92706,Post-neonatal mortality rate,E06000005,Darlington,UA,28 days - 1 yr,Persons,2022 - 24,20220000,,,,0.0,3128.0,Value not published for data quality reasons,Cannot be calculated,Not compared,1000.0,"per 1,000",1.10108498725352,1.05188217492819,1.15199520574243,,Suppressed / unavailable,21285,21473,21580,64338,21446.0,,Darlington,65.0,20107.0,27.220716815039538,0.20275217585915353,33.19242055005719,34.30646043666385,Q4,Matched to IMD 2019 LAD
92706,Post-neonatal mortality rate,E06000015,Derby,UA,28 days - 1 yr,Persons,2022 - 24,20220000,1.25901339132425,0.627639944883824,2.2528599194399,11.0,8737.0,Interpret with caution - see Notes section in Definitions for details,Cannot be calculated,Similar,1000.0,"per 1,000",1.10108498725352,1.05188217492819,1.15199520574243,0.15792840407073006,Value available,56140,57003,57930,171073,57024.333333333336,,Derby,151.0,52758.0,28.579167330073165,0.21125108988210323,42.897759581485275,36.432389400659616,Q5 Most deprived,Matched to IMD 2019 LAD
92706,Post-neonatal mortality rate,E08000017,Doncaster,UA,28 days - 1 yr,Persons,2022 - 24,20220000,1.54368632293918,0.863359474448291,2.54622119411745,15.0,9717.0,Interpret with caution - see Notes section in Definitions for details,Cannot be calculated,Similar,1000.0,"per 1,000",1.10108498725352,1.05188217492819,1.15199520574243,0.44260133568565996,Value available,61608,62923,64368,188899,62966.333333333336,,Doncaster,194.0,58136.0,32.364333081051335,0.22719134443374156,46.843608091371955,40.467180404568595,Q5 Most deprived,Matched to IMD 2019 LAD
92706,Post-neonatal mortality rate,E06000059,Dorset,UA,28 days - 1 yr,Persons,2022 - 24,20220000,1.45464162919862,0.725164004026709,2.60291419150309,11.0,7562.0,Interpret with caution - see Notes section in Definitions for details,Cannot be calculated,Similar,1000.0,"per 1,000",1.10108498725352,1.05188217492819,1.15199520574243,0.35355664194509995,Value available,63358,63721,64039,191118,63706.0,,Dorset,219.0,59548.0,16.26707530059784,0.1214526432457849,5.536709881104319,7.2378585342916635,Q2,Matched to IMD 2019 LAD
92706,Post-neonatal mortality rate,E08000027,Dudley,UA,28 days - 1 yr,Persons,2022 - 24,20220000,0.888450148075025,0.406255981972195,1.68655512847178,9.0,10130.0,Interpret with caution - see Notes section in Definitions for details,Cannot be calculated,Similar,1000.0,"per 1,000",1.10108498725352,1.05188217492819,1.15199520574243,-0.21263483917849502,Value available,65397,66334,67117,198848,66282.66666666667,,Dudley,201.0,60440.0,26.556122584381207,0.20620436796823297,33.72600926538716,36.35175380542687,Q4,Matched to IMD 2019 LAD
92706,Post-neonatal mortality rate,E09000009,Ealing,UA,28 days - 1 yr,Persons,2022 - 24,20220000,0.814392537202932,0.405988761268229,1.45726194685322,11.0,13507.0,Interpret with caution - see Notes section in Definitions for details,Cannot be calculated,Similar,1000.0,"per 1,000",1.10108498725352,1.05188217492819,1.15199520574243,-0.28669245005058797,Value available,75695,75709,75229,226633,75544.33333333333,,Ealing,196.0,73491.0,23.46921402620729,0.16634930807854023,18.92884843042005,16.240083819787458,Q3,Matched to IMD 2019 LAD
92706,Post-neonatal mortality rate,E06000011,East Riding of Yorkshire,UA,28 days - 1 yr,Persons,2022 - 24,20220000,1.3014055179594,0.623041373499162,2.39347457128533,10.0,7684.0,Interpret with caution - see Notes section in Definitions for details,Cannot be calculated,Similar,1000.0,"per 1,000",1.10108498725352,1.05188217492819,1.15199520574243,0.20032053070587996,Value available,59265,59761,60213,179239,59746.333333333336,,East Riding of Yorkshire,210.0,54925.0,16.213588074647244,0.11845953573054166,9.458352298588984,11.918070095584888,Q2,Matched to IMD 2019 LAD
92706,Post-neonatal mortality rate,E09000010,Enfield,UA,28 days - 1 yr,Persons,2022 - 24,20220000,0.806668459263243,0.368860186195064,1.5313080085524,9.0,11157.0,Interpret with caution - see Notes section in Definitions for details,Cannot be calculated,Similar,1000.0,"per 1,000",1.10108498725352,1.05188217492819,1.15199520574243,-0.29441652799027695,Value available,76684,76302,75446,228432,76144.0,,Enfield,183.0,74942.0,27.627728510047767,0.2247481652477916,36.93789864161619,45.93152037575725,Q4,Matched to IMD 2019 LAD
92706,Post-neonatal mortality rate,E08000037,Gateshead,UA,28 days - 1 yr,Persons,2022 - 24,20220000,0.727669637984355,0.198265485469588,1.86312328095392,4.0,5497.0,Interpret with caution - see Notes section in Definitions for details,Cannot be calculated,Similar,1000.0,"per 1,000",1.10108498725352,1.05188217492819,1.15199520574243,-0.373415349269165,Value available,37435,37938,38148,113521,37840.333333333336,,Gateshead,126.0,35134.0,29.718634029714806,0.2037988558091877,34.177719587863606,30.64552854784539,Q4,Matched to IMD 2019 LAD
92706,Post-neonatal mortality rate,E09000011,Greenwich,UA,28 days - 1 yr,Persons,2022 - 24,20220000,0.644389211083494,0.259077883781632,1.32768805686296,7.0,10863.0,Interpret with caution - see Notes section in Definitions for details,Cannot be calculated,Similar,1000.0,"per 1,000",1.10108498725352,1.05188217492819,1.15199520574243,-0.456695776170026,Value available,61325,61077,60655,183057,61019.0,,Greenwich,151.0,60023.0,25.59034205221332,0.2124414974259867,24.680539126668112,30.216750245739135,Q4,Matched to IMD 2019 LAD
92706,Post-neonatal mortality rate,E09000012,Hackney,UA,28 days - 1 yr,Persons,2022 - 24,20220000,1.22054267204957,0.649257435420207,2.08729011449168,13.0,10651.0,Value for Hackney and City of London combined,Cannot be calculated,Similar,1000.0,"per 1,000",1.10108498725352,1.05188217492819,1.15199520574243,0.11945768479605001,Value available,51330,50850,49968,152148,50716.0,,Hackney,144.0,55620.0,33.1073645631068,0.24945212153901475,44.55411722402014,46.35023372887451,Q5 Most deprived,Matched to IMD 2019 LAD
92706,Post-neonatal mortality rate,E06000006,Halton,UA,28 days - 1 yr,Persons,2022 - 24,20220000,,,,2.0,3563.0,Value not published for data quality reasons,Cannot be calculated,Not compared,1000.0,"per 1,000",1.10108498725352,1.05188217492819,1.15199520574243,,Suppressed / unavailable,26342,26516,26469,79327,26442.333333333332,,Halton,79.0,25195.0,34.54001250248066,0.23881964675530862,54.07422107561024,47.275253026394125,Q5 Most deprived,Matched to IMD 2019 LAD
92706,Post-neonatal mortality rate,E09000013,Hammersmith and Fulham,UA,28 days - 1 yr,Persons,2022 - 24,20220000,1.00452034153692,0.368641261257467,2.18641788423216,6.0,5973.0,Interpret with caution - see Notes section in Definitions for details,Cannot be calculated,Similar,1000.0,"per 1,000",1.10108498725352,1.05188217492819,1.15199520574243,-0.09656464571660006,Value available,29615,29202,28816,87633,29211.0,,Hammersmith and Fulham,113.0,31402.0,22.89390774472963,0.18652582638048532,21.460416533978727,32.768613464110565,Q3,Matched to IMD 2019 LAD
92706,Post-neonatal mortality rate,E09000014,Haringey,UA,28 days - 1 yr,Persons,2022 - 24,20220000,0.974658869395711,0.445676098914699,1.8502061350898,9.0,9234.0,Interpret with caution - see Notes section in Definitions for details,Cannot be calculated,Similar,1000.0,"per 1,000",1.10108498725352,1.05188217492819,1.15199520574243,-0.126426117857809,Value available,50371,49985,49457,149813,49937.666666666664,,Haringey,145.0,54139.0,28.948393782670532,0.2083391085908495,38.15179445501395,39.95825560132252,Q4,Matched to IMD 2019 LAD
92706,Post-neonatal mortality rate,E09000015,Harrow,UA,28 days - 1 yr,Persons,2022 - 24,20220000,1.04536901526239,0.500465180218228,1.92258609719386,10.0,9566.0,Interpret with caution - see Notes section in Definitions for details,Cannot be calculated,Similar,1000.0,"per 1,000",1.10108498725352,1.05188217492819,1.15199520574243,-0.05571597199112999,Value available,55224,55613,55676,166513,55504.333333333336,,Harrow,137.0,50943.0,15.362554973205345,0.1228206230492904,1.4545668688534243,5.6631921951985555,Q1 Least deprived,Matched to IMD 2019 LAD
92706,Post-neonatal mortality rate,E06000001,Hartlepool,UA,28 days - 1 yr,Persons,2022 - 24,20220000,1.85048112509252,0.600846184351747,4.31840565481964,5.0,2702.0,Interpret with caution - see Notes section in Definitions for details,Cannot be calculated,Similar,1000.0,"per 1,000",1.10108498725352,1.05188217492819,1.15199520574243,0.7493961378389999,Value available,19229,19552,20013,58794,19598.0,,Hartlepool,58.0,17580.0,37.11760335608646,0.28320358361774745,58.57792946530148,60.21046643913538,Q5 Most deprived,Matched to IMD 2019 LAD
92706,Post-neonatal mortality rate,E09000016,Havering,UA,28 days - 1 yr,Persons,2022 - 24,20220000,1.06292517006803,0.508870101399614,1.95487442663228,10.0,9408.0,Interpret with caution - see Notes section in Definitions for details,Cannot be calculated,Similar,1000.0,"per 1,000",1.10108498725352,1.05188217492819,1.15199520574243,-0.03815981718549,Value available,56733,58133,59806,174672,58224.0,,Havering,150.0,48185.0,18.086519560029057,0.16001035591989207,9.137698453875688,17.13811352080523,Q2,Matched to IMD 2019 LAD
92706,Post-neonatal mortality rate,E06000019,Herefordshire,UA,28 days - 1 yr,Persons,2022 - 24,20220000,0.66283694211224,0.136692912703403,1.93709082407033,3.0,4526.0,Interpret with caution - see Notes section in Definitions for details,Cannot be calculated,Similar,1000.0,"per 1,000",1.10108498725352,1.05188217492819,1.15199520574243,-0.43824804514128,Value available,32277,32473,32514,97264,32421.333333333332,,"Herefordshire, County of",116.0,31713.0,19.52836272191215,0.12405363730962066,9.82247028032668,7.996720587771576,Q2,Matched to IMD 2019 LAD
92706,Post-neonatal mortality rate,E09000017,Hillingdon,UA,28 days - 1 yr,Persons,2022 - 24,20220000,1.13149599935343,0.618082170854996,1.89856928623411,14.0,12373.0,Interpret with caution - see Notes section in Definitions for details,Cannot be calculated,Similar,1000.0,"per 1,000",1.10108498725352,1.05188217492819,1.15199520574243,0.03041101209990993,Value available,68125,69271,69786,207182,69060.66666666667,,Hillingdon,161.0,63455.0,19.488316665353402,0.1571852809077299,5.399101725632338,7.138917342998976,Q2,Matched to IMD 2019 LAD
92706,Post-neonatal mortality rate,E09000018,Hounslow,UA,28 days - 1 yr,Persons,2022 - 24,20220000,0.554733727810651,0.203577501247305,1.20742178462636,6.0,10816.0,Interpret with caution - see Notes section in Definitions for details,Cannot be calculated,Similar,1000.0,"per 1,000",1.10108498725352,1.05188217492819,1.15199520574243,-0.546351259442869,Value available,62281,62567,61747,186595,62198.333333333336,,Hounslow,142.0,56509.0,22.176300890123695,0.17034350280486293,9.373728078713125,14.325151745739618,Q2,Matched to IMD 2019 LAD
92706,Post-neonatal mortality rate,E06000046,Isle of Wight,UA,28 days - 1 yr,Persons,2022 - 24,20220000,,,,2.0,2808.0,Value not published for data quality reasons,Cannot be calculated,Not compared,1000.0,"per 1,000",1.10108498725352,1.05188217492819,1.15199520574243,,Suppressed / unavailable,22528,22428,22319,67275,22425.0,,Isle of Wight,89.0,22123.0,24.46815291777788,0.18008217691994757,17.904443339510916,21.502508701351534,Q3,Matched to IMD 2019 LAD
92706,Post-neonatal mortality rate,E06000053,Isles of Scilly,UA,28 days - 1 yr,Persons,2022 - 24,20220000,,,,,,Value for Cornwall and Isles of Scilly combined,Cannot be calculated,Not compared,1000.0,"per 1,000",1.10108498725352,1.05188217492819,1.15199520574243,,Suppressed / unavailable,339,360,319,1018,339.3333333333333,,Isles of Scilly,1.0,357.0,12.004999999999999,0.032,,,nan,Matched to IMD 2019 LAD
92706,Post-neonatal mortality rate,E09000019,Islington,UA,28 days - 1 yr,Persons,2022 - 24,20220000,1.00229095074456,0.402972945521172,2.06510242865154,7.0,6984.0,Interpret with caution - see Notes section in Definitions for details,Cannot be calculated,Similar,1000.0,"per 1,000",1.10108498725352,1.05188217492819,1.15199520574243,-0.0987940365089599,Value available,33717,33479,32809,100005,33335.0,,Islington,123.0,36201.0,28.674157896190717,0.27531800226513087,31.211844976658103,59.91270959365763,Q4,Matched to IMD 2019 LAD
92706,Post-neonatal mortality rate,E09000020,Kensington and Chelsea,UA,28 days - 1 yr,Persons,2022 - 24,20220000,0.995767986059248,0.271313262042899,2.54956153233849,4.0,4017.0,Interpret with caution - see Notes section in Definitions for details,Cannot be calculated,Similar,1000.0,"per 1,000",1.10108498725352,1.05188217492819,1.15199520574243,-0.10531700119427201,Value available,21187,20815,20148,62150,20716.666666666668,,Kensington and Chelsea,103.0,25814.0,22.104818896722712,0.1288470597350275,23.58797551716123,19.97365770512125,Q3,Matched to IMD 2019 LAD
92706,Post-neonatal mortality rate,E06000010,Kingston upon Hull,UA,28 days - 1 yr,Persons,2022 - 24,20220000,1.18381403357727,0.590151764792292,2.11829930221119,11.0,9292.0,Interpret with caution - see Notes section in Definitions for details,Cannot be calculated,Similar,1000.0,"per 1,000",1.10108498725352,1.05188217492819,1.15199520574243,0.08272904632375,Value available,56638,57748,58076,172462,57487.333333333336,,"Kingston upon Hull, City of",166.0,49893.0,43.1702931473353,0.29801958190527733,59.80398051830918,59.220732367265946,Q5 Most deprived,Matched to IMD 2019 LAD
92706,Post-neonatal mortality rate,E09000021,Kingston upon Thames,UA,28 days - 1 yr,Persons,2022 - 24,20220000,0.806614236741279,0.219775231624587,2.06525280810722,4.0,4959.0,Interpret with caution - see Notes section in Definitions for details,Cannot be calculated,Similar,1000.0,"per 1,000",1.10108498725352,1.05188217492819,1.15199520574243,-0.29447075051224103,Value available,34651,34685,34818,104154,34718.0,,Kingston upon Thames,98.0,33935.0,11.383715485486958,0.09956239870340357,1.2789155738912628,1.9537350817739796,Q1 Least deprived,Matched to IMD 2019 LAD
92706,Post-neonatal mortality rate,E08000034,Kirklees,UA,28 days - 1 yr,Persons,2022 - 24,20220000,1.74013921113689,1.11461143415673,2.58929933526568,24.0,13792.0,,Cannot be calculated,Worse,1000.0,"per 1,000",1.10108498725352,1.05188217492819,1.15199520574243,0.6390542238833701,Value available,93263,93986,94185,281434,93811.33333333333,,Kirklees,259.0,87971.0,27.308930374782598,0.17712033511043412,36.64616748701277,21.192211069557015,Q4,Matched to IMD 2019 LAD
92706,Post-neonatal mortality rate,E08000011,Knowsley,UA,28 days - 1 yr,Persons,2022 - 24,20220000,1.25786163522013,0.50572561572684,2.59167571638857,7.0,5565.0,Interpret with caution - see Notes section in Definitions for details,Cannot be calculated,Similar,1000.0,"per 1,000",1.10108498725352,1.05188217492819,1.15199520574243,0.15677664796660995,Value available,32746,33369,34063,100178,33392.666666666664,,Knowsley,98.0,28775.0,44.9647816159861,0.3026673501303215,66.75586446568201,57.32406602953953,Q5 Most deprived,Matched to IMD 2019 LAD
92706,Post-neonatal mortality rate,E09000022,Lambeth,UA,28 days - 1 yr,Persons,2022 - 24,20220000,1.61046804227479,0.919930439712188,2.61544420675,16.0,9935.0,Interpret with caution - see Notes section in Definitions for details,Cannot be calculated,Similar,1000.0,"per 1,000",1.10108498725352,1.05188217492819,1.15199520574243,0.5093830550212699,Value available,49699,48671,47176,145546,48515.333333333336,,Lambeth,178.0,56607.0,26.22598563781865,0.22878207642164397,21.792357835603372,39.70003709788542,Q3,Matched to IMD 2019 LAD
92706,Post-neonatal mortality rate,E08000035,Leeds,UA,28 days - 1 yr,Persons,2022 - 24,20220000,1.42292490118577,0.99646038905055,1.96998619588152,36.0,25300.0,,Cannot be calculated,Similar,1000.0,"per 1,000",1.10108498725352,1.05188217492819,1.15199520574243,0.3218399139322501,Value available,162520,163850,164704,491074,163691.33333333334,,Leeds,482.0,145907.0,30.850416395375138,0.20277016181540294,41.97331176708451,35.277951023597225,Q5 Most deprived,Matched to IMD 2019 LAD
92706,Post-neonatal mortality rate,E06000016,Leicester,UA,28 days - 1 yr,Persons,2022 - 24,20220000,1.35562584726615,0.803019638638251,2.14258472002005,18.0,13278.0,Interpret with caution - see Notes section in Definitions for details,Cannot be calculated,Similar,1000.0,"per 1,000",1.10108498725352,1.05188217492819,1.15199520574243,0.25454086001263,Value available,82856,83623,83796,250275,83425.0,,Leicester,192.0,73795.0,33.1890439460668,0.24241418795311334,41.104410867944985,42.65058608306796,Q5 Most deprived,Matched to IMD 2019 LAD
92706,Post-neonatal mortality rate,E09000023,Lewisham,UA,28 days - 1 yr,Persons,2022 - 24,20220000,0.898391878537418,0.430100612161312,1.65227370458687,10.0,11131.0,Interpret with caution - see Notes section in Definitions for details,Cannot be calculated,Similar,1000.0,"per 1,000",1.10108498725352,1.05188217492819,1.15199520574243,-0.20269310871610202,Value available,59327,58204,57349,174880,58293.333333333336,,Lewisham,169.0,61194.0,27.458575170768377,0.22937051018073668,27.94718436448018,38.626335915285814,Q4,Matched to IMD 2019 LAD
92706,Post-neonatal mortality rate,E08000012,Liverpool,UA,28 days - 1 yr,Persons,2022 - 24,20220000,1.40854517405594,0.871580690038011,2.15321217245133,21.0,14909.0,,Cannot be calculated,Similar,1000.0,"per 1,000",1.10108498725352,1.05188217492819,1.15199520574243,0.30746018680242004,Value available,88216,89790,90705,268711,89570.33333333333,,Liverpool,298.0,81104.0,45.55675759518643,0.29920495906490435,68.99906293154469,63.39268100217005,Q5 Most deprived,Matched to IMD 2019 LAD
92706,Post-neonatal mortality rate,E06000032,Luton,UA,28 days - 1 yr,Persons,2022 - 24,20220000,1.53846153846154,0.878798934475056,2.49850367250589,16.0,10400.0,Interpret with caution - see Notes section in Definitions for details,Cannot be calculated,Similar,1000.0,"per 1,000",1.10108498725352,1.05188217492819,1.15199520574243,0.4373765512080201,Value available,55538,55955,56763,168256,56085.333333333336,,Luton,121.0,50578.0,26.806347028352246,0.1960949029222191,31.72921032860137,17.373166198742535,Q4,Matched to IMD 2019 LAD
92706,Post-neonatal mortality rate,E08000003,Manchester,UA,28 days - 1 yr,Persons,2022 - 24,20220000,1.62241887905605,1.11661629883066,2.27855270015995,33.0,20340.0,,Cannot be calculated,Worse,1000.0,"per 1,000",1.10108498725352,1.05188217492819,1.15199520574243,0.5213338918025301,Value available,120847,121648,121690,364185,121395.0,,Manchester,282.0,106195.0,44.25276200386083,0.29721928527708463,73.4723857055417,62.820283440839965,Q5 Most deprived,Matched to IMD 2019 LAD
92706,Post-neonatal mortality rate,E06000035,Medway,UA,28 days - 1 yr,Persons,2022 - 24,20220000,0.620219144097581,0.227609494882246,1.34995596676852,6.0,9674.0,Interpret with caution - see Notes section in Definitions for details,Cannot be calculated,Similar,1000.0,"per 1,000",1.10108498725352,1.05188217492819,1.15199520574243,-0.48086584315593894,Value available,61427,63099,64490,189016,63005.333333333336,,Medway,163.0,55993.0,25.251173843158966,0.18929575125462114,26.13898165842159,29.75550515242977,Q4,Matched to IMD 2019 LAD
92706,Post-neonatal mortality rate,E09000024,Merton,UA,28 days - 1 yr,Persons,2022 - 24,20220000,0.810591731964334,0.297472879423244,1.76431694440944,6.0,7402.0,Interpret with caution - see Notes section in Definitions for details,Cannot be calculated,Similar,1000.0,"per 1,000",1.10108498725352,1.05188217492819,1.15199520574243,-0.290493255289186,Value available,44302,44237,43585,132124,44041.333333333336,,Merton,124.0,42123.0,15.342790019704198,0.133870450822591,2.841677943166441,9.272843814543124,Q1 Least deprived,Matched to IMD 2019 LAD
92706,Post-neonatal mortality rate,E06000002,Middlesbrough,UA,28 days - 1 yr,Persons,2022 - 24,20220000,1.63487738419619,0.747570044937027,3.10350653068468,9.0,5505.0,Interpret with caution - see Notes section in Definitions for details,Cannot be calculated,Similar,1000.0,"per 1,000",1.10108498725352,1.05188217492819,1.15199520574243,0.5337923969426701,Value available,32355,32822,32972,98149,32716.333333333332,,Middlesbrough,86.0,28622.0,43.626475124030456,0.32700384319754044,62.84326741667249,60.55481797218923,Q5 Most deprived,Matched to IMD 2019 LAD
92706,Post-neonatal mortality rate,E06000042,Milton Keynes,UA,28 days - 1 yr,Persons,2022 - 24,20220000,0.526371196968102,0.170911294885611,1.22837478464287,5.0,9499.0,Interpret with caution - see Notes section in Definitions for details,Cannot be calculated,Similar,1000.0,"per 1,000",1.10108498725352,1.05188217492819,1.15199520574243,-0.574713790285418,Value available,67369,69083,69991,206443,68814.33333333333,,Milton Keynes,152.0,59903.0,19.128288165868153,0.15040732517570068,15.009264978381717,15.598550990768409,Q3,Matched to IMD 2019 LAD
92706,Post-neonatal mortality rate,E08000021,Newcastle upon Tyne,UA,28 days - 1 yr,Persons,2022 - 24,20220000,1.10071546505228,0.526962015846732,2.02437629122251,10.0,9085.0,Interpret with caution - see Notes section in Definitions for details,Cannot be calculated,Similar,1000.0,"per 1,000",1.10108498725352,1.05188217492819,1.15199520574243,-0.00036952220124009116,Value available,55013,56418,57098,168529,56176.333333333336,,Newcastle upon Tyne,175.0,50575.0,34.613074957983194,0.2467053484923381,50.254078101828966,49.8230350963915,Q5 Most deprived,Matched to IMD 2019 LAD
92706,Post-neonatal mortality rate,E09000025,Newham,UA,28 days - 1 yr,Persons,2022 - 24,20220000,0.722456351595424,0.372878377066769,1.26206249570239,12.0,16610.0,Interpret with caution - see Notes section in Definitions for details,Cannot be calculated,Similar,1000.0,"per 1,000",1.10108498725352,1.05188217492819,1.15199520574243,-0.378628635658096,Value available,77908,77658,76629,232195,77398.33333333333,,Newham,164.0,75869.0,29.938514716155478,0.20146713413910822,26.56025517668613,18.257786447692734,Q4,Matched to IMD 2019 LAD
92706,Post-neonatal mortality rate,E06000012,North East Lincolnshire,UA,28 days - 1 yr,Persons,2022 - 24,20220000,0.683526999316473,0.140959699907861,1.99755595118303,3.0,4389.0,Interpret with caution - see Notes section in Definitions for details,Cannot be calculated,Similar,1000.0,"per 1,000",1.10108498725352,1.05188217492819,1.15199520574243,-0.417557987937047,Value available,31594,31721,31808,95123,31707.666666666668,,North East Lincolnshire,106.0,30450.0,34.930807159277514,0.27356078817733986,44.57799671592775,45.68144499178982,Q5 Most deprived,Matched to IMD 2019 LAD
92706,Post-neonatal mortality rate,E06000013,North Lincolnshire,UA,28 days - 1 yr,Persons,2022 - 24,20220000,1.32129486897159,0.484891929859249,2.87590266957029,6.0,4541.0,Interpret with caution - see Notes section in Definitions for details,Cannot be calculated,Similar,1000.0,"per 1,000",1.10108498725352,1.05188217492819,1.15199520574243,0.22020988171807,Value available,32687,32722,32771,98180,32726.666666666668,,North Lincolnshire,101.0,31477.0,24.236133430758965,0.18268017917844773,26.654382565047495,28.983067001302537,Q4,Matched to IMD 2019 LAD
92706,Post-neonatal mortality rate,E06000061,North Northamptonshire,UA,28 days - 1 yr,Persons,2022 - 24,20220000,1.38197899391929,0.772919109380325,2.27949431944345,15.0,10854.0,Interpret with caution - see Notes section in Definitions for details,Cannot be calculated,Similar,1000.0,"per 1,000",1.10108498725352,1.05188217492819,1.15199520574243,0.2808940066657699,Value available,75960,77254,78590,231804,77268.0,,,,,,,,,,Unmatched: boundary/code change
92706,Post-neonatal mortality rate,E06000024,North Somerset,UA,28 days - 1 yr,Persons,2022 - 24,20220000,1.26949582879942,0.510403164947383,2.61564660168705,7.0,5514.0,Interpret with caution - see Notes section in Definitions for details,Cannot be calculated,Similar,1000.0,"per 1,000",1.10108498725352,1.05188217492819,1.15199520574243,0.16841084154590003,Value available,41284,41853,42149,125286,41762.0,,North Somerset,135.0,37919.0,15.81648817215644,0.12436554234025159,10.430127376776813,12.05464279121285,Q2,Matched to IMD 2019 LAD
92706,Post-neonatal mortality rate,E08000022,North Tyneside,UA,28 days - 1 yr,Persons,2022 - 24,20220000,0.904649900488511,0.293737360253016,2.11115109088523,5.0,5527.0,Interpret with caution - see Notes section in Definitions for details,Cannot be calculated,Similar,1000.0,"per 1,000",1.10108498725352,1.05188217492819,1.15199520574243,-0.19643508676500898,Value available,40057,40278,40262,120597,40199.0,,North Tyneside,131.0,35936.0,23.494828667631342,0.17917586821015136,23.51680765805877,30.860418521816563,Q3,Matched to IMD 2019 LAD
92706,Post-neonatal mortality rate,E06000065,North Yorkshire UA,UA,28 days - 1 yr,Persons,2022 - 24,20220000,0.825593395252838,0.426110068323291,1.44223309622406,12.0,14535.0,Interpret with caution - see Notes section in Definitions for details,Cannot be calculated,Similar,1000.0,"per 1,000",1.10108498725352,1.05188217492819,1.15199520574243,-0.27549159200068196,Value available,109214,109388,110117,328719,109573.0,,,,,,,,,,Unmatched: boundary/code change
92706,Post-neonatal mortality rate,E06000057,Northumberland,UA,28 days - 1 yr,Persons,2022 - 24,20220000,1.23186422118806,0.563286763944475,2.3384620108704,9.0,7306.0,Interpret with caution - see Notes section in Definitions for details,Cannot be calculated,Similar,1000.0,"per 1,000",1.10108498725352,1.05188217492819,1.15199520574243,0.13077923393453994,Value available,55996,56299,56363,168658,56219.333333333336,,Northumberland,197.0,52078.0,23.764028322900263,0.1737438649717731,25.486769845232153,25.429163946388112,Q4,Matched to IMD 2019 LAD
92706,Post-neonatal mortality rate,E06000018,Nottingham,UA,28 days - 1 yr,Persons,2022 - 24,20220000,1.27877237851662,0.680232239293785,2.18687064818522,13.0,10166.0,Interpret with caution - see Notes section in Definitions for details,Cannot be calculated,Similar,1000.0,"per 1,000",1.10108498725352,1.05188217492819,1.15199520574243,0.17768739126310007,Value available,62537,63089,63338,188964,62988.0,,Nottingham,182.0,59185.0,38.72189744022979,0.297920621779167,66.27354904114218,68.21322970347217,Q5 Most deprived,Matched to IMD 2019 LAD
92706,Post-neonatal mortality rate,E08000004,Oldham,UA,28 days - 1 yr,Persons,2022 - 24,20220000,2.14408233276158,1.30911544113164,3.31152233803571,20.0,9328.0,,Cannot be calculated,Worse,1000.0,"per 1,000",1.10108498725352,1.05188217492819,1.15199520574243,1.0429973455080601,Value available,59157,59606,60170,178933,59644.333333333336,,Oldham,141.0,52119.0,36.83009061954374,0.23323166215775443,59.46008173602717,45.54577025652833,Q5 Most deprived,Matched to IMD 2019 LAD
92706,Post-neonatal mortality rate,E06000031,Peterborough,UA,28 days - 1 yr,Persons,2022 - 24,20220000,1.29853265809635,0.621666006228745,2.3881909629602,10.0,7701.0,Interpret with caution - see Notes section in Definitions for details,Cannot be calculated,Similar,1000.0,"per 1,000",1.10108498725352,1.05188217492819,1.15199520574243,0.1974476708428301,Value available,51778,52958,53653,158389,52796.333333333336,,Peterborough,112.0,43096.0,29.27529886764433,0.20819055132726935,46.106367180248746,32.655002784481155,Q5 Most deprived,Matched to IMD 2019 LAD
92706,Post-neonatal mortality rate,E06000026,Plymouth,UA,28 days - 1 yr,Persons,2022 - 24,20220000,0.845189463304691,0.310169637060269,1.83962164002235,6.0,7099.0,Interpret with caution - see Notes section in Definitions for details,Cannot be calculated,Similar,1000.0,"per 1,000",1.10108498725352,1.05188217492819,1.15199520574243,-0.255895523948829,Value available,49197,49498,49307,148002,49334.0,,Plymouth,161.0,46259.0,27.87194262738062,0.20251209494368666,33.44646447177846,32.423960742774376,Q4,Matched to IMD 2019 LAD
92706,Post-neonatal mortality rate,E06000044,Portsmouth,UA,28 days - 1 yr,Persons,2022 - 24,20220000,1.42269996838445,0.650549019503372,2.70072770335428,9.0,6326.0,Interpret with caution - see Notes section in Definitions for details,Cannot be calculated,Similar,1000.0,"per 1,000",1.10108498725352,1.05188217492819,1.15199520574243,0.3216149811309299,Value available,39544,39857,40005,119406,39802.0,,Portsmouth,125.0,39325.0,28.7917520661157,0.20188381436745073,30.011443102352192,29.149396058486968,Q4,Matched to IMD 2019 LAD
92706,Post-neonatal mortality rate,E06000038,Reading,UA,28 days - 1 yr,Persons,2022 - 24,20220000,0.663900414937759,0.180890518444203,1.69984874280559,4.0,6025.0,Interpret with caution - see Notes section in Definitions for details,Cannot be calculated,Similar,1000.0,"per 1,000",1.10108498725352,1.05188217492819,1.15199520574243,-0.437184572315761,Value available,34921,35359,35812,106092,35364.0,,Reading,97.0,33203.0,20.803721049302773,0.15963864711020087,11.85435051049604,18.236303948438394,Q2,Matched to IMD 2019 LAD
92706,Post-neonatal mortality rate,E09000026,Redbridge,UA,28 days - 1 yr,Persons,2022 - 24,20220000,0.865869017632242,0.43165067683013,1.54937319868911,11.0,12704.0,Interpret with caution - see Notes section in Definitions for details,Cannot be calculated,Similar,1000.0,"per 1,000",1.10108498725352,1.05188217492819,1.15199520574243,-0.235215969621278,Value available,72181,72159,72166,216506,72168.66666666667,,Redbridge,161.0,67762.0,17.9349034562144,0.13715398010684454,4.351996694312446,3.4060387827986185,Q2,Matched to IMD 2019 LAD
92706,Post-neonatal mortality rate,E06000003,Redcar and Cleveland,UA,28 days - 1 yr,Persons,2022 - 24,20220000,1.38274336283186,0.44897300611682,3.22686174760029,5.0,3616.0,Interpret with caution - see Notes section in Definitions for details,Cannot be calculated,Similar,1000.0,"per 1,000",1.10108498725352,1.05188217492819,1.15199520574243,0.28165837557833995,Value available,25904,26184,26251,78339,26113.0,,Redcar and Cleveland,88.0,24210.0,32.46137930607187,0.25589475423378766,41.28046261875258,43.76290788930194,Q5 Most deprived,Matched to IMD 2019 LAD
92706,Post-neonatal mortality rate,E09000027,Richmond upon Thames,UA,28 days - 1 yr,Persons,2022 - 24,20220000,,,,0.0,5220.0,Value not published for data quality reasons,Cannot be calculated,Not compared,1000.0,"per 1,000",1.10108498725352,1.05188217492819,1.15199520574243,,Suppressed / unavailable,41886,42009,41609,125504,41834.666666666664,,Richmond upon Thames,115.0,40300.0,9.474932332506203,0.07024669975186104,0.7096774193548387,1.6054590570719602,Q1 Least deprived,Matched to IMD 2019 LAD
92706,Post-neonatal mortality rate,E08000005,Rochdale,UA,28 days - 1 yr,Persons,2022 - 24,20220000,0.863344844597928,0.34710940447951,1.7788203455479,7.0,8108.0,Interpret with caution - see Notes section in Definitions for details,Cannot be calculated,Similar,1000.0,"per 1,000",1.10108498725352,1.05188217492819,1.15199520574243,-0.23774014265559196,Value available,52741,53753,54755,161249,53749.666666666664,,Rochdale,134.0,45185.0,36.932583401571314,0.23503941573531043,54.327763638375565,47.577735974327766,Q5 Most deprived,Matched to IMD 2019 LAD
92706,Post-neonatal mortality rate,E08000018,Rotherham,UA,28 days - 1 yr,Persons,2022 - 24,20220000,0.601829561868079,0.195412420572752,1.404469436606,5.0,8308.0,Interpret with caution - see Notes section in Definitions for details,Cannot be calculated,Similar,1000.0,"per 1,000",1.10108498725352,1.05188217492819,1.15199520574243,-0.499255425385441,Value available,54208,55304,56311,165823,55274.333333333336,,Rotherham,167.0,50014.0,31.717973207501906,0.22071733914503935,40.76258647578678,37.34154436757708,Q5 Most deprived,Matched to IMD 2019 LAD
92706,Post-neonatal mortality rate,E06000017,Rutland,UA,28 days - 1 yr,Persons,2022 - 24,20220000,,,,1.0,791.0,Value not published for data quality reasons,Cannot be calculated,Not compared,1000.0,"per 1,000",1.10108498725352,1.05188217492819,1.15199520574243,,Suppressed / unavailable,7722,7651,7676,23049,7683.0,,Rutland,23.0,6520.0,8.33499325153374,0.07159815950920245,,,nan,Matched to IMD 2019 LAD
92706,Post-neonatal mortality rate,E08000006,Salford,UA,28 days - 1 yr,Persons,2022 - 24,20220000,0.384874434715674,0.104865329897655,0.985431413009112,4.0,10393.0,Interpret with caution - see Notes section in Definitions for details,Cannot be calculated,Better,1000.0,"per 1,000",1.10108498725352,1.05188217492819,1.15199520574243,-0.7162105525378459,Value available,56689,57634,58816,173139,57713.0,,Salford,150.0,48489.0,36.2805389676009,0.24085060529192187,56.68502134504733,48.08100806368455,Q5 Most deprived,Matched to IMD 2019 LAD
92706,Post-neonatal mortality rate,E08000028,Sandwell,UA,28 days - 1 yr,Persons,2022 - 24,20220000,1.49812734082397,0.914713770402692,2.31384871679379,20.0,13350.0,,Cannot be calculated,Similar,1000.0,"per 1,000",1.10108498725352,1.05188217492819,1.15199520574243,0.3970423535704499,Value available,81244,81833,82602,245679,81893.0,,Sandwell,186.0,70711.0,36.051476502948624,0.2630766075999491,63.72982987088289,54.710016829064784,Q5 Most deprived,Matched to IMD 2019 LAD
92706,Post-neonatal mortality rate,E08000014,Sefton,UA,28 days - 1 yr,Persons,2022 - 24,20220000,1.39684313451599,0.668731654416478,2.5689982687186,10.0,7159.0,Interpret with caution - see Notes section in Definitions for details,Cannot be calculated,Similar,1000.0,"per 1,000",1.10108498725352,1.05188217492819,1.15199520574243,0.29575814726246996,Value available,50781,51545,52022,154348,51449.333333333336,,Sefton,189.0,46890.0,28.97344595862657,0.18821567498400513,33.6383024098955,24.435913840904245,Q4,Matched to IMD 2019 LAD
92706,Post-neonatal mortality rate,E08000019,Sheffield,UA,28 days - 1 yr,Persons,2022 - 24,20220000,1.88368259948199,1.28821509096595,2.65928594941725,32.0,16988.0,,Cannot be calculated,Worse,1000.0,"per 1,000",1.10108498725352,1.05188217492819,1.15199520574243,0.7825976122284699,Value available,107242,108194,108390,323826,107942.0,,Sheffield,345.0,103331.0,31.28763481433452,0.21885883229621317,45.534253999283855,42.619349469181564,Q5 Most deprived,Matched to IMD 2019 LAD
92706,Post-neonatal mortality rate,E06000051,Shropshire,UA,28 days - 1 yr,Persons,2022 - 24,20220000,1.48648648648649,0.741039216006753,2.65989690758735,11.0,7400.0,Interpret with caution - see Notes section in Definitions for details,Cannot be calculated,Similar,1000.0,"per 1,000",1.10108498725352,1.05188217492819,1.15199520574243,0.38540149923296996,Value available,56241,56639,57134,170014,56671.333333333336,,Shropshire,193.0,51821.0,17.65990031068486,0.12036539240848304,6.294745373497231,7.244167422473515,Q2,Matched to IMD 2019 LAD
92706,Post-neonatal mortality rate,E06000039,Slough,UA,28 days - 1 yr,Persons,2022 - 24,20220000,1.72612197928654,0.890896122422185,3.01537083625096,12.0,6952.0,Interpret with caution - see Notes section in Definitions for details,Cannot be calculated,Similar,1000.0,"per 1,000",1.10108498725352,1.05188217492819,1.15199520574243,0.6250369920330201,Value available,41805,42398,42992,127195,42398.333333333336,,Slough,80.0,37031.0,23.347691582727983,0.1471205746536685,8.973562690718587,2.2521671032378277,Q2,Matched to IMD 2019 LAD
92706,Post-neonatal mortality rate,E08000029,Solihull,UA,28 days - 1 yr,Persons,2022 - 24,20220000,,,,1.0,5894.0,Value not published for data quality reasons,Cannot be calculated,Not compared,1000.0,"per 1,000",1.10108498725352,1.05188217492819,1.15199520574243,,Suppressed / unavailable,45632,46377,46763,138772,46257.333333333336,,Solihull,134.0,40214.0,19.12107666484309,0.14795717909185854,20.09250509772716,21.529815487143782,Q3,Matched to IMD 2019 LAD
92706,Post-neonatal mortality rate,E06000066,Somerset UA,UA,28 days - 1 yr,Persons,2022 - 24,20220000,0.987863392605137,0.539622544453067,1.65756405437303,14.0,14172.0,Interpret with caution - see Notes section in Definitions for details,Cannot be calculated,Similar,1000.0,"per 1,000",1.10108498725352,1.05188217492819,1.15199520574243,-0.113221594648383,Value available,105314,106522,107129,318965,106321.66666666667,,,,,,,,,,Unmatched: boundary/code change
92706,Post-neonatal mortality rate,E06000025,South Gloucestershire,UA,28 days - 1 yr,Persons,2022 - 24,20220000,0.689655172413793,0.253091293504696,1.5010889681056,6.0,8700.0,Interpret with caution - see Notes section in Definitions for details,Cannot be calculated,Similar,1000.0,"per 1,000",1.10108498725352,1.05188217492819,1.15199520574243,-0.41142981483972696,Value available,56963,58047,59160,174170,58056.666666666664,,South Gloucestershire,165.0,51010.0,11.660486551656538,0.1037240148990394,1.1389923544403058,2.0917467163301313,Q1 Least deprived,Matched to IMD 2019 LAD
92706,Post-neonatal mortality rate,E08000023,South Tyneside,UA,28 days - 1 yr,Persons,2022 - 24,20220000,1.95934361988734,0.845905504959222,3.86068802845783,8.0,4083.0,Interpret with caution - see Notes section in Definitions for details,Cannot be calculated,Similar,1000.0,"per 1,000",1.10108498725352,1.05188217492819,1.15199520574243,0.85825863263382,Value available,28514,28769,29044,86327,28775.666666666668,,South Tyneside,102.0,25824.0,33.22746181846344,0.2672735052664189,48.489776951672866,55.924721189591075,Q5 Most deprived,Matched to IMD 2019 LAD
92706,Post-neonatal mortality rate,E06000045,Southampton,UA,28 days - 1 yr,Persons,2022 - 24,20220000,1.16174002839809,0.53122151766856,2.2053444496475,9.0,7747.0,Interpret with caution - see Notes section in Definitions for details,Cannot be calculated,Similar,1000.0,"per 1,000",1.10108498725352,1.05188217492819,1.15199520574243,0.0606550411445701,Value available,46833,47150,47014,140997,46999.0,,Southampton,148.0,44295.0,29.70951906535726,0.2051646686984987,37.10576814538887,30.847725476916132,Q4,Matched to IMD 2019 LAD
92706,Post-neonatal mortality rate,E06000033,Southend-on-Sea,UA,28 days - 1 yr,Persons,2022 - 24,20220000,0.734753857457752,0.200195696845394,1.88126169643712,4.0,5444.0,Interpret with caution - see Notes section in Definitions for details,Cannot be calculated,Similar,1000.0,"per 1,000",1.10108498725352,1.05188217492819,1.15199520574243,-0.366331129795768,Value available,36135,36777,37315,110227,36742.333333333336,,Southend-on-Sea,107.0,34249.0,23.74494268445794,0.1915269058950626,25.238693100528483,27.501532891471285,Q4,Matched to IMD 2019 LAD
92706,Post-neonatal mortality rate,E09000028,Southwark,UA,28 days - 1 yr,Persons,2022 - 24,20220000,0.605204760944119,0.222099480884694,1.31727597564239,6.0,9914.0,Interpret with caution - see Notes section in Definitions for details,Cannot be calculated,Similar,1000.0,"per 1,000",1.10108498725352,1.05188217492819,1.15199520574243,-0.495880226309401,Value available,52924,52283,51367,156574,52191.333333333336,,Southwark,166.0,57284.0,27.007456095943017,0.24090887507855596,23.912436282382515,53.36044968926751,Q4,Matched to IMD 2019 LAD
92706,Post-neonatal mortality rate,E08000013,St. Helens,UA,28 days - 1 yr,Persons,2022 - 24,20220000,,,,2.0,5348.0,Value not published for data quality reasons,Cannot be calculated,Not compared,1000.0,"per 1,000",1.10108498725352,1.05188217492819,1.15199520574243,,Suppressed / unavailable,35043,35346,35586,105975,35325.0,,St. Helens,119.0,32071.0,33.87832028935797,0.23660802594244018,48.47058089863116,46.21308970721212,Q5 Most deprived,Matched to IMD 2019 LAD
92706,Post-neonatal mortality rate,E08000007,Stockport,UA,28 days - 1 yr,Persons,2022 - 24,20220000,0.690448791714614,0.253382537801019,1.50281634321274,6.0,8690.0,Interpret with caution - see Notes section in Definitions for details,Cannot be calculated,Similar,1000.0,"per 1,000",1.10108498725352,1.05188217492819,1.15199520574243,-0.41063619553890596,Value available,60277,60959,61409,182645,60881.666666666664,,Stockport,190.0,55155.0,22.218823388632035,0.14604088477925845,19.958299338228628,16.861571933641557,Q3,Matched to IMD 2019 LAD
92706,Post-neonatal mortality rate,E06000004,Stockton-on-Tees,UA,28 days - 1 yr,Persons,2022 - 24,20220000,1.5474552957359,0.707595099274129,2.9375521752784,9.0,5816.0,Interpret with caution - see Notes section in Definitions for details,Cannot be calculated,Similar,1000.0,"per 1,000",1.10108498725352,1.05188217492819,1.15199520574243,0.44637030848238,Value available,41949,42390,42785,127124,42374.666666666664,,Stockton-on-Tees,120.0,38168.0,27.46934128065395,0.20869442988891218,33.556906308949905,37.13582058268707,Q4,Matched to IMD 2019 LAD
92706,Post-neonatal mortality rate,E06000021,Stoke-on-Trent,UA,28 days - 1 yr,Persons,2022 - 24,20220000,1.0958904109589,0.524652045366308,2.01550231295961,10.0,9125.0,Interpret with caution - see Notes section in Definitions for details,Cannot be calculated,Similar,1000.0,"per 1,000",1.10108498725352,1.05188217492819,1.15199520574243,-0.005194576294619946,Value available,55892,56965,58271,171128,57042.666666666664,,Stoke-on-Trent,159.0,50462.0,37.03634499227141,0.2565959335737783,59.377353255915345,53.53929689667473,Q5 Most deprived,Matched to IMD 2019 LAD
92706,Post-neonatal mortality rate,E08000024,Sunderland,UA,28 days - 1 yr,Persons,2022 - 24,20220000,1.01137800252844,0.436641235998546,1.99281785337463,8.0,7910.0,Interpret with caution - see Notes section in Definitions for details,Cannot be calculated,Similar,1000.0,"per 1,000",1.10108498725352,1.05188217492819,1.15199520574243,-0.08970698472507999,Value available,51923,52898,53325,158146,52715.333333333336,,Sunderland,185.0,48108.0,32.43190930822317,0.24249852415398687,45.3874615448574,46.360272719713976,Q5 Most deprived,Matched to IMD 2019 LAD
92706,Post-neonatal mortality rate,E09000029,Sutton,UA,28 days - 1 yr,Persons,2022 - 24,20220000,0.474008532153579,0.0977519549526942,1.38525407959272,3.0,6329.0,Interpret with caution - see Notes section in Definitions for details,Cannot be calculated,Similar,1000.0,"per 1,000",1.10108498725352,1.05188217492819,1.15199520574243,-0.627076455099941,Value available,47000,47586,47819,142405,47468.333333333336,,Sutton,121.0,41298.0,14.79617959707492,0.12594128044941644,6.593539638723425,10.511404910649427,Q2,Matched to IMD 2019 LAD
92706,Post-neonatal mortality rate,E06000030,Swindon,UA,28 days - 1 yr,Persons,2022 - 24,20220000,0.836236933797909,0.306884216514404,1.82013575226741,6.0,7175.0,Interpret with caution - see Notes section in Definitions for details,Cannot be calculated,Similar,1000.0,"per 1,000",1.10108498725352,1.05188217492819,1.15199520574243,-0.264848053455611,Value available,49414,50292,50925,150631,50210.333333333336,,Swindon,132.0,43899.0,19.494175220392265,0.14895348413403495,18.369438939383585,17.66327251190232,Q3,Matched to IMD 2019 LAD
92706,Post-neonatal mortality rate,E08000008,Tameside,UA,28 days - 1 yr,Persons,2022 - 24,20220000,1.88602990704567,1.03024797251635,3.16462316833822,14.0,7423.0,Interpret with caution - see Notes section in Definitions for details,Cannot be calculated,Similar,1000.0,"per 1,000",1.10108498725352,1.05188217492819,1.15199520574243,0.7849449197921501,Value available,49056,49520,49930,148506,49502.0,,Tameside,141.0,43709.0,32.93901757075202,0.2228602118556819,48.97389553638839,44.69560044842024,Q5 Most deprived,Matched to IMD 2019 LAD
92706,Post-neonatal mortality rate,E06000020,Telford and Wrekin,UA,28 days - 1 yr,Persons,2022 - 24,20220000,2.21540558963872,1.17846641865382,3.78863786800459,13.0,5868.0,Interpret with caution - see Notes section in Definitions for details,Cannot be calculated,Worse,1000.0,"per 1,000",1.10108498725352,1.05188217492819,1.15199520574243,1.1143206023852001,Value available,40148,41006,41833,122987,40995.666666666664,,Telford and Wrekin,108.0,34992.0,27.293631058527662,0.21290712162780062,30.412665752171925,28.26074531321445,Q4,Matched to IMD 2019 LAD
92706,Post-neonatal mortality rate,E06000034,Thurrock,UA,28 days - 1 yr,Persons,2022 - 24,20220000,0.930376802605055,0.34143188920621,2.02503861412912,6.0,6449.0,Interpret with caution - see Notes section in Definitions for details,Cannot be calculated,Similar,1000.0,"per 1,000",1.10108498725352,1.05188217492819,1.15199520574243,-0.17070818464846504,Value available,42274,42922,43398,128594,42864.666666666664,,Thurrock,98.0,36947.0,21.845786234335673,0.1862419682247544,12.82648117573822,22.329282485722793,Q3,Matched to IMD 2019 LAD
92706,Post-neonatal mortality rate,E06000027,Torbay,UA,28 days - 1 yr,Persons,2022 - 24,20220000,2.06753962784287,0.758750604235304,4.50016334339031,6.0,2902.0,Interpret with caution - see Notes section in Definitions for details,Cannot be calculated,Similar,1000.0,"per 1,000",1.10108498725352,1.05188217492819,1.15199520574243,0.9664546405893502,Value available,23968,23844,23686,71498,23832.666666666668,,Torbay,89.0,22257.0,28.96706070000449,0.21935907804286295,30.367974120501415,30.04448038819248,Q4,Matched to IMD 2019 LAD
92706,Post-neonatal mortality rate,E09000030,Tower Hamlets,UA,28 days - 1 yr,Persons,2022 - 24,20220000,1.25500039218762,0.716880454823169,2.03815500777012,16.0,12749.0,Interpret with caution - see Notes section in Definitions for details,Cannot be calculated,Similar,1000.0,"per 1,000",1.10108498725352,1.05188217492819,1.15199520574243,0.15391540493410005,Value available,59941,58886,57558,176385,58795.0,,Tower Hamlets,144.0,59061.0,29.71017847649041,0.2659303770677774,36.56389156973299,59.06435719002388,Q4,Matched to IMD 2019 LAD
92706,Post-neonatal mortality rate,E08000009,Trafford,UA,28 days - 1 yr,Persons,2022 - 24,20220000,0.924926776630183,0.33943182572697,2.0131762020223,6.0,6487.0,Interpret with caution - see Notes section in Definitions for details,Cannot be calculated,Similar,1000.0,"per 1,000",1.10108498725352,1.05188217492819,1.15199520574243,-0.17615821062333703,Value available,53049,53526,53852,160427,53475.666666666664,,Trafford,138.0,48403.0,17.007272854988326,0.11707045017870793,10.879490940644175,14.154081358593476,Q2,Matched to IMD 2019 LAD
92706,Post-neonatal mortality rate,E08000036,Wakefield,UA,28 days - 1 yr,Persons,2022 - 24,20220000,1.75779443056712,1.05782038636237,2.74515184247554,19.0,10809.0,Interpret with caution - see Notes section in Definitions for details,Cannot be calculated,Similar,1000.0,"per 1,000",1.10108498725352,1.05188217492819,1.15199520574243,0.6567094433136,Value available,70759,72128,73055,215942,71980.66666666667,,Wakefield,209.0,62016.0,29.003556388673893,0.19712935371517026,38.78515221878225,28.223361713106296,Q5 Most deprived,Matched to IMD 2019 LAD
92706,Post-neonatal mortality rate,E08000030,Walsall,UA,28 days - 1 yr,Persons,2022 - 24,20220000,1.73761946133797,1.02929768914361,2.74633071845025,18.0,10359.0,Interpret with caution - see Notes section in Definitions for details,Cannot be calculated,Similar,1000.0,"per 1,000",1.10108498725352,1.05188217492819,1.15199520574243,0.6365344740844501,Value available,65399,66515,67432,199346,66448.66666666667,,Walsall,167.0,58002.0,34.44672916451157,0.2606790283093686,60.81514430536878,54.83431605806696,Q5 Most deprived,Matched to IMD 2019 LAD
92706,Post-neonatal mortality rate,E09000031,Waltham Forest,UA,28 days - 1 yr,Persons,2022 - 24,20220000,1.10253583241455,0.586484687020661,1.88548274187524,13.0,11791.0,Interpret with caution - see Notes section in Definitions for details,Cannot be calculated,Similar,1000.0,"per 1,000",1.10108498725352,1.05188217492819,1.15199520574243,0.001450845161030001,Value available,57893,58118,57513,173524,57841.333333333336,,Waltham Forest,144.0,58990.0,25.8793463807425,0.19232524156636718,18.489574504153246,19.043905746736733,Q3,Matched to IMD 2019 LAD
92706,Post-neonatal mortality rate,E09000032,Wandsworth,UA,28 days - 1 yr,Persons,2022 - 24,20220000,0.949585635359116,0.473384858291607,1.69917447480546,11.0,11584.0,Interpret with caution - see Notes section in Definitions for details,Cannot be calculated,Similar,1000.0,"per 1,000",1.10108498725352,1.05188217492819,1.15199520574243,-0.151499351894404,Value available,54642,54145,53803,162590,54196.666666666664,,Wandsworth,179.0,56190.0,16.891709450080086,0.15387517351841967,6.152340274070119,18.743548674141305,Q2,Matched to IMD 2019 LAD
92706,Post-neonatal mortality rate,E06000007,Warrington,UA,28 days - 1 yr,Persons,2022 - 24,20220000,1.09549023187877,0.402025607721536,2.38442103752395,6.0,5477.0,Interpret with caution - see Notes section in Definitions for details,Cannot be calculated,Similar,1000.0,"per 1,000",1.10108498725352,1.05188217492819,1.15199520574243,-0.00559475537474996,Value available,41405,42058,42373,125836,41945.333333333336,,Warrington,127.0,39485.0,20.08639921489173,0.13157474990502718,21.334684057236924,15.963023933139167,Q3,Matched to IMD 2019 LAD
92706,Post-neonatal mortality rate,E06000037,West Berkshire,UA,28 days - 1 yr,Persons,2022 - 24,20220000,1.39925373134328,0.513501458370068,3.04558629256499,6.0,4288.0,Interpret with caution - see Notes section in Definitions for details,Cannot be calculated,Similar,1000.0,"per 1,000",1.10108498725352,1.05188217492819,1.15199520574243,0.29816874408976,Value available,33287,33877,33821,100985,33661.666666666664,,West Berkshire,97.0,31625.0,9.939288031620553,0.08659298023715414,1.2616600790513834,2.842687747035573,Q1 Least deprived,Matched to IMD 2019 LAD
92706,Post-neonatal mortality rate,E06000062,West Northamptonshire,UA,28 days - 1 yr,Persons,2022 - 24,20220000,0.450755014649538,0.1654191460815,0.981103900722612,6.0,13311.0,Interpret with caution - see Notes section in Definitions for details,Cannot be calculated,Better,1000.0,"per 1,000",1.10108498725352,1.05188217492819,1.15199520574243,-0.650329972603982,Value available,88489,89716,90507,268712,89570.66666666667,,,,,,,,,,Unmatched: boundary/code change
92706,Post-neonatal mortality rate,E09000033,Westminster,UA,28 days - 1 yr,Persons,2022 - 24,20220000,0.517509056408487,0.106722808848646,1.5123810711993,3.0,5797.0,Interpret with caution - see Notes section in Definitions for details,Cannot be calculated,Similar,1000.0,"per 1,000",1.10108498725352,1.05188217492819,1.15199520574243,-0.583575930845033,Value available,27901,27369,26650,81920,27306.666666666668,,Westminster,128.0,38605.0,22.51348066312654,0.18302823468462634,20.30306955057635,32.783318223028104,Q3,Matched to IMD 2019 LAD
92706,Post-neonatal mortality rate,E06000064,Westmorland and Furness,UA,28 days - 1 yr,Persons,2022 - 24,20220000,0.613622417672326,0.126543694599223,1.79326509914959,3.0,4889.0,Interpret with caution - see Notes section in Definitions for details,Cannot be calculated,Similar,1000.0,"per 1,000",1.10108498725352,1.05188217492819,1.15199520574243,-0.48746256958119405,Value available,37183,37330,37226,111739,37246.333333333336,,,,,,,,,,Unmatched: boundary/code change
92706,Post-neonatal mortality rate,E08000010,Wigan,UA,28 days - 1 yr,Persons,2022 - 24,20220000,1.49328023892484,0.835168144670388,2.46307927757484,15.0,10045.0,Interpret with caution - see Notes section in Definitions for details,Cannot be calculated,Similar,1000.0,"per 1,000",1.10108498725352,1.05188217492819,1.15199520574243,0.3921952516713201,Value available,65710,66938,67826,200474,66824.66666666667,,Wigan,200.0,60273.0,27.293484362815857,0.1743898760639092,36.77766163954009,28.78237353375475,Q4,Matched to IMD 2019 LAD
92706,Post-neonatal mortality rate,E06000054,Wiltshire,UA,28 days - 1 yr,Persons,2022 - 24,20220000,0.994796449341904,0.529173626007088,1.70123408398002,13.0,13068.0,Interpret with caution - see Notes section in Definitions for details,Cannot be calculated,Similar,1000.0,"per 1,000",1.10108498725352,1.05188217492819,1.15199520574243,-0.10628853791161597,Value available,98498,98932,99165,296595,98865.0,,Wiltshire,285.0,92224.0,13.632750748178346,0.10208541160652325,3.3396946564885495,4.871833795975017,Q1 Least deprived,Matched to IMD 2019 LAD
92706,Post-neonatal mortality rate,E06000040,Windsor and Maidenhead,UA,28 days - 1 yr,Persons,2022 - 24,20220000,,,,1.0,4047.0,Value not published for data quality reasons,Cannot be calculated,Not compared,1000.0,"per 1,000",1.10108498725352,1.05188217492819,1.15199520574243,,Suppressed / unavailable,32564,32765,32940,98269,32756.333333333332,,Windsor and Maidenhead,89.0,29792.0,8.534136513157895,0.06735486036519872,,,nan,Matched to IMD 2019 LAD
92706,Post-neonatal mortality rate,E08000015,Wirral,UA,28 days - 1 yr,Persons,2022 - 24,20220000,1.89147653386925,1.08044791565677,3.07180969311517,16.0,8459.0,Interpret with caution - see Notes section in Definitions for details,Cannot be calculated,Similar,1000.0,"per 1,000",1.10108498725352,1.05188217492819,1.15199520574243,0.7903915466157301,Value available,62665,63089,63218,188972,62990.666666666664,,Wirral,206.0,59827.0,32.63795017299881,0.21778213849933978,42.18162368161532,36.04225516907082,Q5 Most deprived,Matched to IMD 2019 LAD
92706,Post-neonatal mortality rate,E06000041,Wokingham,UA,28 days - 1 yr,Persons,2022 - 24,20220000,,,,2.0,4988.0,Value not published for data quality reasons,Cannot be calculated,Not compared,1000.0,"per 1,000",1.10108498725352,1.05188217492819,1.15199520574243,,Suppressed / unavailable,40577,41642,42215,124434,41478.0,,Wokingham,99.0,33327.0,6.044794791010292,0.056332883247817093,,,nan,Matched to IMD 2019 LAD
92706,Post-neonatal mortality rate,E08000031,Wolverhampton,UA,28 days - 1 yr,Persons,2022 - 24,20220000,1.37524557956778,0.751230913554898,2.30756363247295,14.0,10180.0,Interpret with caution - see Notes section in Definitions for details,Cannot be calculated,Similar,1000.0,"per 1,000",1.10108498725352,1.05188217492819,1.15199520574243,0.27416059231426004,Value available,59999,61874,63578,185451,61817.0,,Wolverhampton,158.0,52099.0,34.41214545384748,0.27103130578322043,58.98769650089253,58.70170252787961,Q5 Most deprived,Matched to IMD 2019 LAD
92706,Post-neonatal mortality rate,E06000014,York,UA,28 days - 1 yr,Persons,2022 - 24,20220000,1.10229276895944,0.357911461666319,2.57238361537096,5.0,4536.0,Interpret with caution - see Notes section in Definitions for details,Cannot be calculated,Similar,1000.0,"per 1,000",1.10108498725352,1.05188217492819,1.15199520574243,0.0012077817059199525,Value available,32786,32980,32737,98503,32834.333333333336,,York,120.0,32477.0,12.497692459278873,0.10022422021738461,6.912584290420913,11.300304831111248,Q2,Matched to IMD 2019 LAD
92530,Stillbirth rate,E07000223,Adur,District,0 yrs,Persons,2022 - 24,20220000,,,,2.0,1523.0,Value not published for data quality reasons,Cannot be calculated,Not compared,1000.0,"per 1,000",3.89970163317499,3.80679381892754,3.99430405508697,,Suppressed / unavailable,12596,12549,12580,37725,12575.0,,Adur,42.0,11374.0,18.02123588886935,0.14293942324599965,2.101283629330051,13.100052751890276,Q1 Least deprived,Matched to IMD 2019 LAD
92530,Stillbirth rate,E07000032,Amber Valley,District,0 yrs,Persons,2022 - 24,20220000,5.14061082552162,2.99288693957982,8.23105818110204,17.0,3307.0,Interpret with caution - see Notes section in Definitions for details,Cannot be calculated,Similar,1000.0,"per 1,000",3.89970163317499,3.80679381892754,3.99430405508697,1.2409091923466296,Value available,22611,22935,23365,68911,22970.333333333332,,Amber Valley,78.0,20978.0,18.90563032700925,0.14969363142339595,13.509390790351796,16.493469348841643,Q3,Matched to IMD 2019 LAD
92530,Stillbirth rate,E07000224,Arun,District,0 yrs,Persons,2022 - 24,20220000,2.40128068303095,1.09801843579998,4.55837872236371,9.0,3748.0,Interpret with caution - see Notes section in Definitions for details,Cannot be calculated,Similar,1000.0,"per 1,000",3.89970163317499,3.80679381892754,3.99430405508697,-1.4984209501440402,Value available,27169,27468,27752,82389,27463.0,,Arun,94.0,24654.0,19.71389973229496,0.13634679970795816,13.279792325788918,6.214001784700251,Q3,Matched to IMD 2019 LAD
92530,Stillbirth rate,E07000170,Ashfield,District,0 yrs,Persons,2022 - 24,20220000,3.71451313345715,2.02906094454467,6.23268712618059,14.0,3769.0,Interpret with caution - see Notes section in Definitions for details,Cannot be calculated,Similar,1000.0,"per 1,000",3.89970163317499,3.80679381892754,3.99430405508697,-0.18518849971784013,Value available,25001,25297,25536,75834,25278.0,,Ashfield,74.0,23249.0,27.925895436362858,0.2187327196868683,31.42930878747473,33.82941201772119,Q4,Matched to IMD 2019 LAD
92530,Stillbirth rate,E07000105,Ashford,District,0 yrs,Persons,2022 - 24,20220000,3.55281856939839,1.9870355313155,5.86016848489797,15.0,4222.0,Interpret with caution - see Notes section in Definitions for details,Cannot be calculated,Similar,1000.0,"per 1,000",3.89970163317499,3.80679381892754,3.99430405508697,-0.34688306377660005,Value available,28295,29092,29383,86770,28923.333333333332,,Ashford,78.0,25481.0,19.379460068286175,0.15412413170597702,17.08331698128017,13.135277265413444,Q3,Matched to IMD 2019 LAD
92530,Stillbirth rate,E07000200,Babergh,District,0 yrs,Persons,2022 - 24,20220000,5.9333637608398,3.15620307834807,10.1468402599046,13.0,2191.0,Interpret with caution - see Notes section in Definitions for details,Cannot be calculated,Similar,1000.0,"per 1,000",3.89970163317499,3.80679381892754,3.99430405508697,2.03366212766481,Value available,16533,16788,16895,50216,16738.666666666668,,Babergh,54.0,15571.0,14.641426369533107,0.10869179885684926,,3.5643182839894676,nan,Matched to IMD 2019 LAD
92530,Stillbirth rate,E09000002,Barking and Dagenham,UA,0 yrs,Persons,2022 - 24,20220000,4.12193251533742,2.9827617723376,5.55235348209779,43.0,10432.0,,Cannot be calculated,Similar,1000.0,"per 1,000",3.89970163317499,3.80679381892754,3.99430405508697,0.22223088216242992,Value available,60208,60700,61568,182476,60825.333333333336,,Barking and Dagenham,110.0,54877.0,33.28889828161161,0.23792457678080076,57.13322521274851,38.27833154144724,Q5 Most deprived,Matched to IMD 2019 LAD
92530,Stillbirth rate,E09000003,Barnet,UA,0 yrs,Persons,2022 - 24,20220000,3.690036900369,2.7472701760844,4.85181718089804,51.0,13821.0,,Cannot be calculated,Similar,1000.0,"per 1,000",3.89970163317499,3.80679381892754,3.99430405508697,-0.20966473280599018,Value available,85376,86718,87138,259232,86410.66666666667,,Barnet,211.0,80093.0,16.547513116002644,0.12601439576492326,3.9841184622875905,8.497621514988825,Q1 Least deprived,Matched to IMD 2019 LAD
92530,Stillbirth rate,E08000016,Barnsley,UA,0 yrs,Persons,2022 - 24,20220000,3.66797989403614,2.41665051911115,5.33692415000543,27.0,7361.0,,Cannot be calculated,Similar,1000.0,"per 1,000",3.89970163317499,3.80679381892754,3.99430405508697,-0.23172173913884997,Value available,48027,48385,48924,145336,48445.333333333336,,Barnsley,147.0,44050.0,31.36595786606129,0.2250699659477866,43.314415437003404,36.66515323496027,Q5 Most deprived,Matched to IMD 2019 LAD
92530,Stillbirth rate,E07000066,Basildon,District,0 yrs,Persons,2022 - 24,20220000,2.78207109737249,1.64798991682206,4.39710045014315,18.0,6470.0,Interpret with caution - see Notes section in Definitions for details,Cannot be calculated,Similar,1000.0,"per 1,000",3.89970163317499,3.80679381892754,3.99430405508697,-1.1176305358025003,Value available,41580,42286,42888,126754,42251.333333333336,,Basildon,110.0,36917.0,24.859216458542136,0.19734043936397866,27.846249695262344,31.665628301324592,Q4,Matched to IMD 2019 LAD
92530,Stillbirth rate,E07000084,Basingstoke and Deane,District,0 yrs,Persons,2022 - 24,20220000,2.57201646090535,1.43848834245783,4.24239220563087,15.0,5832.0,Interpret with caution - see Notes section in Definitions for details,Cannot be calculated,Similar,1000.0,"per 1,000",3.89970163317499,3.80679381892754,3.99430405508697,-1.3276851722696401,Value available,37723,38347,38614,114684,38228.0,,Basingstoke and Deane,109.0,34943.0,13.336959362390179,0.09881272357839913,0.9501187648456056,7.0715164696791915,Q1 Least deprived,Matched to IMD 2019 LAD
92530,Stillbirth rate,E07000171,Bassetlaw,District,0 yrs,Persons,2022 - 24,20220000,4.21052631578947,2.30000923307936,7.06496173791718,14.0,3325.0,Interpret with caution - see Notes section in Definitions for details,Cannot be calculated,Similar,1000.0,"per 1,000",3.89970163317499,3.80679381892754,3.99430405508697,0.3108246826144798,Value available,22352,22812,23289,68453,22817.666666666668,,Bassetlaw,70.0,19960.0,23.684430561122248,0.16420911823647297,23.241482965931862,18.847695390781563,Q3,Matched to IMD 2019 LAD
92530,Stillbirth rate,E06000022,Bath and North East Somerset,UA,0 yrs,Persons,2022 - 24,20220000,1.48777895855473,0.59816430425502,3.06539327560093,7.0,4705.0,Interpret with caution - see Notes section in Definitions for details,Cannot be calculated,Better,1000.0,"per 1,000",3.89970163317499,3.80679381892754,3.99430405508697,-2.4119226746202598,Value available,34394,34741,34810,103945,34648.333333333336,,Bath and North East Somerset,115.0,30660.0,12.44038763861709,0.103979843444227,5.622961513372473,6.6764514024788,Q2,Matched to IMD 2019 LAD
92530,Stillbirth rate,E06000055,Bedford,UA,0 yrs,Persons,2022 - 24,20220000,5.15546963106171,3.52572868782498,7.27822614929922,32.0,6207.0,,Cannot be calculated,Similar,1000.0,"per 1,000",3.89970163317499,3.80679381892754,3.99430405508697,1.2557679978867196,Value available,39996,40846,41516,122358,40786.0,,Bedford,103.0,33622.0,19.601445779549103,0.15142210457438582,14.826601629885195,15.938968532508477,Q3,Matched to IMD 2019 LAD
92530,Stillbirth rate,E09000004,Bexley,UA,0 yrs,Persons,2022 - 24,20220000,4.6111665004985,3.24625679391906,6.35606886755547,37.0,8024.0,,Cannot be calculated,Similar,1000.0,"per 1,000",3.89970163317499,3.80679381892754,3.99430405508697,0.7114648673235102,Value available,53902,54871,55303,164076,54692.0,,Bexley,146.0,49822.0,17.62895560194292,0.16014457468588172,8.34571073019951,19.635903817590624,Q2,Matched to IMD 2019 LAD
92530,Stillbirth rate,E08000025,Birmingham,UA,0 yrs,Persons,2022 - 24,20220000,5.54707150556953,4.87678401726114,6.28373896320265,247.0,44528.0,,Cannot be calculated,Worse,1000.0,"per 1,000",3.89970163317499,3.80679381892754,3.99430405508697,1.64736987239454,Value available,270630,271899,272806,815335,271778.3333333333,,Birmingham,639.0,254167.0,41.323414983062314,0.27585586248411476,67.52332128089013,61.35690313848769,Q5 Most deprived,Matched to IMD 2019 LAD
92530,Stillbirth rate,E07000129,Blaby,District,0 yrs,Persons,2022 - 24,20220000,2.97816015883521,1.36180446637271,5.65347566228298,9.0,3022.0,Interpret with caution - see Notes section in Definitions for details,Cannot be calculated,Similar,1000.0,"per 1,000",3.89970163317499,3.80679381892754,3.99430405508697,-0.9215414743397803,Value available,20826,21092,21130,63048,21016.0,,Blaby,60.0,17851.0,10.432666741359027,0.08790123802588089,,,nan,Matched to IMD 2019 LAD
92530,Stillbirth rate,E06000008,Blackburn with Darwen,UA,0 yrs,Persons,2022 - 24,20220000,4.39444542098787,2.84307715269067,6.48733532996754,25.0,5689.0,,Cannot be calculated,Similar,1000.0,"per 1,000",3.89970163317499,3.80679381892754,3.99430405508697,0.49474378781287953,Value available,38034,38587,39294,115915,38638.333333333336,,Blackburn with Darwen,91.0,34186.0,38.194969724448605,0.22767632949160474,62.29158134909027,41.40583864739952,Q5 Most deprived,Matched to IMD 2019 LAD
92530,Stillbirth rate,E06000009,Blackpool,UA,0 yrs,Persons,2022 - 24,20220000,3.28022492970947,1.79183006091585,5.50398260978787,14.0,4268.0,Interpret with caution - see Notes section in Definitions for details,Cannot be calculated,Similar,1000.0,"per 1,000",3.89970163317499,3.80679381892754,3.99430405508697,-0.6194767034655202,Value available,26735,26851,27089,80675,26891.666666666668,,Blackpool,94.0,25394.0,46.49764653067655,0.30681200283531546,59.15964401039616,48.665038985587145,Q5 Most deprived,Matched to IMD 2019 LAD
92530,Stillbirth rate,E07000033,Bolsover,District,0 yrs,Persons,2022 - 24,20220000,4.61409395973154,2.30020562015519,8.25639140777952,11.0,2384.0,Interpret with caution - see Notes section in Definitions for details,Cannot be calculated,Similar,1000.0,"per 1,000",3.89970163317499,3.80679381892754,3.99430405508697,0.7143923265565499,Value available,14943,15120,15231,45294,15098.0,,Bolsover,48.0,13860.0,25.8960715007215,0.20452294372294372,24.27849927849928,25.165945165945168,Q4,Matched to IMD 2019 LAD
92530,Stillbirth rate,E08000001,Bolton,UA,0 yrs,Persons,2022 - 24,20220000,4.22574889661001,3.08200333322822,5.65451795275724,45.0,10649.0,,Cannot be calculated,Similar,1000.0,"per 1,000",3.89970163317499,3.80679381892754,3.99430405508697,0.32604726343501955,Value available,68700,70030,70942,209672,69890.66666666667,,Bolton,177.0,58831.0,33.30017472081045,0.21852618517448283,49.91926025394775,38.913158028930326,Q5 Most deprived,Matched to IMD 2019 LAD
92530,Stillbirth rate,E07000136,Boston,District,0 yrs,Persons,2022 - 24,20220000,4.52488687782806,2.06906641396598,8.58964477195534,9.0,1989.0,Interpret with caution - see Notes section in Definitions for details,Cannot be calculated,Similar,1000.0,"per 1,000",3.89970163317499,3.80679381892754,3.99430405508697,0.6251852446530703,Value available,14219,14439,14515,43173,14391.0,,Boston,36.0,12295.0,23.571529158194387,0.16148930459536395,13.550223668157788,10.10980073200488,Q3,Matched to IMD 2019 LAD
92530,Stillbirth rate,E06000058,"Bournemouth, Christchurch and Poole",UA,0 yrs,Persons,2022 - 24,20220000,2.99555831009193,2.00575717242842,4.302277429106,29.0,9681.0,,Cannot be calculated,Similar,1000.0,"per 1,000",3.89970163317499,3.80679381892754,3.99430405508697,-0.9041433230830602,Value available,70186,70556,70505,211247,70415.66666666667,,"Bournemouth, Christchurch and Poole",233.0,65265.0,18.89553584616563,0.14695366582394853,13.052938021910672,14.57749176434536,Q3,Matched to IMD 2019 LAD
92530,Stillbirth rate,E06000036,Bracknell Forest,UA,0 yrs,Persons,2022 - 24,20220000,3.46191889218595,1.89108078634739,5.80885207185327,14.0,4044.0,Interpret with caution - see Notes section in Definitions for details,Cannot be calculated,Similar,1000.0,"per 1,000",3.89970163317499,3.80679381892754,3.99430405508697,-0.43778274098904024,Value available,26785,27319,27747,81851,27283.666666666668,,Bracknell Forest,75.0,24849.0,10.548147370115498,0.08902869330757779,,,nan,Matched to IMD 2019 LAD
92530,Stillbirth rate,E08000032,Bradford,UA,0 yrs,Persons,2022 - 24,20220000,5.68948891031823,4.70925786731116,6.81352970693239,118.0,20740.0,,Cannot be calculated,Worse,1000.0,"per 1,000",3.89970163317499,3.80679381892754,3.99430405508697,1.7897872771432395,Value available,132933,133042,133152,399127,133042.33333333334,,Bradford,310.0,125172.0,38.38322818202154,0.22539401783146393,58.49471127728246,40.989997763078,Q5 Most deprived,Matched to IMD 2019 LAD
92530,Stillbirth rate,E07000067,Braintree,District,0 yrs,Persons,2022 - 24,20220000,3.96080883885762,2.38356901317299,6.18560480827978,19.0,4797.0,Interpret with caution - see Notes section in Definitions for details,Cannot be calculated,Similar,1000.0,"per 1,000",3.89970163317499,3.80679381892754,3.99430405508697,0.06110720568262984,Value available,30922,31383,31968,94273,31424.333333333332,,Braintree,87.0,28899.0,14.913169521436727,0.12180051212844736,2.6298487836949374,6.879130765770442,Q1 Least deprived,Matched to IMD 2019 LAD
92530,Stillbirth rate,E07000143,Breckland,District,0 yrs,Persons,2022 - 24,20220000,1.93637621023513,0.778523665703974,3.98967506547784,7.0,3615.0,Interpret with caution - see Notes section in Definitions for details,Cannot be calculated,Similar,1000.0,"per 1,000",3.89970163317499,3.80679381892754,3.99430405508697,-1.96332542293986,Value available,25386,25561,25833,76780,25593.333333333332,,Breckland,78.0,23440.0,20.479175725255974,0.1289378412969283,12.581058020477816,10.998293515358363,Q3,Matched to IMD 2019 LAD
92530,Stillbirth rate,E09000005,Brent,UA,0 yrs,Persons,2022 - 24,20220000,3.99216631515517,2.99019841085665,5.22195515426522,53.0,13276.0,,Cannot be calculated,Similar,1000.0,"per 1,000",3.89970163317499,3.80679381892754,3.99430405508697,0.09246468198017999,Value available,68259,68436,68337,205032,68344.0,,Brent,173.0,67701.0,26.623692781495105,0.1816095774065376,23.625943486802264,19.439890105020606,Q3,Matched to IMD 2019 LAD
92530,Stillbirth rate,E07000068,Brentwood,District,0 yrs,Persons,2022 - 24,20220000,4.37549721559268,2.18126101768098,7.82944992686809,11.0,2514.0,Interpret with caution - see Notes section in Definitions for details,Cannot be calculated,Similar,1000.0,"per 1,000",3.89970163317499,3.80679381892754,3.99430405508697,0.4757955824176898,Value available,15335,15802,15921,47058,15686.0,,Brentwood,46.0,13897.0,10.31023285601209,0.08858631359286176,,,nan,Matched to IMD 2019 LAD
92530,Stillbirth rate,E06000043,Brighton and Hove,UA,0 yrs,Persons,2022 - 24,20220000,3.02885381794994,1.82272924536758,4.73016838280219,19.0,6273.0,Interpret with caution - see Notes section in Definitions for details,Cannot be calculated,Similar,1000.0,"per 1,000",3.89970163317499,3.80679381892754,3.99430405508697,-0.8708478152250501,Value available,44689,44348,43936,132973,44324.333333333336,,Brighton and Hove,165.0,45576.0,20.742382460066704,0.1528897446024223,18.154291732490783,17.603563278918728,Q3,Matched to IMD 2019 LAD
92530,Stillbirth rate,E06000023,Bristol,UA,0 yrs,Persons,2022 - 24,20220000,2.76261707432114,1.98228362698682,3.74789945058274,41.0,14841.0,,Cannot be calculated,Better,1000.0,"per 1,000",3.89970163317499,3.80679381892754,3.99430405508697,-1.13708455885385,Value available,86114,85916,85837,257867,85955.66666666667,,"Bristol, City of",263.0,83792.0,29.603451582489974,0.20582077047928202,38.19099675386672,33.433979377506205,Q5 Most deprived,Matched to IMD 2019 LAD
92530,Stillbirth rate,E07000144,Broadland,District,0 yrs,Persons,2022 - 24,20220000,3.55871886120996,1.77408288529601,6.36791883408165,11.0,3091.0,Interpret with caution - see Notes section in Definitions for details,Cannot be calculated,Similar,1000.0,"per 1,000",3.89970163317499,3.80679381892754,3.99430405508697,-0.34098277196503,Value available,23319,23690,24039,71048,23682.666666666668,,Broadland,84.0,20583.0,11.880904289948015,0.08626585045911675,,,nan,Matched to IMD 2019 LAD
92530,Stillbirth rate,E09000006,Bromley,UA,0 yrs,Persons,2022 - 24,20220000,3.52664576802508,2.46967553320718,4.88250889065464,36.0,10208.0,,Cannot be calculated,Similar,1000.0,"per 1,000",3.89970163317499,3.80679381892754,3.99430405508697,-0.3730558651499103,Value available,68643,69028,69158,206829,68943.0,,Bromley,197.0,64567.0,15.123660368299596,0.13080462155590317,9.301965400281878,17.374200442950734,Q2,Matched to IMD 2019 LAD
92530,Stillbirth rate,E07000234,Bromsgrove,District,0 yrs,Persons,2022 - 24,20220000,2.41935483870968,0.887860586085021,5.26591694456399,6.0,2480.0,Interpret with caution - see Notes section in Definitions for details,Cannot be calculated,Similar,1000.0,"per 1,000",3.89970163317499,3.80679381892754,3.99430405508697,-1.48034679446531,Value available,19948,19957,19999,59904,19968.0,,Bromsgrove,58.0,16804.0,11.723046893596761,0.09459509640561771,2.320875981909069,8.53963342061414,Q1 Least deprived,Matched to IMD 2019 LAD
92530,Stillbirth rate,E07000095,Broxbourne,District,0 yrs,Persons,2022 - 24,20220000,1.51057401812689,0.4904792719391,3.52517585478026,5.0,3310.0,Interpret with caution - see Notes section in Definitions for details,Cannot be calculated,Better,1000.0,"per 1,000",3.89970163317499,3.80679381892754,3.99430405508697,-2.3891276150481,Value available,20871,21485,21667,64023,21341.0,,Broxbourne,56.0,19259.0,18.64850127213251,0.15546892362012565,5.960849472973675,10.566488395036087,Q2,Matched to IMD 2019 LAD
92530,Stillbirth rate,E07000172,Broxtowe,District,0 yrs,Persons,2022 - 24,20220000,2.17391304347826,0.797787773003932,4.73169348641981,6.0,2760.0,Interpret with caution - see Notes section in Definitions for details,Cannot be calculated,Similar,1000.0,"per 1,000",3.89970163317499,3.80679381892754,3.99430405508697,-1.7257885896967302,Value available,19794,20204,20311,60309,20103.0,,Broxtowe,71.0,19079.0,14.947250537239897,0.13038172860212802,7.128256197913937,8.543424707793909,Q2,Matched to IMD 2019 LAD
92530,Stillbirth rate,E06000060,Buckinghamshire UA,UA,0 yrs,Persons,2022 - 24,20220000,3.92857142857143,3.03821295461707,4.99818331999146,66.0,16800.0,,Cannot be calculated,Similar,1000.0,"per 1,000",3.89970163317499,3.80679381892754,3.99430405508697,0.02886979539644008,Value available,119920,121883,123794,365597,121865.66666666667,,,,,,,,,,Unmatched: boundary/code change
92530,Stillbirth rate,E07000117,Burnley,District,0 yrs,Persons,2022 - 24,20220000,4.65549348230912,2.6037442623259,7.67896689734303,15.0,3222.0,Interpret with caution - see Notes section in Definitions for details,Cannot be calculated,Similar,1000.0,"per 1,000",3.89970163317499,3.80679381892754,3.99430405508697,0.7557918491341296,Value available,20946,21178,21714,63838,21279.333333333332,,Burnley,60.0,17573.0,40.998696067831325,0.2553686336994253,61.127866613554886,54.538212029818474,Q5 Most deprived,Matched to IMD 2019 LAD
92530,Stillbirth rate,E08000002,Bury,UA,0 yrs,Persons,2022 - 24,20220000,5.66526383943024,3.94548567059342,7.87925045281806,35.0,6178.0,,Cannot be calculated,Worse,1000.0,"per 1,000",3.89970163317499,3.80679381892754,3.99430405508697,1.7655622062552503,Value available,41750,41990,42206,125946,41982.0,,Bury,120.0,38021.0,24.77078543436522,0.1687816206833066,24.817863812103838,26.86410141763762,Q4,Matched to IMD 2019 LAD
92530,Stillbirth rate,E08000033,Calderdale,UA,0 yrs,Persons,2022 - 24,20220000,4.25966944965071,2.75588105668039,6.28837122034169,25.0,5869.0,,Cannot be calculated,Similar,1000.0,"per 1,000",3.89970163317499,3.80679381892754,3.99430405508697,0.35996781647572007,Value available,42963,42879,42753,128595,42865.0,,Calderdale,128.0,40641.0,28.53236645259713,0.1964757756944957,36.54683693806747,32.349105583031914,Q4,Matched to IMD 2019 LAD
92530,Stillbirth rate,E07000008,Cambridge,District,0 yrs,Persons,2022 - 24,20220000,2.80662363177098,1.34365700644613,5.16179023456539,10.0,3563.0,Interpret with caution - see Notes section in Definitions for details,Cannot be calculated,Similar,1000.0,"per 1,000",3.89970163317499,3.80679381892754,3.99430405508697,-1.09307800140401,Value available,22598,22829,23051,68478,22826.0,,Cambridge,69.0,20095.0,16.13022105001244,0.1218723065439164,5.59343120179149,3.67753172430953,Q2,Matched to IMD 2019 LAD
92530,Stillbirth rate,E09000007,Camden,UA,0 yrs,Persons,2022 - 24,20220000,4.7634691195795,3.18950972179362,6.84138432837962,29.0,6088.0,,Cannot be calculated,Similar,1000.0,"per 1,000",3.89970163317499,3.80679381892754,3.99430405508697,0.8637674864045097,Value available,34157,33268,32242,99667,33222.333333333336,,Camden,133.0,42046.0,21.104777505589112,0.19319347857108882,19.85682347904676,32.59525281834182,Q3,Matched to IMD 2019 LAD
92530,Stillbirth rate,E07000192,Cannock Chase,District,0 yrs,Persons,2022 - 24,20220000,1.6914749661705,0.549217317360765,3.9473383218277,5.0,2956.0,Interpret with caution - see Notes section in Definitions for details,Cannot be calculated,Similar,1000.0,"per 1,000",3.89970163317499,3.80679381892754,3.99430405508697,-2.20822666700449,Value available,19345,19645,19703,58693,19564.333333333332,,Cannock Chase,60.0,17812.0,21.403127947451157,0.17173607680215586,16.449584549741747,17.718392095216707,Q3,Matched to IMD 2019 LAD
92530,Stillbirth rate,E07000106,Canterbury,District,0 yrs,Persons,2022 - 24,20220000,2.97458085451595,1.48287998876419,5.32267093459881,11.0,3698.0,Interpret with caution - see Notes section in Definitions for details,Cannot be calculated,Similar,1000.0,"per 1,000",3.89970163317499,3.80679381892754,3.99430405508697,-0.9251207786590401,Value available,27472,28127,28625,84224,28074.666666666668,,Canterbury,90.0,25524.0,17.91611036671368,0.14727150916784204,15.365930104999217,17.93214229744554,Q3,Matched to IMD 2019 LAD
92530,Stillbirth rate,E07000069,Castle Point,District,0 yrs,Persons,2022 - 24,20220000,4.20698359276399,2.01407232392409,7.73725646014155,10.0,2377.0,Interpret with caution - see Notes section in Definitions for details,Cannot be calculated,Similar,1000.0,"per 1,000",3.89970163317499,3.80679381892754,3.99430405508697,0.30728195958899995,Value available,16362,16579,16751,49692,16564.0,,Castle Point,57.0,14748.0,17.492683753729317,0.15430973691347977,10.618388934092758,15.134255492270139,Q2,Matched to IMD 2019 LAD
92530,Stillbirth rate,E06000056,Central Bedfordshire,UA,0 yrs,Persons,2022 - 24,20220000,3.65209034118212,2.58411037781784,5.01292007986301,38.0,10405.0,,Cannot be calculated,Similar,1000.0,"per 1,000",3.89970163317499,3.80679381892754,3.99430405508697,-0.2476112919928699,Value available,62366,64440,66167,192973,64324.333333333336,,Central Bedfordshire,157.0,53268.0,12.744473417436359,0.11419828039348201,2.673274761582939,7.595554554329053,Q1 Least deprived,Matched to IMD 2019 LAD
92530,Stillbirth rate,E07000130,Charnwood,District,0 yrs,Persons,2022 - 24,20220000,4.23280423280423,2.58442938304253,6.53754081887768,20.0,4725.0,,Cannot be calculated,Similar,1000.0,"per 1,000",3.89970163317499,3.80679381892754,3.99430405508697,0.3331025996292398,Value available,33099,33532,33706,100337,33445.666666666664,,Charnwood,99.0,29526.0,13.672101910180858,0.12245349861139335,4.494343968028178,7.833773623247308,Q2,Matched to IMD 2019 LAD
92530,Stillbirth rate,E07000070,Chelmsford,District,0 yrs,Persons,2022 - 24,20220000,3.13653136531365,1.82610278767352,5.02216040680894,17.0,5420.0,Interpret with caution - see Notes section in Definitions for details,Cannot be calculated,Similar,1000.0,"per 1,000",3.89970163317499,3.80679381892754,3.99430405508697,-0.7631702678613399,Value available,36810,37520,38059,112389,37463.0,,Chelmsford,107.0,32257.0,12.510158260222589,0.10799469882506123,1.5035496171373655,6.125802151470999,Q1 Least deprived,Matched to IMD 2019 LAD
92530,Stillbirth rate,E07000078,Cheltenham,District,0 yrs,Persons,2022 - 24,20220000,3.2071840923669,1.53542332070801,5.89847934758065,10.0,3118.0,Interpret with caution - see Notes section in Definitions for details,Cannot be calculated,Similar,1000.0,"per 1,000",3.89970163317499,3.80679381892754,3.99430405508697,-0.6925175408080899,Value available,22181,22532,22874,67587,22529.0,,Cheltenham,75.0,20237.0,15.196766467361762,0.12986198547215497,13.717448238375253,18.530414587142364,Q3,Matched to IMD 2019 LAD
92530,Stillbirth rate,E07000177,Cherwell,District,0 yrs,Persons,2022 - 24,20220000,4.1075429424944,2.57328094316908,6.21915212463422,22.0,5356.0,,Cannot be calculated,Similar,1000.0,"per 1,000",3.89970163317499,3.80679381892754,3.99430405508697,0.20784130931941025,Value available,32987,33905,34481,101373,33791.0,,Cherwell,93.0,28747.0,15.004353741259958,0.10469475075660069,7.799074686054197,4.226527985528925,Q2,Matched to IMD 2019 LAD
92530,Stillbirth rate,E06000049,Cheshire East,UA,0 yrs,Persons,2022 - 24,20220000,4.48594708413439,3.31846293625902,5.93078776942339,49.0,10923.0,,Cannot be calculated,Similar,1000.0,"per 1,000",3.89970163317499,3.80679381892754,3.99430405508697,0.5862454509593995,Value available,76223,77676,78801,232700,77566.66666666667,,Cheshire East,234.0,66190.0,15.511410364103341,0.10680793171173894,11.473032180087626,9.336757818401571,Q2,Matched to IMD 2019 LAD
92530,Stillbirth rate,E06000050,Cheshire West and Chester,UA,0 yrs,Persons,2022 - 24,20220000,2.6655293741337,1.72451923676908,3.93500913660149,25.0,9379.0,,Cannot be calculated,Similar,1000.0,"per 1,000",3.89970163317499,3.80679381892754,3.99430405508697,-1.2341722590412902,Value available,66892,67773,67998,202663,67554.33333333333,,Cheshire West and Chester,212.0,58586.0,19.6081066978459,0.14450245792510155,19.41419451746151,18.325197146075855,Q3,Matched to IMD 2019 LAD
92530,Stillbirth rate,E07000034,Chesterfield,District,0 yrs,Persons,2022 - 24,20220000,3.23624595469256,1.47981772649347,6.14340289515252,9.0,2781.0,Interpret with caution - see Notes section in Definitions for details,Cannot be calculated,Similar,1000.0,"per 1,000",3.89970163317499,3.80679381892754,3.99430405508697,-0.6634556784824301,Value available,18703,18839,18956,56498,18832.666666666668,,Chesterfield,69.0,17664.0,26.645765341938404,0.2019968863224638,34.18251811594203,34.06929347826087,Q4,Matched to IMD 2019 LAD
92530,Stillbirth rate,E07000225,Chichester,District,0 yrs,Persons,2022 - 24,20220000,2.82386163078009,1.21914302038422,5.56413315220378,8.0,2833.0,Interpret with caution - see Notes section in Definitions for details,Cannot be calculated,Similar,1000.0,"per 1,000",3.89970163317499,3.80679381892754,3.99430405508697,-1.0758400023949002,Value available,21068,21345,21570,63983,21327.666666666668,,Chichester,71.0,19168.0,14.148247652337227,0.1073068656093489,,1.5338063439065108,nan,Matched to IMD 2019 LAD
92530,Stillbirth rate,E07000118,Chorley,District,0 yrs,Persons,2022 - 24,20220000,2.65339966832504,1.14554964402935,5.22825513107573,8.0,3015.0,Interpret with caution - see Notes section in Definitions for details,Cannot be calculated,Similar,1000.0,"per 1,000",3.89970163317499,3.80679381892754,3.99430405508697,-1.24630196484995,Value available,22777,22966,22941,68684,22894.666666666668,,Chorley,66.0,20656.0,17.75094258326878,0.120570100697134,12.829202168861348,7.392525174283501,Q3,Matched to IMD 2019 LAD
92530,Stillbirth rate,E09000001,City of London,UA,0 yrs,Persons,2022 - 24,20220000,,,,,,Value for Hackney and City of London combined,Cannot be calculated,Not compared,1000.0,"per 1,000",3.89970163317499,3.80679381892754,3.99430405508697,,Suppressed / unavailable,813,743,713,2269,756.3333333333334,,City of London,6.0,922.0,15.411652928416485,0.07064750542299347,,,nan,Matched to IMD 2019 LAD
92530,Stillbirth rate,E07000071,Colchester,District,0 yrs,Persons,2022 - 24,20220000,3.37154416722859,2.05856858308765,5.20732979925776,20.0,5932.0,,Cannot be calculated,Similar,1000.0,"per 1,000",3.89970163317499,3.80679381892754,3.99430405508697,-0.5281574659463999,Value available,39025,40097,40458,119580,39860.0,,Colchester,105.0,34370.0,17.515796188536513,0.1475142275240035,11.501309281350014,15.958684899621764,Q2,Matched to IMD 2019 LAD
92530,Stillbirth rate,E06000052,Cornwall,UA,0 yrs,Persons,2022 - 24,20220000,3.09501702259362,2.21087123695736,4.21464711544601,40.0,12924.0,Value for Cornwall and Isles of Scilly combined,Cannot be calculated,Similar,1000.0,"per 1,000",3.89970163317499,3.80679381892754,3.99430405508697,-0.8046846105813699,Value available,100566,101109,101165,302840,100946.66666666667,,Cornwall,326.0,92802.0,23.737555440615505,0.16352660503006397,14.588047671386393,15.621430572616969,Q3,Matched to IMD 2019 LAD
92530,Stillbirth rate,E07000079,Cotswold,District,0 yrs,Persons,2022 - 24,20220000,1.99700449326011,0.544116512045095,5.11312465072576,4.0,2003.0,Interpret with caution - see Notes section in Definitions for details,Cannot be calculated,Similar,1000.0,"per 1,000",3.89970163317499,3.80679381892754,3.99430405508697,-1.90269713991488,Value available,15713,15863,15758,47334,15778.0,,Cotswold,51.0,13853.0,11.238167544936115,0.08319829639789217,,1.4870425178661661,nan,Matched to IMD 2019 LAD
92530,Stillbirth rate,E06000047,County Durham,UA,0 yrs,Persons,2022 - 24,20220000,3.96024807591721,2.96629112325584,5.18020448539379,53.0,13383.0,,Cannot be calculated,Similar,1000.0,"per 1,000",3.89970163317499,3.80679381892754,3.99430405508697,0.060546442742219764,Value available,94634,95164,95149,284947,94982.33333333333,,County Durham,324.0,88642.0,28.480849315223036,0.221608097741477,36.16682836578597,38.185059001376324,Q4,Matched to IMD 2019 LAD
92530,Stillbirth rate,E08000026,Coventry,UA,0 yrs,Persons,2022 - 24,20220000,5.60975609756098,4.36453374233932,7.09960955843757,69.0,12300.0,,Cannot be calculated,Worse,1000.0,"per 1,000",3.89970163317499,3.80679381892754,3.99430405508697,1.7100544643859896,Value available,73066,75044,76601,224711,74903.66666666667,,Coventry,195.0,67785.0,28.123808305672345,0.21823578962897394,32.74765803643874,39.28892822895921,Q4,Matched to IMD 2019 LAD
92530,Stillbirth rate,E07000226,Crawley,District,0 yrs,Persons,2022 - 24,20220000,4.38900438900439,2.64125214973223,6.85431884160733,19.0,4329.0,Interpret with caution - see Notes section in Definitions for details,Cannot be calculated,Similar,1000.0,"per 1,000",3.89970163317499,3.80679381892754,3.99430405508697,0.4893027558294003,Value available,26857,27442,27503,81802,27267.333333333332,,Crawley,66.0,23832.0,19.32429019805304,0.15561602047667003,3.700906344410876,7.057737495803961,Q1 Least deprived,Matched to IMD 2019 LAD
92530,Stillbirth rate,E09000008,Croydon,UA,0 yrs,Persons,2022 - 24,20220000,4.56927832280607,3.54806386214691,5.79273551010631,68.0,14882.0,,Cannot be calculated,Similar,1000.0,"per 1,000",3.89970163317499,3.80679381892754,3.99430405508697,0.6695766896310795,Value available,85105,86016,86979,258100,86033.33333333333,,Croydon,220.0,83543.0,24.0888000311217,0.18491169816741082,21.787582442574482,24.46883640759848,Q3,Matched to IMD 2019 LAD
92530,Stillbirth rate,E06000063,Cumberland,UA,0 yrs,Persons,2022 - 24,20220000,4.08401400233372,2.71319816600108,5.90275810313265,28.0,6856.0,,Cannot be calculated,Similar,1000.0,"per 1,000",3.89970163317499,3.80679381892754,3.99430405508697,0.18431236915872962,Value available,48988,49469,49833,148290,49430.0,,,,,,,,,,Unmatched: boundary/code change
92530,Stillbirth rate,E07000096,Dacorum,District,0 yrs,Persons,2022 - 24,20220000,2.74563639929398,1.49980990390054,4.60698132547061,14.0,5099.0,Interpret with caution - see Notes section in Definitions for details,Cannot be calculated,Similar,1000.0,"per 1,000",3.89970163317499,3.80679381892754,3.99430405508697,-1.1540652338810102,Value available,33466,34117,34596,102179,34059.666666666664,,Dacorum,94.0,30054.0,13.58810747321488,0.11889758434817328,3.6401144606375193,7.233646103680043,Q1 Least deprived,Matched to IMD 2019 LAD
92530,Stillbirth rate,E06000005,Darlington,UA,0 yrs,Persons,2022 - 24,20220000,3.50430073271743,1.74695450731124,6.27054384076024,11.0,3139.0,Interpret with caution - see Notes section in Definitions for details,Cannot be calculated,Similar,1000.0,"per 1,000",3.89970163317499,3.80679381892754,3.99430405508697,-0.39540090045756004,Value available,21285,21473,21580,64338,21446.0,,Darlington,65.0,20107.0,27.220716815039538,0.20275217585915353,33.19242055005719,34.30646043666385,Q4,Matched to IMD 2019 LAD
92530,Stillbirth rate,E07000107,Dartford,District,0 yrs,Persons,2022 - 24,20220000,4.61990760184796,2.89426558832708,6.99491364543068,22.0,4762.0,,Cannot be calculated,Similar,1000.0,"per 1,000",3.89970163317499,3.80679381892754,3.99430405508697,0.7202059686729703,Value available,28138,28896,29825,86859,28953.0,,Dartford,58.0,21704.0,19.637081874308883,0.1369348507187615,11.799668263914485,9.058238112790269,Q2,Matched to IMD 2019 LAD
92530,Stillbirth rate,E06000015,Derby,UA,0 yrs,Persons,2022 - 24,20220000,5.23739041329842,3.83408485562331,6.98610595770356,46.0,8783.0,,Cannot be calculated,Similar,1000.0,"per 1,000",3.89970163317499,3.80679381892754,3.99430405508697,1.3376887801234298,Value available,56140,57003,57930,171073,57024.333333333336,,Derby,151.0,52758.0,28.579167330073165,0.21125108988210323,42.897759581485275,36.432389400659616,Q5 Most deprived,Matched to IMD 2019 LAD
92530,Stillbirth rate,E07000035,Derbyshire Dales,District,0 yrs,Persons,2022 - 24,20220000,,,,0.0,1271.0,Value not published for data quality reasons,Cannot be calculated,Not compared,1000.0,"per 1,000",3.89970163317499,3.80679381892754,3.99430405508697,,Suppressed / unavailable,11484,11501,11313,34298,11432.666666666666,,Derbyshire Dales,43.0,11092.0,12.383642084385142,0.08652217814641185,3.3627839884601514,3.3627839884601514,Q1 Least deprived,Matched to IMD 2019 LAD
92530,Stillbirth rate,E08000017,Doncaster,UA,0 yrs,Persons,2022 - 24,20220000,3.99753997539975,2.84229948369215,5.46491823888573,39.0,9756.0,,Cannot be calculated,Similar,1000.0,"per 1,000",3.89970163317499,3.80679381892754,3.99430405508697,0.09783834222475996,Value available,61608,62923,64368,188899,62966.333333333336,,Doncaster,194.0,58136.0,32.364333081051335,0.22719134443374156,46.843608091371955,40.467180404568595,Q5 Most deprived,Matched to IMD 2019 LAD
92530,Stillbirth rate,E06000059,Dorset,UA,0 yrs,Persons,2022 - 24,20220000,3.16372264698128,2.02645938569596,4.70756873609073,24.0,7586.0,,Cannot be calculated,Similar,1000.0,"per 1,000",3.89970163317499,3.80679381892754,3.99430405508697,-0.73597898619371,Value available,63358,63721,64039,191118,63706.0,,Dorset,219.0,59548.0,16.26707530059784,0.1214526432457849,5.536709881104319,7.2378585342916635,Q2,Matched to IMD 2019 LAD
92530,Stillbirth rate,E07000108,Dover,District,0 yrs,Persons,2022 - 24,20220000,2.2264631043257,0.895153642340925,4.58736493692824,7.0,3144.0,Interpret with caution - see Notes section in Definitions for details,Cannot be calculated,Similar,1000.0,"per 1,000",3.89970163317499,3.80679381892754,3.99430405508697,-1.6732385288492901,Value available,21920,22210,22318,66448,22149.333333333332,,Dover,67.0,19902.0,24.268926891769674,0.19391433021806853,24.46487790171842,29.534720128630287,Q4,Matched to IMD 2019 LAD
92530,Stillbirth rate,E08000027,Dudley,UA,0 yrs,Persons,2022 - 24,20220000,4.42260442260442,3.22557773912013,5.91793235173581,45.0,10175.0,,Cannot be calculated,Similar,1000.0,"per 1,000",3.89970163317499,3.80679381892754,3.99430405508697,0.5229027894294296,Value available,65397,66334,67117,198848,66282.66666666667,,Dudley,201.0,60440.0,26.556122584381207,0.20620436796823297,33.72600926538716,36.35175380542687,Q4,Matched to IMD 2019 LAD
92530,Stillbirth rate,E09000009,Ealing,UA,0 yrs,Persons,2022 - 24,20220000,4.93590688080153,3.82508354385791,6.26852244140503,67.0,13574.0,,Cannot be calculated,Similar,1000.0,"per 1,000",3.89970163317499,3.80679381892754,3.99430405508697,1.0362052476265395,Value available,75695,75709,75229,226633,75544.33333333333,,Ealing,196.0,73491.0,23.46921402620729,0.16634930807854023,18.92884843042005,16.240083819787458,Q3,Matched to IMD 2019 LAD
92530,Stillbirth rate,E07000009,East Cambridgeshire,District,0 yrs,Persons,2022 - 24,20220000,3.59424920127796,1.64351960757921,6.82300457325047,9.0,2504.0,Interpret with caution - see Notes section in Definitions for details,Cannot be calculated,Similar,1000.0,"per 1,000",3.89970163317499,3.80679381892754,3.99430405508697,-0.30545243189703,Value available,17683,18056,18244,53983,17994.333333333332,,East Cambridgeshire,50.0,17342.0,11.332953869219235,0.08252185445738668,,,nan,Matched to IMD 2019 LAD
92530,Stillbirth rate,E07000040,East Devon,District,0 yrs,Persons,2022 - 24,20220000,3.29144225014961,1.6408408732645,5.88965802398157,11.0,3342.0,Interpret with caution - see Notes section in Definitions for details,Cannot be calculated,Similar,1000.0,"per 1,000",3.89970163317499,3.80679381892754,3.99430405508697,-0.6082593830253802,Value available,25838,26398,26472,78708,26236.0,,East Devon,81.0,21667.0,13.219200858448332,0.10400512299810771,,3.263026722665805,nan,Matched to IMD 2019 LAD
92530,Stillbirth rate,E07000085,East Hampshire,District,0 yrs,Persons,2022 - 24,20220000,1.66722240746916,0.541342577565329,3.89074094008758,5.0,2999.0,Interpret with caution - see Notes section in Definitions for details,Cannot be calculated,Better,1000.0,"per 1,000",3.89970163317499,3.80679381892754,3.99430405508697,-2.23247922570583,Value available,24015,24421,24558,72994,24331.333333333332,,East Hampshire,72.0,21487.0,10.731262810071206,0.07684264904360776,,,nan,Matched to IMD 2019 LAD
92530,Stillbirth rate,E07000242,East Hertfordshire,District,0 yrs,Persons,2022 - 24,20220000,2.19106047326906,1.04895922742497,4.02967979968371,10.0,4564.0,Interpret with caution - see Notes section in Definitions for details,Cannot be calculated,Similar,1000.0,"per 1,000",3.89970163317499,3.80679381892754,3.99430405508697,-1.70864115990593,Value available,31515,32002,32528,96045,32015.0,,East Hertfordshire,84.0,28517.0,8.217294771539784,0.07548532454325489,,,nan,Matched to IMD 2019 LAD
92530,Stillbirth rate,E07000137,East Lindsey,District,0 yrs,Persons,2022 - 24,20220000,6.9204152249135,4.22540790134115,10.6885399201374,20.0,2890.0,,Cannot be calculated,Worse,1000.0,"per 1,000",3.89970163317499,3.80679381892754,3.99430405508697,3.0207135917385095,Value available,22596,22693,22341,67630,22543.333333333332,,East Lindsey,81.0,20901.0,29.61166642744366,0.21965274388785228,34.63470647337448,33.73044351944883,Q4,Matched to IMD 2019 LAD
92530,Stillbirth rate,E06000011,East Riding of Yorkshire,UA,0 yrs,Persons,2022 - 24,20220000,1.68896972846564,0.898433278505992,2.8883626100365,13.0,7697.0,Interpret with caution - see Notes section in Definitions for details,Cannot be calculated,Better,1000.0,"per 1,000",3.89970163317499,3.80679381892754,3.99430405508697,-2.21073190470935,Value available,59265,59761,60213,179239,59746.333333333336,,East Riding of Yorkshire,210.0,54925.0,16.213588074647244,0.11845953573054166,9.458352298588984,11.918070095584888,Q2,Matched to IMD 2019 LAD
92530,Stillbirth rate,E07000193,East Staffordshire,District,0 yrs,Persons,2022 - 24,20220000,5.09554140127389,3.111192059841,7.87003321508205,20.0,3925.0,,Cannot be calculated,Similar,1000.0,"per 1,000",3.89970163317499,3.80679381892754,3.99430405508697,1.1958397680989004,Value available,25425,26128,26499,78052,26017.333333333332,,East Staffordshire,72.0,22389.0,20.706243065791234,0.1320036178480504,22.67184778239314,9.46446915896199,Q3,Matched to IMD 2019 LAD
92530,Stillbirth rate,E07000244,East Suffolk,District,0 yrs,Persons,2022 - 24,20220000,3.41945288753799,2.02554991676267,5.4044908648226,18.0,5264.0,Interpret with caution - see Notes section in Definitions for details,Cannot be calculated,Similar,1000.0,"per 1,000",3.89970163317499,3.80679381892754,3.99430405508697,-0.48024874563700015,Value available,42525,42373,42205,127103,42367.666666666664,,East Suffolk,146.0,41144.0,20.360467747423684,0.15035630954695703,15.06173439626677,16.349893058526153,Q3,Matched to IMD 2019 LAD
92530,Stillbirth rate,E07000061,Eastbourne,District,0 yrs,Persons,2022 - 24,20220000,6.61157024793388,3.77665657790933,10.7373711545708,16.0,2420.0,Interpret with caution - see Notes section in Definitions for details,Cannot be calculated,Similar,1000.0,"per 1,000",3.89970163317499,3.80679381892754,3.99430405508697,2.71186861475889,Value available,18504,18707,18623,55834,18611.333333333332,,Eastbourne,61.0,17492.0,23.124985993597075,0.19299422593185456,22.844729018980104,24.41115938714841,Q3,Matched to IMD 2019 LAD
92530,Stillbirth rate,E07000086,Eastleigh,District,0 yrs,Persons,2022 - 24,20220000,3.23705179282869,1.72192254598123,5.53578859797085,13.0,4016.0,Interpret with caution - see Notes section in Definitions for details,Cannot be calculated,Similar,1000.0,"per 1,000",3.89970163317499,3.80679381892754,3.99430405508697,-0.6626498403463001,Value available,28226,28759,28972,85957,28652.333333333332,,Eastleigh,77.0,24577.0,10.492850673393821,0.08448618627171747,1.875737478129959,2.8359848638971394,Q1 Least deprived,Matched to IMD 2019 LAD
92530,Stillbirth rate,E07000207,Elmbridge,District,0 yrs,Persons,2022 - 24,20220000,2.26586102719033,1.03609594596635,4.3013100330864,9.0,3972.0,Interpret with caution - see Notes section in Definitions for details,Cannot be calculated,Similar,1000.0,"per 1,000",3.89970163317499,3.80679381892754,3.99430405508697,-1.63384060598466,Value available,32344,32280,32151,96775,32258.333333333332,,Elmbridge,81.0,29944.0,7.9263866550895,0.06927200774779588,,4.06759283996794,nan,Matched to IMD 2019 LAD
92530,Stillbirth rate,E09000010,Enfield,UA,0 yrs,Persons,2022 - 24,20220000,4.81669788600482,3.6182080601975,6.28486772508113,54.0,11211.0,,Cannot be calculated,Similar,1000.0,"per 1,000",3.89970163317499,3.80679381892754,3.99430405508697,0.9169962528298301,Value available,76684,76302,75446,228432,76144.0,,Enfield,183.0,74942.0,27.627728510047767,0.2247481652477916,36.93789864161619,45.93152037575725,Q4,Matched to IMD 2019 LAD
92530,Stillbirth rate,E07000072,Epping Forest,District,0 yrs,Persons,2022 - 24,20220000,3.4965034965035,1.95553939701959,5.7672800333891,15.0,4290.0,Interpret with caution - see Notes section in Definitions for details,Cannot be calculated,Similar,1000.0,"per 1,000",3.89970163317499,3.80679381892754,3.99430405508697,-0.4031981366714903,Value available,26553,26971,27170,80694,26898.0,,Epping Forest,78.0,23983.0,15.47850110494934,0.12371892590584997,1.6094733769753575,4.874285952549723,Q1 Least deprived,Matched to IMD 2019 LAD
92530,Stillbirth rate,E07000208,Epsom and Ewell,District,0 yrs,Persons,2022 - 24,20220000,2.67022696929239,0.979926236533534,5.81195995661713,6.0,2247.0,Interpret with caution - see Notes section in Definitions for details,Cannot be calculated,Similar,1000.0,"per 1,000",3.89970163317499,3.80679381892754,3.99430405508697,-1.2294746638826002,Value available,17795,18097,18228,54120,18040.0,,Epsom and Ewell,44.0,15684.0,9.164620951287935,0.0727756312165264,,3.034940066309615,nan,Matched to IMD 2019 LAD
92530,Stillbirth rate,E07000036,Erewash,District,0 yrs,Persons,2022 - 24,20220000,4.08997955010225,2.11094405012919,7.14480506258238,12.0,2934.0,Interpret with caution - see Notes section in Definitions for details,Cannot be calculated,Similar,1000.0,"per 1,000",3.89970163317499,3.80679381892754,3.99430405508697,0.19027791692725948,Value available,20713,20822,20722,62257,20752.333333333332,,Erewash,73.0,20548.0,19.74623875802998,0.17127564726494063,16.220556745182012,24.07046914541561,Q3,Matched to IMD 2019 LAD
92530,Stillbirth rate,E07000041,Exeter,District,0 yrs,Persons,2022 - 24,20220000,4.05363267851575,2.15629589792972,6.93225039271934,13.0,3207.0,Interpret with caution - see Notes section in Definitions for details,Cannot be calculated,Similar,1000.0,"per 1,000",3.89970163317499,3.80679381892754,3.99430405508697,0.15393104534075963,Value available,20804,20924,20992,62720,20906.666666666668,,Exeter,74.0,19498.0,17.352713611652483,0.13567068417273564,9.359934352241256,9.38557800800082,Q2,Matched to IMD 2019 LAD
92530,Stillbirth rate,E07000087,Fareham,District,0 yrs,Persons,2022 - 24,20220000,2.44498777506112,0.897267421960412,5.32170905563109,6.0,2454.0,Interpret with caution - see Notes section in Definitions for details,Cannot be calculated,Similar,1000.0,"per 1,000",3.89970163317499,3.80679381892754,3.99430405508697,-1.45471385811387,Value available,20130,20100,20134,60364,20121.333333333332,,Fareham,73.0,19400.0,9.293139639175257,0.0763779381443299,,2.1907216494845363,nan,Matched to IMD 2019 LAD
92530,Stillbirth rate,E07000010,Fenland,District,0 yrs,Persons,2022 - 24,20220000,3.9241334205363,2.02534658047058,6.85508765651298,12.0,3058.0,Interpret with caution - see Notes section in Definitions for details,Cannot be calculated,Similar,1000.0,"per 1,000",3.89970163317499,3.80679381892754,3.99430405508697,0.024431787361309798,Value available,18872,19221,19510,57603,19201.0,,Fenland,55.0,17361.0,25.859638269684925,0.20052825298081906,18.973561430793158,18.449398076147688,Q3,Matched to IMD 2019 LAD
92530,Stillbirth rate,E07000112,Folkestone & Hythe,District,0 yrs,Persons,2022 - 24,20220000,2.49643366619116,1.00369581009981,5.14360747564279,7.0,2804.0,Interpret with caution - see Notes section in Definitions for details,Cannot be calculated,Similar,1000.0,"per 1,000",3.89970163317499,3.80679381892754,3.99430405508697,-1.40326796698383,Value available,19556,19834,19879,59269,19756.333333333332,,Folkestone and Hythe,67.0,18758.0,25.152413530227108,0.2005323062160145,23.851156839748374,30.850836976223476,Q3,Matched to IMD 2019 LAD
92530,Stillbirth rate,E07000080,Forest of Dean,District,0 yrs,Persons,2022 - 24,20220000,2.68456375838926,0.985187585454519,5.84316511074662,6.0,2235.0,Interpret with caution - see Notes section in Definitions for details,Cannot be calculated,Similar,1000.0,"per 1,000",3.89970163317499,3.80679381892754,3.99430405508697,-1.21513787478573,Value available,15321,15425,15721,46467,15489.0,,Forest of Dean,50.0,13806.0,18.418782268578877,0.14037309865275968,1.796320440388237,13.168187744458931,Q1 Least deprived,Matched to IMD 2019 LAD
92530,Stillbirth rate,E07000119,Fylde,District,0 yrs,Persons,2022 - 24,20220000,,,,2.0,1761.0,Value not published for data quality reasons,Cannot be calculated,Not compared,1000.0,"per 1,000",3.89970163317499,3.80679381892754,3.99430405508697,,Suppressed / unavailable,13326,13386,13541,40253,13417.666666666666,,Fylde,51.0,12175.0,16.041912361396303,0.10883367556468172,6.431211498973306,2.2340862422997945,Q2,Matched to IMD 2019 LAD
92530,Stillbirth rate,E08000037,Gateshead,UA,0 yrs,Persons,2022 - 24,20220000,3.44452501812908,2.07287537276846,5.37932310828828,19.0,5516.0,Interpret with caution - see Notes section in Definitions for details,Cannot be calculated,Similar,1000.0,"per 1,000",3.89970163317499,3.80679381892754,3.99430405508697,-0.45517661504591,Value available,37435,37938,38148,113521,37840.333333333336,,Gateshead,126.0,35134.0,29.718634029714806,0.2037988558091877,34.177719587863606,30.64552854784539,Q4,Matched to IMD 2019 LAD
92530,Stillbirth rate,E07000173,Gedling,District,0 yrs,Persons,2022 - 24,20220000,2.23214285714286,0.897437197550978,4.59906739850203,7.0,3136.0,Interpret with caution - see Notes section in Definitions for details,Cannot be calculated,Similar,1000.0,"per 1,000",3.89970163317499,3.80679381892754,3.99430405508697,-1.6675587760321302,Value available,22275,22571,22683,67529,22509.666666666668,,Gedling,77.0,20658.0,15.749355358698807,0.13758190531513217,2.6236808984412816,12.16961951786233,Q1 Least deprived,Matched to IMD 2019 LAD
92530,Stillbirth rate,E07000081,Gloucester,District,0 yrs,Persons,2022 - 24,20220000,5.12940079272558,3.21345132469423,7.76632753078594,22.0,4289.0,,Cannot be calculated,Similar,1000.0,"per 1,000",3.89970163317499,3.80679381892754,3.99430405508697,1.2296991595505897,Value available,27219,27588,27929,82736,27578.666666666668,,Gloucester,78.0,25411.0,22.438568061075912,0.174191491873598,27.535319349887843,23.9896107984731,Q4,Matched to IMD 2019 LAD
92530,Stillbirth rate,E07000088,Gosport,District,0 yrs,Persons,2022 - 24,20220000,3.6068530207394,1.55718312747904,7.10693833191764,8.0,2218.0,Interpret with caution - see Notes section in Definitions for details,Cannot be calculated,Similar,1000.0,"per 1,000",3.89970163317499,3.80679381892754,3.99430405508697,-0.29284861243559,Value available,15716,15717,15609,47042,15680.666666666666,,Gosport,53.0,16004.0,21.884695638590355,0.15787534366408396,20.72606848287928,16.989502624343913,Q3,Matched to IMD 2019 LAD
92530,Stillbirth rate,E07000109,Gravesham,District,0 yrs,Persons,2022 - 24,20220000,3.83435582822086,2.14449489090339,6.32454788937609,15.0,3912.0,Interpret with caution - see Notes section in Definitions for details,Cannot be calculated,Similar,1000.0,"per 1,000",3.89970163317499,3.80679381892754,3.99430405508697,-0.06534580495413023,Value available,23984,24661,25044,73689,24563.0,,Gravesham,64.0,22008.0,23.342091603053433,0.17200536168665942,25.59978189749182,24.03217011995638,Q4,Matched to IMD 2019 LAD
92530,Stillbirth rate,E07000145,Great Yarmouth,District,0 yrs,Persons,2022 - 24,20220000,5.01736781165573,2.66894671735261,8.58036549959511,13.0,2591.0,Interpret with caution - see Notes section in Definitions for details,Cannot be calculated,Similar,1000.0,"per 1,000",3.89970163317499,3.80679381892754,3.99430405508697,1.1176661784807402,Value available,18171,18331,18402,54904,18301.333333333332,,Great Yarmouth,61.0,17361.0,35.98008691895628,0.2481906572202062,47.491503945625254,52.56609642301711,Q5 Most deprived,Matched to IMD 2019 LAD
92530,Stillbirth rate,E09000011,Greenwich,UA,0 yrs,Persons,2022 - 24,20220000,4.30797433547204,3.1650648714484,5.72882172336082,47.0,10910.0,,Cannot be calculated,Similar,1000.0,"per 1,000",3.89970163317499,3.80679381892754,3.99430405508697,0.40827270229705004,Value available,61325,61077,60655,183057,61019.0,,Greenwich,151.0,60023.0,25.59034205221332,0.2124414974259867,24.680539126668112,30.216750245739135,Q4,Matched to IMD 2019 LAD
92530,Stillbirth rate,E07000209,Guildford,District,0 yrs,Persons,2022 - 24,20220000,2.54712175241977,1.21942178144869,4.684528427345,10.0,3926.0,Interpret with caution - see Notes section in Definitions for details,Cannot be calculated,Similar,1000.0,"per 1,000",3.89970163317499,3.80679381892754,3.99430405508697,-1.3525798807552203,Value available,26979,27290,27464,81733,27244.333333333332,,Guildford,84.0,25984.0,9.705168026477834,0.08380765086206896,2.7516933497536944,4.148706896551724,Q1 Least deprived,Matched to IMD 2019 LAD
92530,Stillbirth rate,E09000012,Hackney,UA,0 yrs,Persons,2022 - 24,20220000,4.30027110404786,3.14805714564266,5.73609129910352,46.0,10697.0,Value for Hackney and City of London combined,Cannot be calculated,Similar,1000.0,"per 1,000",3.89970163317499,3.80679381892754,3.99430405508697,0.40056947087286954,Value available,51330,50850,49968,152148,50716.0,,Hackney,144.0,55620.0,33.1073645631068,0.24945212153901475,44.55411722402014,46.35023372887451,Q5 Most deprived,Matched to IMD 2019 LAD
92530,Stillbirth rate,E06000006,Halton,UA,0 yrs,Persons,2022 - 24,20220000,1.96078431372549,0.788336989221251,4.03996508731159,7.0,3570.0,Interpret with caution - see Notes section in Definitions for details,Cannot be calculated,Similar,1000.0,"per 1,000",3.89970163317499,3.80679381892754,3.99430405508697,-1.9389173194495002,Value available,26342,26516,26469,79327,26442.333333333332,,Halton,79.0,25195.0,34.54001250248066,0.23881964675530862,54.07422107561024,47.275253026394125,Q5 Most deprived,Matched to IMD 2019 LAD
92530,Stillbirth rate,E09000013,Hammersmith and Fulham,UA,0 yrs,Persons,2022 - 24,20220000,2.50501002004008,1.40101269425752,4.1318689617968,15.0,5988.0,Interpret with caution - see Notes section in Definitions for details,Cannot be calculated,Similar,1000.0,"per 1,000",3.89970163317499,3.80679381892754,3.99430405508697,-1.3946916131349099,Value available,29615,29202,28816,87633,29211.0,,Hammersmith and Fulham,113.0,31402.0,22.89390774472963,0.18652582638048532,21.460416533978727,32.768613464110565,Q3,Matched to IMD 2019 LAD
92530,Stillbirth rate,E07000131,Harborough,District,0 yrs,Persons,2022 - 24,20220000,4.82195845697329,2.5650003503934,8.24618954356488,13.0,2696.0,Interpret with caution - see Notes section in Definitions for details,Cannot be calculated,Similar,1000.0,"per 1,000",3.89970163317499,3.80679381892754,3.99430405508697,0.9222568237982998,Value available,19263,19667,19944,58874,19624.666666666668,,Harborough,47.0,16568.0,7.800987566393047,0.06732260985031388,,1.0140028971511348,nan,Matched to IMD 2019 LAD
92530,Stillbirth rate,E09000014,Haringey,UA,0 yrs,Persons,2022 - 24,20220000,3.56102298478472,2.45084445000708,5.00116131663465,33.0,9267.0,,Cannot be calculated,Similar,1000.0,"per 1,000",3.89970163317499,3.80679381892754,3.99430405508697,-0.3386786483902702,Value available,50371,49985,49457,149813,49937.666666666664,,Haringey,145.0,54139.0,28.948393782670532,0.2083391085908495,38.15179445501395,39.95825560132252,Q4,Matched to IMD 2019 LAD
92530,Stillbirth rate,E07000073,Harlow,District,0 yrs,Persons,2022 - 24,20220000,4.03442711135019,2.25639161194568,6.65455388467973,15.0,3718.0,Interpret with caution - see Notes section in Definitions for details,Cannot be calculated,Similar,1000.0,"per 1,000",3.89970163317499,3.80679381892754,3.99430405508697,0.1347254781752003,Value available,21648,22284,22820,66752,22250.666666666668,,Harlow,54.0,18380.0,21.49708841131665,0.18594657236126225,2.8291621327529923,10.402611534276387,Q1 Least deprived,Matched to IMD 2019 LAD
92530,Stillbirth rate,E09000015,Harrow,UA,0 yrs,Persons,2022 - 24,20220000,4.26772145310711,3.06225370127109,5.78979658021218,41.0,9607.0,,Cannot be calculated,Similar,1000.0,"per 1,000",3.89970163317499,3.80679381892754,3.99430405508697,0.36801981993211985,Value available,55224,55613,55676,166513,55504.333333333336,,Harrow,137.0,50943.0,15.362554973205345,0.1228206230492904,1.4545668688534243,5.6631921951985555,Q1 Least deprived,Matched to IMD 2019 LAD
92530,Stillbirth rate,E07000089,Hart,District,0 yrs,Persons,2022 - 24,20220000,3.04761904761905,1.31574559114229,6.00502446483555,8.0,2625.0,Interpret with caution - see Notes section in Definitions for details,Cannot be calculated,Similar,1000.0,"per 1,000",3.89970163317499,3.80679381892754,3.99430405508697,-0.85208258555594,Value available,20686,20739,20768,62193,20731.0,,Hart,57.0,18807.0,5.577831392566598,0.05542803211570161,,,nan,Matched to IMD 2019 LAD
92530,Stillbirth rate,E06000001,Hartlepool,UA,0 yrs,Persons,2022 - 24,20220000,4.42151805453206,2.28205963267466,7.72397127988825,12.0,2714.0,Interpret with caution - see Notes section in Definitions for details,Cannot be calculated,Similar,1000.0,"per 1,000",3.89970163317499,3.80679381892754,3.99430405508697,0.5218164213570695,Value available,19229,19552,20013,58794,19598.0,,Hartlepool,58.0,17580.0,37.11760335608646,0.28320358361774745,58.57792946530148,60.21046643913538,Q5 Most deprived,Matched to IMD 2019 LAD
92530,Stillbirth rate,E07000062,Hastings,District,0 yrs,Persons,2022 - 24,20220000,2.78330019880716,1.11903103440154,5.73466217165104,7.0,2515.0,Interpret with caution - see Notes section in Definitions for details,Cannot be calculated,Similar,1000.0,"per 1,000",3.89970163317499,3.80679381892754,3.99430405508697,-1.11640143436783,Value available,17210,17265,17072,51547,17182.333333333332,,Hastings,53.0,17090.0,35.403101170275015,0.2647258045640726,45.441778818022236,49.78349912229374,Q5 Most deprived,Matched to IMD 2019 LAD
92530,Stillbirth rate,E07000090,Havant,District,0 yrs,Persons,2022 - 24,20220000,2.65878877400295,1.21576753246036,5.04720929140891,9.0,3385.0,Interpret with caution - see Notes section in Definitions for details,Cannot be calculated,Similar,1000.0,"per 1,000",3.89970163317499,3.80679381892754,3.99430405508697,-1.24091285917204,Value available,23001,23289,23481,69771,23257.0,,Havant,78.0,21677.0,24.956314388522397,0.18498565299626332,39.59496240254648,29.12303363011487,Q5 Most deprived,Matched to IMD 2019 LAD
92530,Stillbirth rate,E09000016,Havering,UA,0 yrs,Persons,2022 - 24,20220000,4.86566532684578,3.56195972994918,6.49026535080499,46.0,9454.0,,Cannot be calculated,Similar,1000.0,"per 1,000",3.89970163317499,3.80679381892754,3.99430405508697,0.9659636936707896,Value available,56733,58133,59806,174672,58224.0,,Havering,150.0,48185.0,18.086519560029057,0.16001035591989207,9.137698453875688,17.13811352080523,Q2,Matched to IMD 2019 LAD
92530,Stillbirth rate,E06000019,Herefordshire,UA,0 yrs,Persons,2022 - 24,20220000,3.74202069117323,2.17862141958848,5.99165956524421,17.0,4543.0,Interpret with caution - see Notes section in Definitions for details,Cannot be calculated,Similar,1000.0,"per 1,000",3.89970163317499,3.80679381892754,3.99430405508697,-0.1576809420017602,Value available,32277,32473,32514,97264,32421.333333333332,,"Herefordshire, County of",116.0,31713.0,19.52836272191215,0.12405363730962066,9.82247028032668,7.996720587771576,Q2,Matched to IMD 2019 LAD
92530,Stillbirth rate,E07000098,Hertsmere,District,0 yrs,Persons,2022 - 24,20220000,4.33034333436437,2.3654595422174,7.26600611771563,14.0,3233.0,Interpret with caution - see Notes section in Definitions for details,Cannot be calculated,Similar,1000.0,"per 1,000",3.89970163317499,3.80679381892754,3.99430405508697,0.43064170118937994,Value available,23313,23405,23363,70081,23360.333333333332,,Hertsmere,62.0,21332.0,14.336751500093758,0.10812225764110259,1.7204200262516407,4.926870429401838,Q1 Least deprived,Matched to IMD 2019 LAD
92530,Stillbirth rate,E07000037,High Peak,District,0 yrs,Persons,2022 - 24,20220000,3.6330608537693,1.56849780960422,7.15857821080532,8.0,2202.0,Interpret with caution - see Notes section in Definitions for details,Cannot be calculated,Similar,1000.0,"per 1,000",3.89970163317499,3.80679381892754,3.99430405508697,-0.26664077940569,Value available,16443,16485,16395,49323,16441.0,,High Peak,59.0,15709.0,16.517410847284996,0.12229766375962824,8.943917499522566,8.943917499522566,Q2,Matched to IMD 2019 LAD
92530,Stillbirth rate,E09000017,Hillingdon,UA,0 yrs,Persons,2022 - 24,20220000,4.10495814552479,3.05618328265152,5.39737324993494,51.0,12424.0,,Cannot be calculated,Similar,1000.0,"per 1,000",3.89970163317499,3.80679381892754,3.99430405508697,0.20525651234980025,Value available,68125,69271,69786,207182,69060.66666666667,,Hillingdon,161.0,63455.0,19.488316665353402,0.1571852809077299,5.399101725632338,7.138917342998976,Q2,Matched to IMD 2019 LAD
92530,Stillbirth rate,E07000132,Hinckley and Bosworth,District,0 yrs,Persons,2022 - 24,20220000,3.25839035516455,1.55993806255053,5.99265513384049,10.0,3069.0,Interpret with caution - see Notes section in Definitions for details,Cannot be calculated,Similar,1000.0,"per 1,000",3.89970163317499,3.80679381892754,3.99430405508697,-0.64131127801044,Value available,21230,21372,21571,64173,21391.0,,Hinckley and Bosworth,66.0,19143.0,13.804535078096434,0.1096291072454683,1.1805882045656375,4.3044454892127675,Q1 Least deprived,Matched to IMD 2019 LAD
92530,Stillbirth rate,E07000227,Horsham,District,0 yrs,Persons,2022 - 24,20220000,4.25418771603297,2.43007416073932,6.90891736082458,16.0,3761.0,Interpret with caution - see Notes section in Definitions for details,Cannot be calculated,Similar,1000.0,"per 1,000",3.89970163317499,3.80679381892754,3.99430405508697,0.35448608285797967,Value available,28730,29125,29324,87179,29059.666666666668,,Horsham,81.0,25053.0,10.033516704586276,0.06617411088492396,,,nan,Matched to IMD 2019 LAD
92530,Stillbirth rate,E09000018,Hounslow,UA,0 yrs,Persons,2022 - 24,20220000,4.05156537753223,2.94358833677914,5.43916885190039,44.0,10860.0,,Cannot be calculated,Similar,1000.0,"per 1,000",3.89970163317499,3.80679381892754,3.99430405508697,0.15186374435723948,Value available,62281,62567,61747,186595,62198.333333333336,,Hounslow,142.0,56509.0,22.176300890123695,0.17034350280486293,9.373728078713125,14.325151745739618,Q2,Matched to IMD 2019 LAD
92530,Stillbirth rate,E07000011,Huntingdonshire,District,0 yrs,Persons,2022 - 24,20220000,5.40540540540541,3.59105919422846,7.81260802221572,28.0,5180.0,,Cannot be calculated,Similar,1000.0,"per 1,000",3.89970163317499,3.80679381892754,3.99430405508697,1.5057037722304196,Value available,35462,36205,36873,108540,36180.0,,Huntingdonshire,105.0,32635.0,12.88136004289873,0.10653525356212655,2.49425463459476,3.7812164853684695,Q1 Least deprived,Matched to IMD 2019 LAD
92530,Stillbirth rate,E07000120,Hyndburn,District,0 yrs,Persons,2022 - 24,20220000,2.11640211640212,0.776682276363616,4.6065164100595,6.0,2835.0,Interpret with caution - see Notes section in Definitions for details,Cannot be calculated,Similar,1000.0,"per 1,000",3.89970163317499,3.80679381892754,3.99430405508697,-1.7832995167728702,Value available,17891,18193,18332,54416,18138.666666666668,,Hyndburn,52.0,16469.0,37.95318416418726,0.21882676543809582,58.01809460197948,45.01791244155687,Q5 Most deprived,Matched to IMD 2019 LAD
92530,Stillbirth rate,E07000202,Ipswich,District,0 yrs,Persons,2022 - 24,20220000,5.60161326462021,3.62407930128999,8.26942654989589,25.0,4463.0,,Cannot be calculated,Similar,1000.0,"per 1,000",3.89970163317499,3.80679381892754,3.99430405508697,1.7019116314452196,Value available,29553,29854,30012,89419,29806.333333333332,,Ipswich,85.0,27246.0,26.95107509359172,0.19005244806577115,35.572194083535194,30.444835939220436,Q4,Matched to IMD 2019 LAD
92530,Stillbirth rate,E06000046,Isle of Wight,UA,0 yrs,Persons,2022 - 24,20220000,3.19488817891374,1.46090631784818,6.06489295400042,9.0,2817.0,Interpret with caution - see Notes section in Definitions for details,Cannot be calculated,Similar,1000.0,"per 1,000",3.89970163317499,3.80679381892754,3.99430405508697,-0.7048134542612501,Value available,22528,22428,22319,67275,22425.0,,Isle of Wight,89.0,22123.0,24.46815291777788,0.18008217691994757,17.904443339510916,21.502508701351534,Q3,Matched to IMD 2019 LAD
92530,Stillbirth rate,E06000053,Isles of Scilly,UA,0 yrs,Persons,2022 - 24,20220000,,,,,,Value for Cornwall and Isles of Scilly combined,Cannot be calculated,Not compared,1000.0,"per 1,000",3.89970163317499,3.80679381892754,3.99430405508697,,Suppressed / unavailable,339,360,319,1018,339.3333333333333,,Isles of Scilly,1.0,357.0,12.004999999999999,0.032,,,nan,Matched to IMD 2019 LAD
92530,Stillbirth rate,E09000019,Islington,UA,0 yrs,Persons,2022 - 24,20220000,3.85109114249037,2.53729346329727,5.60335168566395,27.0,7011.0,,Cannot be calculated,Similar,1000.0,"per 1,000",3.89970163317499,3.80679381892754,3.99430405508697,-0.04861049068462009,Value available,33717,33479,32809,100005,33335.0,,Islington,123.0,36201.0,28.674157896190717,0.27531800226513087,31.211844976658103,59.91270959365763,Q4,Matched to IMD 2019 LAD
92530,Stillbirth rate,E09000020,Kensington and Chelsea,UA,0 yrs,Persons,2022 - 24,20220000,1.73956262425447,0.699394396500961,3.5841638572819,7.0,4024.0,Interpret with caution - see Notes section in Definitions for details,Cannot be calculated,Better,1000.0,"per 1,000",3.89970163317499,3.80679381892754,3.99430405508697,-2.1601390089205204,Value available,21187,20815,20148,62150,20716.666666666668,,Kensington and Chelsea,103.0,25814.0,22.104818896722712,0.1288470597350275,23.58797551716123,19.97365770512125,Q3,Matched to IMD 2019 LAD
92530,Stillbirth rate,E07000146,King's Lynn and West Norfolk,District,0 yrs,Persons,2022 - 24,20220000,4.91336953710887,2.95680903961491,7.67322117024001,19.0,3867.0,Interpret with caution - see Notes section in Definitions for details,Cannot be calculated,Similar,1000.0,"per 1,000",3.89970163317499,3.80679381892754,3.99430405508697,1.0136679039338796,Value available,27256,27465,27323,82044,27348.0,,King's Lynn and West Norfolk,89.0,25817.0,24.580212495642407,0.15900689468179882,18.859666111476933,15.052097455165201,Q3,Matched to IMD 2019 LAD
92530,Stillbirth rate,E06000010,Kingston upon Hull,UA,0 yrs,Persons,2022 - 24,20220000,4.39301403621558,3.15215593143806,5.95977453617255,41.0,9333.0,,Cannot be calculated,Similar,1000.0,"per 1,000",3.89970163317499,3.80679381892754,3.99430405508697,0.49331240304058976,Value available,56638,57748,58076,172462,57487.333333333336,,"Kingston upon Hull, City of",166.0,49893.0,43.1702931473353,0.29801958190527733,59.80398051830918,59.220732367265946,Q5 Most deprived,Matched to IMD 2019 LAD
92530,Stillbirth rate,E09000021,Kingston upon Thames,UA,0 yrs,Persons,2022 - 24,20220000,3.81679389312977,2.29690248215967,5.9606963168578,19.0,4978.0,Interpret with caution - see Notes section in Definitions for details,Cannot be calculated,Similar,1000.0,"per 1,000",3.89970163317499,3.80679381892754,3.99430405508697,-0.08290774004522028,Value available,34651,34685,34818,104154,34718.0,,Kingston upon Thames,98.0,33935.0,11.383715485486958,0.09956239870340357,1.2789155738912628,1.9537350817739796,Q1 Least deprived,Matched to IMD 2019 LAD
92530,Stillbirth rate,E08000034,Kirklees,UA,0 yrs,Persons,2022 - 24,20220000,3.97197949014227,2.99204347707624,5.1701754652722,55.0,13847.0,,Cannot be calculated,Similar,1000.0,"per 1,000",3.89970163317499,3.80679381892754,3.99430405508697,0.07227785696727995,Value available,93263,93986,94185,281434,93811.33333333333,,Kirklees,259.0,87971.0,27.308930374782598,0.17712033511043412,36.64616748701277,21.192211069557015,Q4,Matched to IMD 2019 LAD
92530,Stillbirth rate,E08000011,Knowsley,UA,0 yrs,Persons,2022 - 24,20220000,3.5810205908684,2.18646890508074,5.53086488257781,20.0,5585.0,,Cannot be calculated,Similar,1000.0,"per 1,000",3.89970163317499,3.80679381892754,3.99430405508697,-0.31868104230659,Value available,32746,33369,34063,100178,33392.666666666664,,Knowsley,98.0,28775.0,44.9647816159861,0.3026673501303215,66.75586446568201,57.32406602953953,Q5 Most deprived,Matched to IMD 2019 LAD
92530,Stillbirth rate,E09000022,Lambeth,UA,0 yrs,Persons,2022 - 24,20220000,5.3063676411694,3.97455687850749,6.94099685903335,53.0,9988.0,,Cannot be calculated,Worse,1000.0,"per 1,000",3.89970163317499,3.80679381892754,3.99430405508697,1.40666600799441,Value available,49699,48671,47176,145546,48515.333333333336,,Lambeth,178.0,56607.0,26.22598563781865,0.22878207642164397,21.792357835603372,39.70003709788542,Q3,Matched to IMD 2019 LAD
92530,Stillbirth rate,E07000121,Lancaster,District,0 yrs,Persons,2022 - 24,20220000,3.03030303030303,1.51065845687327,5.42237937083923,11.0,3630.0,Interpret with caution - see Notes section in Definitions for details,Cannot be calculated,Similar,1000.0,"per 1,000",3.89970163317499,3.80679381892754,3.99430405508697,-0.8693986028719602,Value available,24874,24929,24970,74773,24924.333333333332,,Lancaster,89.0,23592.0,26.655108553747034,0.17518853848762295,27.97558494404883,23.78772465242455,Q4,Matched to IMD 2019 LAD
92530,Stillbirth rate,E08000035,Leeds,UA,0 yrs,Persons,2022 - 24,20220000,3.50545511835834,2.81508871840456,4.3138109437326,89.0,25389.0,,Cannot be calculated,Similar,1000.0,"per 1,000",3.89970163317499,3.80679381892754,3.99430405508697,-0.3942465148166501,Value available,162520,163850,164704,491074,163691.33333333334,,Leeds,482.0,145907.0,30.850416395375138,0.20277016181540294,41.97331176708451,35.277951023597225,Q5 Most deprived,Matched to IMD 2019 LAD
92530,Stillbirth rate,E06000016,Leicester,UA,0 yrs,Persons,2022 - 24,20220000,5.46775522432777,4.28567687440187,6.87497575252378,73.0,13351.0,,Cannot be calculated,Worse,1000.0,"per 1,000",3.89970163317499,3.80679381892754,3.99430405508697,1.56805359115278,Value available,82856,83623,83796,250275,83425.0,,Leicester,192.0,73795.0,33.1890439460668,0.24241418795311334,41.104410867944985,42.65058608306796,Q5 Most deprived,Matched to IMD 2019 LAD
92530,Stillbirth rate,E07000063,Lewes,District,0 yrs,Persons,2022 - 24,20220000,2.24416517055655,0.72867432231527,5.23713289018073,5.0,2228.0,Interpret with caution - see Notes section in Definitions for details,Cannot be calculated,Similar,1000.0,"per 1,000",3.89970163317499,3.80679381892754,3.99430405508697,-1.6555364626184401,Value available,18098,18201,18103,54402,18134.0,,Lewes,62.0,17454.0,16.370715251518277,0.12770877735762573,3.9933539589778846,6.336656353844391,Q1 Least deprived,Matched to IMD 2019 LAD
92530,Stillbirth rate,E09000023,Lewisham,UA,0 yrs,Persons,2022 - 24,20220000,3.31303724928367,2.33237504606076,4.56671710183247,37.0,11168.0,,Cannot be calculated,Similar,1000.0,"per 1,000",3.89970163317499,3.80679381892754,3.99430405508697,-0.5866643838913199,Value available,59327,58204,57349,174880,58293.333333333336,,Lewisham,169.0,61194.0,27.458575170768377,0.22937051018073668,27.94718436448018,38.626335915285814,Q4,Matched to IMD 2019 LAD
92530,Stillbirth rate,E07000194,Lichfield,District,0 yrs,Persons,2022 - 24,20220000,2.49110320284698,1.00155268737362,5.13262468387985,7.0,2810.0,Interpret with caution - see Notes section in Definitions for details,Cannot be calculated,Similar,1000.0,"per 1,000",3.89970163317499,3.80679381892754,3.99430405508697,-1.4085984303280101,Value available,19516,19945,20117,59578,19859.333333333332,,Lichfield,58.0,17395.0,13.043626501868355,0.11187059499856279,5.248634665133659,8.70939925265881,Q2,Matched to IMD 2019 LAD
92530,Stillbirth rate,E07000138,Lincoln,District,0 yrs,Persons,2022 - 24,20220000,3.1055900621118,1.42007353256671,5.89537731242898,9.0,2898.0,Interpret with caution - see Notes section in Definitions for details,Cannot be calculated,Similar,1000.0,"per 1,000",3.89970163317499,3.80679381892754,3.99430405508697,-0.7941115710631901,Value available,17698,17735,17680,53113,17704.333333333332,,Lincoln,57.0,16127.0,29.792259440689527,0.23063328579401007,38.20921436100949,44.09995659453091,Q5 Most deprived,Matched to IMD 2019 LAD
92530,Stillbirth rate,E08000012,Liverpool,UA,0 yrs,Persons,2022 - 24,20220000,4.2078546620358,3.23326497023235,5.38376175368707,63.0,14972.0,,Cannot be calculated,Similar,1000.0,"per 1,000",3.89970163317499,3.80679381892754,3.99430405508697,0.30815302886080964,Value available,88216,89790,90705,268711,89570.33333333333,,Liverpool,298.0,81104.0,45.55675759518643,0.29920495906490435,68.99906293154469,63.39268100217005,Q5 Most deprived,Matched to IMD 2019 LAD
92530,Stillbirth rate,E06000032,Luton,UA,0 yrs,Persons,2022 - 24,20220000,5.07031474217928,3.79774936406131,6.63222774591267,53.0,10453.0,,Cannot be calculated,Similar,1000.0,"per 1,000",3.89970163317499,3.80679381892754,3.99430405508697,1.1706131090042895,Value available,55538,55955,56763,168256,56085.333333333336,,Luton,121.0,50578.0,26.806347028352246,0.1960949029222191,31.72921032860137,17.373166198742535,Q4,Matched to IMD 2019 LAD
92530,Stillbirth rate,E07000110,Maidstone,District,0 yrs,Persons,2022 - 24,20220000,3.94714261197872,2.50135072569311,5.92291235334614,23.0,5827.0,,Cannot be calculated,Similar,1000.0,"per 1,000",3.89970163317499,3.80679381892754,3.99430405508697,0.047440978803729994,Value available,37111,38059,39123,114293,38097.666666666664,,Maidstone,95.0,31688.0,17.484673409492547,0.13405345872254482,9.678742741731886,12.187578894218632,Q2,Matched to IMD 2019 LAD
92530,Stillbirth rate,E07000074,Maldon,District,0 yrs,Persons,2022 - 24,20220000,3.59066427289048,1.31771050478208,7.81536446589987,6.0,1671.0,Interpret with caution - see Notes section in Definitions for details,Cannot be calculated,Similar,1000.0,"per 1,000",3.89970163317499,3.80679381892754,3.99430405508697,-0.30903736028451023,Value available,11967,12026,12007,36000,12000.0,,Maldon,40.0,10421.0,14.345239516361195,0.11823078399385856,,6.15104116687458,nan,Matched to IMD 2019 LAD
92530,Stillbirth rate,E07000235,Malvern Hills,District,0 yrs,Persons,2022 - 24,20220000,,,,2.0,1732.0,Value not published for data quality reasons,Cannot be calculated,Not compared,1000.0,"per 1,000",3.89970163317499,3.80679381892754,3.99430405508697,,Suppressed / unavailable,13866,14033,14126,42025,14008.333333333334,,Malvern Hills,45.0,12062.0,17.076743409053226,0.12849452827060187,7.063505223014426,13.24821754269607,Q2,Matched to IMD 2019 LAD
92530,Stillbirth rate,E08000003,Manchester,UA,0 yrs,Persons,2022 - 24,20220000,4.74629348730244,3.84883033363407,5.79013207450976,97.0,20437.0,,Cannot be calculated,Similar,1000.0,"per 1,000",3.89970163317499,3.80679381892754,3.99430405508697,0.8465918541274497,Value available,120847,121648,121690,364185,121395.0,,Manchester,282.0,106195.0,44.25276200386083,0.29721928527708463,73.4723857055417,62.820283440839965,Q5 Most deprived,Matched to IMD 2019 LAD
92530,Stillbirth rate,E07000174,Mansfield,District,0 yrs,Persons,2022 - 24,20220000,5.61973150171714,3.32890876111105,8.88206054087611,18.0,3203.0,Interpret with caution - see Notes section in Definitions for details,Cannot be calculated,Similar,1000.0,"per 1,000",3.89970163317499,3.80679381892754,3.99430405508697,1.7200298685421496,Value available,21692,22236,22526,66454,22151.333333333332,,Mansfield,67.0,19488.0,29.89901898604269,0.21195894909688012,46.48501642036125,43.39593596059113,Q5 Most deprived,Matched to IMD 2019 LAD
92530,Stillbirth rate,E06000035,Medway,UA,0 yrs,Persons,2022 - 24,20220000,3.60490266762797,2.51057889308128,5.01369958775466,35.0,9709.0,,Cannot be calculated,Similar,1000.0,"per 1,000",3.89970163317499,3.80679381892754,3.99430405508697,-0.29479896554702023,Value available,61427,63099,64490,189016,63005.333333333336,,Medway,163.0,55993.0,25.251173843158966,0.18929575125462114,26.13898165842159,29.75550515242977,Q4,Matched to IMD 2019 LAD
92530,Stillbirth rate,E07000133,Melton,District,0 yrs,Persons,2022 - 24,20220000,5.44747081712062,2.19016579884815,11.2238718768112,7.0,1285.0,Interpret with caution - see Notes section in Definitions for details,Cannot be calculated,Similar,1000.0,"per 1,000",3.89970163317499,3.80679381892754,3.99430405508697,1.54776918394563,Value available,9517,9776,9898,29191,9730.333333333334,,Melton,30.0,9003.0,12.895006553371099,0.1063308897034322,,4.709541264023104,nan,Matched to IMD 2019 LAD
92530,Stillbirth rate,E09000024,Merton,UA,0 yrs,Persons,2022 - 24,20220000,5.10752688172043,3.61393393564444,7.01067653642132,38.0,7440.0,,Cannot be calculated,Similar,1000.0,"per 1,000",3.89970163317499,3.80679381892754,3.99430405508697,1.20782524854544,Value available,44302,44237,43585,132124,44041.333333333336,,Merton,124.0,42123.0,15.342790019704198,0.133870450822591,2.841677943166441,9.272843814543124,Q1 Least deprived,Matched to IMD 2019 LAD
92530,Stillbirth rate,E07000042,Mid Devon,District,0 yrs,Persons,2022 - 24,20220000,2.0273694880892,0.552389951153738,5.19087109751835,4.0,1973.0,Interpret with caution - see Notes section in Definitions for details,Cannot be calculated,Similar,1000.0,"per 1,000",3.89970163317499,3.80679381892754,3.99430405508697,-1.8723321450857902,Value available,15991,16027,16028,48046,16015.333333333334,,Mid Devon,43.0,14622.0,17.202643072083163,0.11564409793461906,,,nan,Matched to IMD 2019 LAD
92530,Stillbirth rate,E07000203,Mid Suffolk,District,0 yrs,Persons,2022 - 24,20220000,3.64697301239971,1.7459700634455,6.70731531938602,10.0,2742.0,Interpret with caution - see Notes section in Definitions for details,Cannot be calculated,Similar,1000.0,"per 1,000",3.89970163317499,3.80679381892754,3.99430405508697,-0.2527286207752799,Value available,18300,18763,19171,56234,18744.666666666668,,Mid Suffolk,56.0,17345.0,13.145083136350534,0.09820807149034304,2.1908330931104065,3.6437013548573076,Q1 Least deprived,Matched to IMD 2019 LAD
92530,Stillbirth rate,E07000228,Mid Sussex,District,0 yrs,Persons,2022 - 24,20220000,3.06815691431076,1.67598744246962,5.14814766131375,14.0,4563.0,Interpret with caution - see Notes section in Definitions for details,Cannot be calculated,Similar,1000.0,"per 1,000",3.89970163317499,3.80679381892754,3.99430405508697,-0.83154471886423,Value available,31920,32753,33425,98098,32699.333333333332,,Mid Sussex,86.0,28255.0,8.066566625376039,0.06472585383118032,,,nan,Matched to IMD 2019 LAD
92530,Stillbirth rate,E06000002,Middlesbrough,UA,0 yrs,Persons,2022 - 24,20220000,4.16063675832127,2.63664447876516,6.24327248244355,23.0,5528.0,,Cannot be calculated,Similar,1000.0,"per 1,000",3.89970163317499,3.80679381892754,3.99430405508697,0.2609351251462799,Value available,32355,32822,32972,98149,32716.333333333332,,Middlesbrough,86.0,28622.0,43.626475124030456,0.32700384319754044,62.84326741667249,60.55481797218923,Q5 Most deprived,Matched to IMD 2019 LAD
92530,Stillbirth rate,E06000042,Milton Keynes,UA,0 yrs,Persons,2022 - 24,20220000,4.50639278977154,3.26096948323473,6.07023176747476,43.0,9542.0,,Cannot be calculated,Similar,1000.0,"per 1,000",3.89970163317499,3.80679381892754,3.99430405508697,0.6066911565965496,Value available,67369,69083,69991,206443,68814.33333333333,,Milton Keynes,152.0,59903.0,19.128288165868153,0.15040732517570068,15.009264978381717,15.598550990768409,Q3,Matched to IMD 2019 LAD
92530,Stillbirth rate,E07000210,Mole Valley,District,0 yrs,Persons,2022 - 24,20220000,2.44618395303327,0.794269271095118,5.70857733822048,5.0,2044.0,Interpret with caution - see Notes section in Definitions for details,Cannot be calculated,Similar,1000.0,"per 1,000",3.89970163317499,3.80679381892754,3.99430405508697,-1.45351768014172,Value available,16525,16689,16809,50023,16674.333333333332,,Mole Valley,54.0,15782.0,9.51052642250665,0.06428361424407553,,2.521860347231023,nan,Matched to IMD 2019 LAD
92530,Stillbirth rate,E07000091,New Forest,District,0 yrs,Persons,2022 - 24,20220000,2.29753015508329,0.991910447084578,4.52705032170974,8.0,3482.0,Interpret with caution - see Notes section in Definitions for details,Cannot be calculated,Similar,1000.0,"per 1,000",3.89970163317499,3.80679381892754,3.99430405508697,-1.6021714780917002,Value available,29130,28967,28665,86762,28920.666666666668,,New Forest,114.0,28753.0,13.966420477863176,0.1082725976419852,4.062184815497513,7.303585712795186,Q1 Least deprived,Matched to IMD 2019 LAD
92530,Stillbirth rate,E07000175,Newark and Sherwood,District,0 yrs,Persons,2022 - 24,20220000,3.66636113657195,1.89230364897007,6.40478400660455,12.0,3273.0,Interpret with caution - see Notes section in Definitions for details,Cannot be calculated,Similar,1000.0,"per 1,000",3.89970163317499,3.80679381892754,3.99430405508697,-0.23334049660304013,Value available,22987,23187,23328,69502,23167.333333333332,,Newark and Sherwood,70.0,21202.0,20.421431421564,0.15255461748891616,17.984152438449204,19.18215262711065,Q3,Matched to IMD 2019 LAD
92530,Stillbirth rate,E08000021,Newcastle upon Tyne,UA,0 yrs,Persons,2022 - 24,20220000,2.63475683390054,1.68764089360957,3.92047606015855,24.0,9109.0,,Cannot be calculated,Similar,1000.0,"per 1,000",3.89970163317499,3.80679381892754,3.99430405508697,-1.26494479927445,Value available,55013,56418,57098,168529,56176.333333333336,,Newcastle upon Tyne,175.0,50575.0,34.613074957983194,0.2467053484923381,50.254078101828966,49.8230350963915,Q5 Most deprived,Matched to IMD 2019 LAD
92530,Stillbirth rate,E07000195,Newcastle-under-Lyme,District,0 yrs,Persons,2022 - 24,20220000,5.26805082119616,3.0670830831083,8.4351129237386,17.0,3227.0,Interpret with caution - see Notes section in Definitions for details,Cannot be calculated,Similar,1000.0,"per 1,000",3.89970163317499,3.80679381892754,3.99430405508697,1.3683491880211696,Value available,21787,21982,22200,65969,21989.666666666668,,Newcastle-under-Lyme,80.0,20964.0,20.612879746231634,0.1453634325510399,13.48979202442282,11.562678878076703,Q3,Matched to IMD 2019 LAD
92530,Stillbirth rate,E09000025,Newham,UA,0 yrs,Persons,2022 - 24,20220000,4.85291474447307,3.85378674520639,6.03180318759908,81.0,16691.0,,Cannot be calculated,Similar,1000.0,"per 1,000",3.89970163317499,3.80679381892754,3.99430405508697,0.95321311129808,Value available,77908,77658,76629,232195,77398.33333333333,,Newham,164.0,75869.0,29.938514716155478,0.20146713413910822,26.56025517668613,18.257786447692734,Q4,Matched to IMD 2019 LAD
92530,Stillbirth rate,E07000043,North Devon,District,0 yrs,Persons,2022 - 24,20220000,3.92156862745098,1.79319089210385,7.44435880236129,9.0,2295.0,Interpret with caution - see Notes section in Definitions for details,Cannot be calculated,Similar,1000.0,"per 1,000",3.89970163317499,3.80679381892754,3.99430405508697,0.021866994275989704,Value available,17969,17985,17979,53933,17977.666666666668,,North Devon,58.0,16050.0,21.002936760124612,0.1322699065420561,13.42056074766355,9.28348909657321,Q3,Matched to IMD 2019 LAD
92530,Stillbirth rate,E07000038,North East Derbyshire,District,0 yrs,Persons,2022 - 24,20220000,2.2002200220022,0.807441970477026,4.7889527035272,6.0,2727.0,Interpret with caution - see Notes section in Definitions for details,Cannot be calculated,Similar,1000.0,"per 1,000",3.89970163317499,3.80679381892754,3.99430405508697,-1.6994816111727902,Value available,18303,18642,19009,55954,18651.333333333332,,North East Derbyshire,63.0,16050.0,18.469692336448595,0.14530342679127728,12.024922118380061,17.29595015576324,Q2,Matched to IMD 2019 LAD
92530,Stillbirth rate,E06000012,North East Lincolnshire,UA,0 yrs,Persons,2022 - 24,20220000,2.95320308950477,1.57093160941859,5.05036960687209,13.0,4402.0,Interpret with caution - see Notes section in Definitions for details,Cannot be calculated,Similar,1000.0,"per 1,000",3.89970163317499,3.80679381892754,3.99430405508697,-0.94649854367022,Value available,31594,31721,31808,95123,31707.666666666668,,North East Lincolnshire,106.0,30450.0,34.930807159277514,0.27356078817733986,44.57799671592775,45.68144499178982,Q5 Most deprived,Matched to IMD 2019 LAD
92530,Stillbirth rate,E07000099,North Hertfordshire,District,0 yrs,Persons,2022 - 24,20220000,1.80087471057371,0.724045035122168,3.71049018824347,7.0,3887.0,Interpret with caution - see Notes section in Definitions for details,Cannot be calculated,Better,1000.0,"per 1,000",3.89970163317499,3.80679381892754,3.99430405508697,-2.09882692260128,Value available,27174,27368,27581,82123,27374.333333333332,,North Hertfordshire,82.0,25706.0,12.035863572706761,0.1059639772815685,1.9489613319847507,5.173889364350735,Q1 Least deprived,Matched to IMD 2019 LAD
92530,Stillbirth rate,E07000139,North Kesteven,District,0 yrs,Persons,2022 - 24,20220000,4.08618127786033,2.03703202022659,7.31175227197117,11.0,2692.0,Interpret with caution - see Notes section in Definitions for details,Cannot be calculated,Similar,1000.0,"per 1,000",3.89970163317499,3.80679381892754,3.99430405508697,0.18647964468534006,Value available,21812,21916,22119,65847,21949.0,,North Kesteven,64.0,19422.0,11.58736952939965,0.10130285243538255,,3.5063330244053135,nan,Matched to IMD 2019 LAD
92530,Stillbirth rate,E06000013,North Lincolnshire,UA,0 yrs,Persons,2022 - 24,20220000,3.29236172080773,1.84136611352372,5.43055999632117,15.0,4556.0,Interpret with caution - see Notes section in Definitions for details,Cannot be calculated,Similar,1000.0,"per 1,000",3.89970163317499,3.80679381892754,3.99430405508697,-0.60733991236726,Value available,32687,32722,32771,98180,32726.666666666668,,North Lincolnshire,101.0,31477.0,24.236133430758965,0.18268017917844773,26.654382565047495,28.983067001302537,Q4,Matched to IMD 2019 LAD
92530,Stillbirth rate,E07000147,North Norfolk,District,0 yrs,Persons,2022 - 24,20220000,4.52488687782806,1.9535249868487,8.91583100689667,8.0,1768.0,Interpret with caution - see Notes section in Definitions for details,Cannot be calculated,Similar,1000.0,"per 1,000",3.89970163317499,3.80679381892754,3.99430405508697,0.6251852446530703,Value available,15016,14998,14877,44891,14963.666666666666,,North Norfolk,62.0,14450.0,21.294437024221452,0.1358948096885813,2.9204152249134947,2.207612456747405,Q1 Least deprived,Matched to IMD 2019 LAD
92530,Stillbirth rate,E06000061,North Northamptonshire,UA,0 yrs,Persons,2022 - 24,20220000,3.21425291578657,2.23851689530041,4.47038380912021,35.0,10889.0,,Cannot be calculated,Similar,1000.0,"per 1,000",3.89970163317499,3.80679381892754,3.99430405508697,-0.6854487173884203,Value available,75960,77254,78590,231804,77268.0,,,,,,,,,,Unmatched: boundary/code change
92530,Stillbirth rate,E06000024,North Somerset,UA,0 yrs,Persons,2022 - 24,20220000,3.7940379403794,2.34767777918278,5.79986274238064,21.0,5535.0,,Cannot be calculated,Similar,1000.0,"per 1,000",3.89970163317499,3.80679381892754,3.99430405508697,-0.10566369279559007,Value available,41284,41853,42149,125286,41762.0,,North Somerset,135.0,37919.0,15.81648817215644,0.12436554234025159,10.430127376776813,12.05464279121285,Q2,Matched to IMD 2019 LAD
92530,Stillbirth rate,E08000022,North Tyneside,UA,0 yrs,Persons,2022 - 24,20220000,4.14414414414414,2.62619291506555,6.21852437530594,23.0,5550.0,,Cannot be calculated,Similar,1000.0,"per 1,000",3.89970163317499,3.80679381892754,3.99430405508697,0.24444251096914993,Value available,40057,40278,40262,120597,40199.0,,North Tyneside,131.0,35936.0,23.494828667631342,0.17917586821015136,23.51680765805877,30.860418521816563,Q3,Matched to IMD 2019 LAD
92530,Stillbirth rate,E07000218,North Warwickshire,District,0 yrs,Persons,2022 - 24,20220000,2.15285252960172,0.58657985663419,5.5121575217458,4.0,1858.0,Interpret with caution - see Notes section in Definitions for details,Cannot be calculated,Similar,1000.0,"per 1,000",3.89970163317499,3.80679381892754,3.99430405508697,-1.74684910357327,Value available,12188,12277,12486,36951,12317.0,,North Warwickshire,38.0,10788.0,18.506616981831662,0.1293913607712273,6.609195402298851,6.173526140155729,Q2,Matched to IMD 2019 LAD
92530,Stillbirth rate,E07000134,North West Leicestershire,District,0 yrs,Persons,2022 - 24,20220000,2.31634679020516,0.93129154583715,4.77255968289291,7.0,3022.0,Interpret with caution - see Notes section in Definitions for details,Cannot be calculated,Similar,1000.0,"per 1,000",3.89970163317499,3.80679381892754,3.99430405508697,-1.5833548429698299,Value available,20407,20884,21165,62456,20818.666666666668,,North West Leicestershire,58.0,17771.0,15.227526081818691,0.12292150132237917,4.361037645602386,5.756569692195149,Q2,Matched to IMD 2019 LAD
92530,Stillbirth rate,E06000065,North Yorkshire UA,UA,0 yrs,Persons,2022 - 24,20220000,3.08641975308642,2.25104619311024,4.12996993682523,45.0,14580.0,,Cannot be calculated,Similar,1000.0,"per 1,000",3.89970163317499,3.80679381892754,3.99430405508697,-0.8132818800885699,Value available,109214,109388,110117,328719,109573.0,,,,,,,,,,Unmatched: boundary/code change
92530,Stillbirth rate,E06000057,Northumberland,UA,0 yrs,Persons,2022 - 24,20220000,3.4101759650798,2.20628371595379,5.03429964427573,25.0,7331.0,,Cannot be calculated,Similar,1000.0,"per 1,000",3.89970163317499,3.80679381892754,3.99430405508697,-0.48952566809519027,Value available,55996,56299,56363,168658,56219.333333333336,,Northumberland,197.0,52078.0,23.764028322900263,0.1737438649717731,25.486769845232153,25.429163946388112,Q4,Matched to IMD 2019 LAD
92530,Stillbirth rate,E07000148,Norwich,District,0 yrs,Persons,2022 - 24,20220000,4.37242798353909,2.54564740462718,7.00105694570588,17.0,3888.0,Interpret with caution - see Notes section in Definitions for details,Cannot be calculated,Similar,1000.0,"per 1,000",3.89970163317499,3.80679381892754,3.99430405508697,0.47272635036410016,Value available,24260,24377,24465,73102,24367.333333333332,,Norwich,83.0,23476.0,30.565758263758735,0.2382209064576589,48.07888907820753,47.985176350315214,Q5 Most deprived,Matched to IMD 2019 LAD
92530,Stillbirth rate,E06000018,Nottingham,UA,0 yrs,Persons,2022 - 24,20220000,4.79686735193343,3.54846506634922,6.34184971173878,49.0,10215.0,,Cannot be calculated,Similar,1000.0,"per 1,000",3.89970163317499,3.80679381892754,3.99430405508697,0.8971657187584396,Value available,62537,63089,63338,188964,62988.0,,Nottingham,182.0,59185.0,38.72189744022979,0.297920621779167,66.27354904114218,68.21322970347217,Q5 Most deprived,Matched to IMD 2019 LAD
92530,Stillbirth rate,E07000219,Nuneaton and Bedworth,District,0 yrs,Persons,2022 - 24,20220000,3.15244314343616,1.72202897995696,5.28957391996727,14.0,4441.0,Interpret with caution - see Notes section in Definitions for details,Cannot be calculated,Similar,1000.0,"per 1,000",3.89970163317499,3.80679381892754,3.99430405508697,-0.7472584897388299,Value available,27550,28455,29329,85334,28444.666666666668,,Nuneaton and Bedworth,81.0,24191.0,25.060994667438305,0.18774486379231944,25.4681493117275,23.07469720143855,Q4,Matched to IMD 2019 LAD
92530,Stillbirth rate,E07000135,Oadby and Wigston,District,0 yrs,Persons,2022 - 24,20220000,6.71550671550672,3.34779621394992,12.0166282760356,11.0,1638.0,Interpret with caution - see Notes section in Definitions for details,Cannot be calculated,Similar,1000.0,"per 1,000",3.89970163317499,3.80679381892754,3.99430405508697,2.81580508233173,Value available,11700,12073,12523,36296,12098.666666666666,,Oadby and Wigston,36.0,9673.0,13.506839760157138,0.11794830972810914,,3.3391915641476273,nan,Matched to IMD 2019 LAD
92530,Stillbirth rate,E08000004,Oldham,UA,0 yrs,Persons,2022 - 24,20220000,4.37613405913118,3.14004390096183,5.93687434583183,41.0,9369.0,,Cannot be calculated,Similar,1000.0,"per 1,000",3.89970163317499,3.80679381892754,3.99430405508697,0.4764324259561903,Value available,59157,59606,60170,178933,59644.333333333336,,Oldham,141.0,52119.0,36.83009061954374,0.23323166215775443,59.46008173602717,45.54577025652833,Q5 Most deprived,Matched to IMD 2019 LAD
92530,Stillbirth rate,E07000178,Oxford,District,0 yrs,Persons,2022 - 24,20220000,4.3940795559667,2.64430632659363,6.86224474221048,19.0,4324.0,Interpret with caution - see Notes section in Definitions for details,Cannot be calculated,Similar,1000.0,"per 1,000",3.89970163317499,3.80679381892754,3.99430405508697,0.4943779227917098,Value available,27411,27741,27791,82943,27647.666666666668,,Oxford,83.0,26826.0,18.294969879967198,0.15798397077462162,14.985461865354507,18.668455975546113,Q3,Matched to IMD 2019 LAD
92530,Stillbirth rate,E07000122,Pendle,District,0 yrs,Persons,2022 - 24,20220000,4.47894893998208,2.50500567728099,7.3877668985486,15.0,3349.0,Interpret with caution - see Notes section in Definitions for details,Cannot be calculated,Similar,1000.0,"per 1,000",3.89970163317499,3.80679381892754,3.99430405508697,0.5792473068070896,Value available,21905,22194,22577,66676,22225.333333333332,,Pendle,57.0,18766.0,33.67015970371949,0.18372988383246297,48.662474688266016,25.18384312053714,Q5 Most deprived,Matched to IMD 2019 LAD
92530,Stillbirth rate,E06000031,Peterborough,UA,0 yrs,Persons,2022 - 24,20220000,4.65296626599457,3.25842676011101,6.44185740672128,36.0,7737.0,,Cannot be calculated,Similar,1000.0,"per 1,000",3.89970163317499,3.80679381892754,3.99430405508697,0.7532646328195796,Value available,51778,52958,53653,158389,52796.333333333336,,Peterborough,112.0,43096.0,29.27529886764433,0.20819055132726935,46.106367180248746,32.655002784481155,Q5 Most deprived,Matched to IMD 2019 LAD
92530,Stillbirth rate,E06000026,Plymouth,UA,0 yrs,Persons,2022 - 24,20220000,3.92872176231233,2.61003039513167,5.67830918409954,28.0,7127.0,,Cannot be calculated,Similar,1000.0,"per 1,000",3.89970163317499,3.80679381892754,3.99430405508697,0.02902012913733998,Value available,49197,49498,49307,148002,49334.0,,Plymouth,161.0,46259.0,27.87194262738062,0.20251209494368666,33.44646447177846,32.423960742774376,Q4,Matched to IMD 2019 LAD
92530,Stillbirth rate,E06000044,Portsmouth,UA,0 yrs,Persons,2022 - 24,20220000,4.71994965387036,3.18391112228861,6.73825864411559,30.0,6356.0,,Cannot be calculated,Similar,1000.0,"per 1,000",3.89970163317499,3.80679381892754,3.99430405508697,0.8202480206953702,Value available,39544,39857,40005,119406,39802.0,,Portsmouth,125.0,39325.0,28.7917520661157,0.20188381436745073,30.011443102352192,29.149396058486968,Q4,Matched to IMD 2019 LAD
92530,Stillbirth rate,E07000123,Preston,District,0 yrs,Persons,2022 - 24,20220000,3.71678126742241,2.26936049709644,5.74054643545755,20.0,5381.0,,Cannot be calculated,Similar,1000.0,"per 1,000",3.89970163317499,3.80679381892754,3.99430405508697,-0.18292036575257997,Value available,31719,32675,33636,98030,32676.666666666668,,Preston,86.0,27607.0,31.356312348317456,0.20441902416053895,49.574383308581154,44.23153548013185,Q5 Most deprived,Matched to IMD 2019 LAD
92530,Stillbirth rate,E06000038,Reading,UA,0 yrs,Persons,2022 - 24,20220000,5.28314347036487,3.61304242452198,7.45846949128285,32.0,6057.0,,Cannot be calculated,Similar,1000.0,"per 1,000",3.89970163317499,3.80679381892754,3.99430405508697,1.3834418371898796,Value available,34921,35359,35812,106092,35364.0,,Reading,97.0,33203.0,20.803721049302773,0.15963864711020087,11.85435051049604,18.236303948438394,Q2,Matched to IMD 2019 LAD
92530,Stillbirth rate,E09000026,Redbridge,UA,0 yrs,Persons,2022 - 24,20220000,5.0125313283208,3.86006700414921,6.40099306006796,64.0,12768.0,,Cannot be calculated,Similar,1000.0,"per 1,000",3.89970163317499,3.80679381892754,3.99430405508697,1.1128296951458099,Value available,72181,72159,72166,216506,72168.66666666667,,Redbridge,161.0,67762.0,17.9349034562144,0.13715398010684454,4.351996694312446,3.4060387827986185,Q2,Matched to IMD 2019 LAD
92530,Stillbirth rate,E06000003,Redcar and Cleveland,UA,0 yrs,Persons,2022 - 24,20220000,6.8662455369404,4.44225924791464,10.1363500939811,25.0,3641.0,,Cannot be calculated,Worse,1000.0,"per 1,000",3.89970163317499,3.80679381892754,3.99430405508697,2.9665439037654098,Value available,25904,26184,26251,78339,26113.0,,Redcar and Cleveland,88.0,24210.0,32.46137930607187,0.25589475423378766,41.28046261875258,43.76290788930194,Q5 Most deprived,Matched to IMD 2019 LAD
92530,Stillbirth rate,E07000236,Redditch,District,0 yrs,Persons,2022 - 24,20220000,2.62960180315552,1.0572363078587,5.41798473392276,7.0,2662.0,Interpret with caution - see Notes section in Definitions for details,Cannot be calculated,Similar,1000.0,"per 1,000",3.89970163317499,3.80679381892754,3.99430405508697,-1.2700998300194701,Value available,17892,17778,17764,53434,17811.333333333332,,Redditch,55.0,16734.0,24.541720150591615,0.16360631050555757,31.474841639775306,25.863511413887892,Q4,Matched to IMD 2019 LAD
92530,Stillbirth rate,E07000211,Reigate and Banstead,District,0 yrs,Persons,2022 - 24,20220000,3.78151260504202,2.24001990794931,5.97673107403911,18.0,4760.0,Interpret with caution - see Notes section in Definitions for details,Cannot be calculated,Similar,1000.0,"per 1,000",3.89970163317499,3.80679381892754,3.99430405508697,-0.11818902813297028,Value available,32986,33653,33827,100466,33488.666666666664,,Reigate and Banstead,86.0,28901.0,11.529202172935191,0.09080353620981974,1.2110307601813086,3.7334348292446626,Q1 Least deprived,Matched to IMD 2019 LAD
92530,Stillbirth rate,E07000124,Ribble Valley,District,0 yrs,Persons,2022 - 24,20220000,,,,1.0,1419.0,Value not published for data quality reasons,Cannot be calculated,Not compared,1000.0,"per 1,000",3.89970163317499,3.80679381892754,3.99430405508697,,Suppressed / unavailable,11502,11851,11834,35187,11729.0,,Ribble Valley,40.0,10242.0,10.65044639718805,0.05794669009958992,,,nan,Matched to IMD 2019 LAD
92530,Stillbirth rate,E09000027,Richmond upon Thames,UA,0 yrs,Persons,2022 - 24,20220000,3.62664630654705,2.18247386069686,5.66374236787901,19.0,5239.0,Interpret with caution - see Notes section in Definitions for details,Cannot be calculated,Similar,1000.0,"per 1,000",3.89970163317499,3.80679381892754,3.99430405508697,-0.2730553266279401,Value available,41886,42009,41609,125504,41834.666666666664,,Richmond upon Thames,115.0,40300.0,9.474932332506203,0.07024669975186104,0.7096774193548387,1.6054590570719602,Q1 Least deprived,Matched to IMD 2019 LAD
92530,Stillbirth rate,E08000005,Rochdale,UA,0 yrs,Persons,2022 - 24,20220000,6.12895317479774,4.54867619625327,8.08043107305194,50.0,8158.0,,Cannot be calculated,Worse,1000.0,"per 1,000",3.89970163317499,3.80679381892754,3.99430405508697,2.22925154162275,Value available,52741,53753,54755,161249,53749.666666666664,,Rochdale,134.0,45185.0,36.932583401571314,0.23503941573531043,54.327763638375565,47.577735974327766,Q5 Most deprived,Matched to IMD 2019 LAD
92530,Stillbirth rate,E07000075,Rochford,District,0 yrs,Persons,2022 - 24,20220000,5.0,2.58062910128293,8.73452418900696,12.0,2400.0,Interpret with caution - see Notes section in Definitions for details,Cannot be calculated,Similar,1000.0,"per 1,000",3.89970163317499,3.80679381892754,3.99430405508697,1.10029836682501,Value available,16519,16974,17228,50721,16907.0,,Rochford,53.0,14672.0,10.747563181570339,0.09606127317339151,2.712649945474373,5.200381679389313,Q1 Least deprived,Matched to IMD 2019 LAD
92530,Stillbirth rate,E07000125,Rossendale,District,0 yrs,Persons,2022 - 24,20220000,3.92156862745098,1.69305498860221,7.72705353931045,8.0,2040.0,Interpret with caution - see Notes section in Definitions for details,Cannot be calculated,Similar,1000.0,"per 1,000",3.89970163317499,3.80679381892754,3.99430405508697,0.021866994275989704,Value available,14637,14735,14876,44248,14749.333333333334,,Rossendale,43.0,13636.0,25.1762593135817,0.1754419184511587,24.163977706072163,20.34320915224406,Q4,Matched to IMD 2019 LAD
92530,Stillbirth rate,E07000064,Rother,District,0 yrs,Persons,2022 - 24,20220000,,,,2.0,1917.0,Value not published for data quality reasons,Cannot be calculated,Not compared,1000.0,"per 1,000",3.89970163317499,3.80679381892754,3.99430405508697,,Suppressed / unavailable,15068,15248,15503,45819,15273.0,,Rother,58.0,14118.0,21.085585706190674,0.16012296359257686,13.33758322708599,14.640883977900552,Q3,Matched to IMD 2019 LAD
92530,Stillbirth rate,E08000018,Rotherham,UA,0 yrs,Persons,2022 - 24,20220000,3.95636014866323,2.72293196477828,5.55637956135395,33.0,8341.0,,Cannot be calculated,Similar,1000.0,"per 1,000",3.89970163317499,3.80679381892754,3.99430405508697,0.05665851548823975,Value available,54208,55304,56311,165823,55274.333333333336,,Rotherham,167.0,50014.0,31.717973207501906,0.22071733914503935,40.76258647578678,37.34154436757708,Q5 Most deprived,Matched to IMD 2019 LAD
92530,Stillbirth rate,E07000220,Rugby,District,0 yrs,Persons,2022 - 24,20220000,3.17277184886069,1.58168162631958,5.67731096514173,11.0,3467.0,Interpret with caution - see Notes section in Definitions for details,Cannot be calculated,Similar,1000.0,"per 1,000",3.89970163317499,3.80679381892754,3.99430405508697,-0.7269297843142999,Value available,24570,25391,26133,76094,25364.666666666668,,Rugby,61.0,20481.0,14.649844734143842,0.11646277037254042,4.111127386358088,1.7674918216883941,Q2,Matched to IMD 2019 LAD
92530,Stillbirth rate,E07000212,Runnymede,District,0 yrs,Persons,2022 - 24,20220000,2.56880733944954,1.03279378037426,5.29272490337702,7.0,2725.0,Interpret with caution - see Notes section in Definitions for details,Cannot be calculated,Similar,1000.0,"per 1,000",3.89970163317499,3.80679381892754,3.99430405508697,-1.33089429372545,Value available,16555,16841,17124,50520,16840.0,,Runnymede,52.0,14704.0,12.28763445321001,0.10295463819368879,,1.251360174102285,nan,Matched to IMD 2019 LAD
92530,Stillbirth rate,E07000176,Rushcliffe,District,0 yrs,Persons,2022 - 24,20220000,3.37952010814464,1.61792832509887,6.21543041762638,10.0,2959.0,Interpret with caution - see Notes section in Definitions for details,Cannot be calculated,Similar,1000.0,"per 1,000",3.89970163317499,3.80679381892754,3.99430405508697,-0.5201815250303499,Value available,23820,24410,24692,72922,24307.333333333332,,Rushcliffe,68.0,20860.0,7.189948561840844,0.06548590604026847,,1.3231064237775647,nan,Matched to IMD 2019 LAD
92530,Stillbirth rate,E07000092,Rushmoor,District,0 yrs,Persons,2022 - 24,20220000,5.23271825943266,3.14898941233568,8.17194884751257,19.0,3631.0,Interpret with caution - see Notes section in Definitions for details,Cannot be calculated,Similar,1000.0,"per 1,000",3.89970163317499,3.80679381892754,3.99430405508697,1.3330166262576695,Value available,19953,20263,20687,60903,20301.0,,Rushmoor,58.0,19016.0,16.326297907025666,0.1140495372318048,5.574253260412284,1.8247791333613799,Q2,Matched to IMD 2019 LAD
92530,Stillbirth rate,E06000017,Rutland,UA,0 yrs,Persons,2022 - 24,20220000,3.77833753148615,0.779184033873554,11.0419056293984,3.0,794.0,Interpret with caution - see Notes section in Definitions for details,Cannot be calculated,Similar,1000.0,"per 1,000",3.89970163317499,3.80679381892754,3.99430405508697,-0.12136410168884026,Value available,7722,7651,7676,23049,7683.0,,Rutland,23.0,6520.0,8.33499325153374,0.07159815950920245,,,nan,Matched to IMD 2019 LAD
92530,Stillbirth rate,E08000006,Salford,UA,0 yrs,Persons,2022 - 24,20220000,5.45454545454546,4.13096657082424,7.06712528992549,57.0,10450.0,,Cannot be calculated,Worse,1000.0,"per 1,000",3.89970163317499,3.80679381892754,3.99430405508697,1.5548438213704703,Value available,56689,57634,58816,173139,57713.0,,Salford,150.0,48489.0,36.2805389676009,0.24085060529192187,56.68502134504733,48.08100806368455,Q5 Most deprived,Matched to IMD 2019 LAD
92530,Stillbirth rate,E08000028,Sandwell,UA,0 yrs,Persons,2022 - 24,20220000,6.91809863869672,5.58365202328856,8.47522533378352,93.0,13443.0,,Cannot be calculated,Worse,1000.0,"per 1,000",3.89970163317499,3.80679381892754,3.99430405508697,3.01839700552173,Value available,81244,81833,82602,245679,81893.0,,Sandwell,186.0,70711.0,36.051476502948624,0.2630766075999491,63.72982987088289,54.710016829064784,Q5 Most deprived,Matched to IMD 2019 LAD
92530,Stillbirth rate,E08000014,Sefton,UA,0 yrs,Persons,2022 - 24,20220000,4.45000695313586,3.04327603467246,6.28229032244476,32.0,7191.0,,Cannot be calculated,Similar,1000.0,"per 1,000",3.89970163317499,3.80679381892754,3.99430405508697,0.5503053199608701,Value available,50781,51545,52022,154348,51449.333333333336,,Sefton,189.0,46890.0,28.97344595862657,0.18821567498400513,33.6383024098955,24.435913840904245,Q4,Matched to IMD 2019 LAD
92530,Stillbirth rate,E07000111,Sevenoaks,District,0 yrs,Persons,2022 - 24,20220000,2.92226767971946,1.39902101518631,5.37447650665005,10.0,3422.0,Interpret with caution - see Notes section in Definitions for details,Cannot be calculated,Similar,1000.0,"per 1,000",3.89970163317499,3.80679381892754,3.99430405508697,-0.9774339534555301,Value available,25825,25961,26015,77801,25933.666666666668,,Sevenoaks,74.0,23370.0,12.451992468977322,0.11016367137355584,2.973898160034232,8.074454428754814,Q1 Least deprived,Matched to IMD 2019 LAD
92530,Stillbirth rate,E08000019,Sheffield,UA,0 yrs,Persons,2022 - 24,20220000,4.39547559045889,3.45718920386633,5.50984004364167,75.0,17063.0,,Cannot be calculated,Similar,1000.0,"per 1,000",3.89970163317499,3.80679381892754,3.99430405508697,0.49577395728389995,Value available,107242,108194,108390,323826,107942.0,,Sheffield,345.0,103331.0,31.28763481433452,0.21885883229621317,45.534253999283855,42.619349469181564,Q5 Most deprived,Matched to IMD 2019 LAD
92530,Stillbirth rate,E06000051,Shropshire,UA,0 yrs,Persons,2022 - 24,20220000,2.69541778975741,1.64574512599406,4.1630566535306,20.0,7420.0,,Cannot be calculated,Similar,1000.0,"per 1,000",3.89970163317499,3.80679381892754,3.99430405508697,-1.20428384341758,Value available,56241,56639,57134,170014,56671.333333333336,,Shropshire,193.0,51821.0,17.65990031068486,0.12036539240848304,6.294745373497231,7.244167422473515,Q2,Matched to IMD 2019 LAD
92530,Stillbirth rate,E06000039,Slough,UA,0 yrs,Persons,2022 - 24,20220000,4.86687661036358,3.36993287200976,6.80118515581103,34.0,6986.0,,Cannot be calculated,Similar,1000.0,"per 1,000",3.89970163317499,3.80679381892754,3.99430405508697,0.9671749771885896,Value available,41805,42398,42992,127195,42398.333333333336,,Slough,80.0,37031.0,23.347691582727983,0.1471205746536685,8.973562690718587,2.2521671032378277,Q2,Matched to IMD 2019 LAD
92530,Stillbirth rate,E08000029,Solihull,UA,0 yrs,Persons,2022 - 24,20220000,2.20077873709159,1.17068578714417,3.76362400701726,13.0,5907.0,Interpret with caution - see Notes section in Definitions for details,Cannot be calculated,Better,1000.0,"per 1,000",3.89970163317499,3.80679381892754,3.99430405508697,-1.6989228960834,Value available,45632,46377,46763,138772,46257.333333333336,,Solihull,134.0,40214.0,19.12107666484309,0.14795717909185854,20.09250509772716,21.529815487143782,Q3,Matched to IMD 2019 LAD
92530,Stillbirth rate,E06000066,Somerset UA,UA,0 yrs,Persons,2022 - 24,20220000,3.02497361941611,2.18896734498951,4.07472047310898,43.0,14215.0,,Cannot be calculated,Similar,1000.0,"per 1,000",3.89970163317499,3.80679381892754,3.99430405508697,-0.87472801375888,Value available,105314,106522,107129,318965,106321.66666666667,,,,,,,,,,Unmatched: boundary/code change
92530,Stillbirth rate,E07000012,South Cambridgeshire,District,0 yrs,Persons,2022 - 24,20220000,2.10482003788676,1.00767205092982,3.87107105993611,10.0,4751.0,Interpret with caution - see Notes section in Definitions for details,Cannot be calculated,Better,1000.0,"per 1,000",3.89970163317499,3.80679381892754,3.99430405508697,-1.79488159528823,Value available,34965,35935,36462,107362,35787.333333333336,,South Cambridgeshire,96.0,30611.0,8.387163699323771,0.07453464440887263,,0.9310378622063964,nan,Matched to IMD 2019 LAD
92530,Stillbirth rate,E07000039,South Derbyshire,District,0 yrs,Persons,2022 - 24,20220000,3.12056737588652,1.55565679388652,5.58389705422593,11.0,3525.0,Interpret with caution - see Notes section in Definitions for details,Cannot be calculated,Similar,1000.0,"per 1,000",3.89970163317499,3.80679381892754,3.99430405508697,-0.7791342572884701,Value available,22368,23110,23680,69158,23052.666666666668,,South Derbyshire,58.0,18888.0,14.551906289707748,0.11398300508259213,5.72850487081745,6.925031766200762,Q2,Matched to IMD 2019 LAD
92530,Stillbirth rate,E06000025,South Gloucestershire,UA,0 yrs,Persons,2022 - 24,20220000,2.06469373709566,1.22304367536576,3.26327597068435,18.0,8718.0,Interpret with caution - see Notes section in Definitions for details,Cannot be calculated,Better,1000.0,"per 1,000",3.89970163317499,3.80679381892754,3.99430405508697,-1.83500789607933,Value available,56963,58047,59160,174170,58056.666666666664,,South Gloucestershire,165.0,51010.0,11.660486551656538,0.1037240148990394,1.1389923544403058,2.0917467163301313,Q1 Least deprived,Matched to IMD 2019 LAD
92530,Stillbirth rate,E07000044,South Hams,District,0 yrs,Persons,2022 - 24,20220000,3.46620450606586,1.27203596388842,7.54446795061738,6.0,1731.0,Interpret with caution - see Notes section in Definitions for details,Cannot be calculated,Similar,1000.0,"per 1,000",3.89970163317499,3.80679381892754,3.99430405508697,-0.4334971271091299,Value available,15201,15524,15710,46435,15478.333333333334,,South Hams,49.0,13448.0,13.669675267697798,0.1022441998810232,,1.8069601427721593,nan,Matched to IMD 2019 LAD
92530,Stillbirth rate,E07000140,South Holland,District,0 yrs,Persons,2022 - 24,20220000,2.45800901269971,0.902045986682037,5.35005080807812,6.0,2441.0,Interpret with caution - see Notes section in Definitions for details,Cannot be calculated,Similar,1000.0,"per 1,000",3.89970163317499,3.80679381892754,3.99430405508697,-1.4416926204752802,Value available,17628,18056,18168,53852,17950.666666666668,,South Holland,49.0,15342.0,17.83494427062964,0.14295398253161257,2.5224872897927257,7.137270238560814,Q1 Least deprived,Matched to IMD 2019 LAD
92530,Stillbirth rate,E07000141,South Kesteven,District,0 yrs,Persons,2022 - 24,20220000,3.85071090047393,2.04835336038525,6.58522719474257,13.0,3376.0,Interpret with caution - see Notes section in Definitions for details,Cannot be calculated,Similar,1000.0,"per 1,000",3.89970163317499,3.80679381892754,3.99430405508697,-0.048990732701060136,Value available,27506,27958,27886,83350,27783.333333333332,,South Kesteven,81.0,25327.0,14.375195917400402,0.12880522762269514,5.484265803292929,9.34180913649465,Q2,Matched to IMD 2019 LAD
92530,Stillbirth rate,E07000149,South Norfolk,District,0 yrs,Persons,2022 - 24,20220000,3.07520268381325,1.53304171049762,5.50272214597327,11.0,3577.0,Interpret with caution - see Notes section in Definitions for details,Cannot be calculated,Similar,1000.0,"per 1,000",3.89970163317499,3.80679381892754,3.99430405508697,-0.8244989493617401,Value available,27118,27687,27895,82700,27566.666666666668,,South Norfolk,81.0,23473.0,13.078405742768288,0.09847914625314191,,,nan,Matched to IMD 2019 LAD
92530,Stillbirth rate,E07000179,South Oxfordshire,District,0 yrs,Persons,2022 - 24,20220000,3.75234521575985,2.14341203530502,6.09391139635583,16.0,4264.0,Interpret with caution - see Notes section in Definitions for details,Cannot be calculated,Similar,1000.0,"per 1,000",3.89970163317499,3.80679381892754,3.99430405508697,-0.14735641741514005,Value available,29798,30184,30536,90518,30172.666666666668,,South Oxfordshire,89.0,26221.0,8.618468441325655,0.07397055794973494,,,nan,Matched to IMD 2019 LAD
92530,Stillbirth rate,E07000126,South Ribble,District,0 yrs,Persons,2022 - 24,20220000,5.80006823609689,3.37682603520657,9.28697011426286,17.0,2931.0,Interpret with caution - see Notes section in Definitions for details,Cannot be calculated,Similar,1000.0,"per 1,000",3.89970163317499,3.80679381892754,3.99430405508697,1.9003666029219,Value available,21111,21330,21601,64042,21347.333333333332,,South Ribble,70.0,19880.0,16.504711368209254,0.11778013078470828,5.201207243460765,14.446680080482897,Q2,Matched to IMD 2019 LAD
92530,Stillbirth rate,E07000196,South Staffordshire,District,0 yrs,Persons,2022 - 24,20220000,1.53964588144727,0.41950168345894,3.94210495589057,4.0,2598.0,Interpret with caution - see Notes section in Definitions for details,Cannot be calculated,Similar,1000.0,"per 1,000",3.89970163317499,3.80679381892754,3.99430405508697,-2.36005575172772,Value available,18772,19197,19473,57442,19147.333333333332,,South Staffordshire,68.0,17200.0,13.450057325581396,0.10995017441860466,,8.011627906976743,nan,Matched to IMD 2019 LAD
92530,Stillbirth rate,E08000023,South Tyneside,UA,0 yrs,Persons,2022 - 24,20220000,3.41713448865023,1.86661720771024,5.73370704871238,14.0,4097.0,Interpret with caution - see Notes section in Definitions for details,Cannot be calculated,Similar,1000.0,"per 1,000",3.89970163317499,3.80679381892754,3.99430405508697,-0.4825671445247601,Value available,28514,28769,29044,86327,28775.666666666668,,South Tyneside,102.0,25824.0,33.22746181846344,0.2672735052664189,48.489776951672866,55.924721189591075,Q5 Most deprived,Matched to IMD 2019 LAD
92530,Stillbirth rate,E06000045,Southampton,UA,0 yrs,Persons,2022 - 24,20220000,3.34491187443715,2.18445333919893,4.90126619689725,26.0,7773.0,,Cannot be calculated,Similar,1000.0,"per 1,000",3.89970163317499,3.80679381892754,3.99430405508697,-0.5547897587378401,Value available,46833,47150,47014,140997,46999.0,,Southampton,148.0,44295.0,29.70951906535726,0.2051646686984987,37.10576814538887,30.847725476916132,Q4,Matched to IMD 2019 LAD
92530,Stillbirth rate,E06000033,Southend-on-Sea,UA,0 yrs,Persons,2022 - 24,20220000,4.02488108305891,2.52149519422129,6.09399538593869,22.0,5466.0,,Cannot be calculated,Similar,1000.0,"per 1,000",3.89970163317499,3.80679381892754,3.99430405508697,0.1251794498839196,Value available,36135,36777,37315,110227,36742.333333333336,,Southend-on-Sea,107.0,34249.0,23.74494268445794,0.1915269058950626,25.238693100528483,27.501532891471285,Q4,Matched to IMD 2019 LAD
92530,Stillbirth rate,E09000028,Southwark,UA,0 yrs,Persons,2022 - 24,20220000,3.91841655782176,2.78604177262139,5.35675096338482,39.0,9953.0,,Cannot be calculated,Similar,1000.0,"per 1,000",3.89970163317499,3.80679381892754,3.99430405508697,0.018714924646769937,Value available,52924,52283,51367,156574,52191.333333333336,,Southwark,166.0,57284.0,27.007456095943017,0.24090887507855596,23.912436282382515,53.36044968926751,Q4,Matched to IMD 2019 LAD
92530,Stillbirth rate,E07000213,Spelthorne,District,0 yrs,Persons,2022 - 24,20220000,1.78094390026714,0.653575023297967,3.87636510018364,6.0,3369.0,Interpret with caution - see Notes section in Definitions for details,Cannot be calculated,Better,1000.0,"per 1,000",3.89970163317499,3.80679381892754,3.99430405508697,-2.1187577329078504,Value available,20839,21191,21598,63628,21209.333333333332,,Spelthorne,60.0,18571.0,15.55452016584998,0.12273555543589468,,6.418609660222928,nan,Matched to IMD 2019 LAD
92530,Stillbirth rate,E07000240,St Albans,District,0 yrs,Persons,2022 - 24,20220000,2.9513034923758,1.52324393582859,5.15564634865143,12.0,4066.0,Interpret with caution - see Notes section in Definitions for details,Cannot be calculated,Similar,1000.0,"per 1,000",3.89970163317499,3.80679381892754,3.99430405508697,-0.9483981407991902,Value available,34566,34798,34648,104012,34670.666666666664,,St Albans,87.0,32124.0,8.29253215664301,0.07200423359482006,,1.5097746233345786,nan,Matched to IMD 2019 LAD
92530,Stillbirth rate,E08000013,St. Helens,UA,0 yrs,Persons,2022 - 24,20220000,4.46760982874162,2.86163829111869,6.64773202382433,24.0,5372.0,,Cannot be calculated,Similar,1000.0,"per 1,000",3.89970163317499,3.80679381892754,3.99430405508697,0.5679081955666296,Value available,35043,35346,35586,105975,35325.0,,St. Helens,119.0,32071.0,33.87832028935797,0.23660802594244018,48.47058089863116,46.21308970721212,Q5 Most deprived,Matched to IMD 2019 LAD
92530,Stillbirth rate,E07000197,Stafford,District,0 yrs,Persons,2022 - 24,20220000,4.20875420875421,2.35389001493099,6.94209633648688,15.0,3564.0,Interpret with caution - see Notes section in Definitions for details,Cannot be calculated,Similar,1000.0,"per 1,000",3.89970163317499,3.80679381892754,3.99430405508697,0.30905257557922017,Value available,25116,25406,25654,76176,25392.0,,Stafford,80.0,22058.0,14.322875464684014,0.10559656360504124,6.86372291232206,8.940067095838245,Q2,Matched to IMD 2019 LAD
92530,Stillbirth rate,E07000198,Staffordshire Moorlands,District,0 yrs,Persons,2022 - 24,20220000,3.39640950994663,1.36553277608921,6.9979016796227,7.0,2061.0,Interpret with caution - see Notes section in Definitions for details,Cannot be calculated,Similar,1000.0,"per 1,000",3.89970163317499,3.80679381892754,3.99430405508697,-0.50329212322836,Value available,16305,16256,16309,48870,16290.0,,Staffordshire Moorlands,59.0,15887.0,15.93245571851199,0.10733971171398,4.299112481903443,8.264618870774848,Q2,Matched to IMD 2019 LAD
92530,Stillbirth rate,E07000243,Stevenage,District,0 yrs,Persons,2022 - 24,20220000,3.78136816775524,1.88507741438638,6.76632420630677,11.0,2909.0,Interpret with caution - see Notes section in Definitions for details,Cannot be calculated,Similar,1000.0,"per 1,000",3.89970163317499,3.80679381892754,3.99430405508697,-0.1183334654197501,Value available,19172,19417,19571,58160,19386.666666666668,,Stevenage,52.0,17641.0,19.91553335978686,0.17321274304177767,3.0497137350490333,11.637662264043989,Q1 Least deprived,Matched to IMD 2019 LAD
92530,Stillbirth rate,E08000007,Stockport,UA,0 yrs,Persons,2022 - 24,20220000,3.44036697247706,2.32074989601679,4.91151054380719,30.0,8720.0,,Cannot be calculated,Similar,1000.0,"per 1,000",3.89970163317499,3.80679381892754,3.99430405508697,-0.4593346606979303,Value available,60277,60959,61409,182645,60881.666666666664,,Stockport,190.0,55155.0,22.218823388632035,0.14604088477925845,19.958299338228628,16.861571933641557,Q3,Matched to IMD 2019 LAD
92530,Stillbirth rate,E06000004,Stockton-on-Tees,UA,0 yrs,Persons,2022 - 24,20220000,5.13171399247349,3.46167278365829,7.32609851898712,30.0,5846.0,,Cannot be calculated,Similar,1000.0,"per 1,000",3.89970163317499,3.80679381892754,3.99430405508697,1.2320123592984995,Value available,41949,42390,42785,127124,42374.666666666664,,Stockton-on-Tees,120.0,38168.0,27.46934128065395,0.20869442988891218,33.556906308949905,37.13582058268707,Q4,Matched to IMD 2019 LAD
92530,Stillbirth rate,E06000021,Stoke-on-Trent,UA,0 yrs,Persons,2022 - 24,20220000,4.36442989634479,3.11765410435755,5.9432732482296,40.0,9165.0,,Cannot be calculated,Similar,1000.0,"per 1,000",3.89970163317499,3.80679381892754,3.99430405508697,0.46472826316979976,Value available,55892,56965,58271,171128,57042.666666666664,,Stoke-on-Trent,159.0,50462.0,37.03634499227141,0.2565959335737783,59.377353255915345,53.53929689667473,Q5 Most deprived,Matched to IMD 2019 LAD
92530,Stillbirth rate,E07000221,Stratford-on-Avon,District,0 yrs,Persons,2022 - 24,20220000,1.99316628701595,0.80135622195896,4.10668432850296,7.0,3512.0,Interpret with caution - see Notes section in Definitions for details,Cannot be calculated,Similar,1000.0,"per 1,000",3.89970163317499,3.80679381892754,3.99430405508697,-1.9065353461590402,Value available,24500,25311,25842,75653,25217.666666666668,,Stratford-on-Avon,73.0,20254.0,11.77185272045028,0.0842858200849215,,,nan,Matched to IMD 2019 LAD
92530,Stillbirth rate,E07000082,Stroud,District,0 yrs,Persons,2022 - 24,20220000,3.37268128161889,1.61465427115264,6.20285281813034,10.0,2965.0,Interpret with caution - see Notes section in Definitions for details,Cannot be calculated,Similar,1000.0,"per 1,000",3.89970163317499,3.80679381892754,3.99430405508697,-0.5270203515561,Value available,22904,23123,23345,69372,23124.0,,Stroud,69.0,20924.0,11.034185958707704,0.09461589562225195,,1.4385394761995793,nan,Matched to IMD 2019 LAD
92530,Stillbirth rate,E08000024,Sunderland,UA,0 yrs,Persons,2022 - 24,20220000,4.1546015359436,2.85936995067551,5.83479314128834,33.0,7943.0,,Cannot be calculated,Similar,1000.0,"per 1,000",3.89970163317499,3.80679381892754,3.99430405508697,0.2548999027686101,Value available,51923,52898,53325,158146,52715.333333333336,,Sunderland,185.0,48108.0,32.43190930822317,0.24249852415398687,45.3874615448574,46.360272719713976,Q5 Most deprived,Matched to IMD 2019 LAD
92530,Stillbirth rate,E07000214,Surrey Heath,District,0 yrs,Persons,2022 - 24,20220000,2.02429149797571,0.657281939319199,4.72402108474602,5.0,2470.0,Interpret with caution - see Notes section in Definitions for details,Cannot be calculated,Similar,1000.0,"per 1,000",3.89970163317499,3.80679381892754,3.99430405508697,-1.8754101351992802,Value available,18206,18558,18667,55431,18477.0,,Surrey Heath,55.0,16952.0,8.326861373289287,0.07137765455403493,,,nan,Matched to IMD 2019 LAD
92530,Stillbirth rate,E09000029,Sutton,UA,0 yrs,Persons,2022 - 24,20220000,3.93452943028014,2.5455250112775,5.80838065662344,25.0,6354.0,,Cannot be calculated,Similar,1000.0,"per 1,000",3.89970163317499,3.80679381892754,3.99430405508697,0.03482779710514983,Value available,47000,47586,47819,142405,47468.333333333336,,Sutton,121.0,41298.0,14.79617959707492,0.12594128044941644,6.593539638723425,10.511404910649427,Q2,Matched to IMD 2019 LAD
92530,Stillbirth rate,E07000113,Swale,District,0 yrs,Persons,2022 - 24,20220000,5.09891902916582,3.29885089162905,7.52732014933415,25.0,4903.0,,Cannot be calculated,Similar,1000.0,"per 1,000",3.89970163317499,3.80679381892754,3.99430405508697,1.1992173959908303,Value available,32272,32727,33242,98241,32747.0,,Swale,85.0,28303.0,28.59545270819348,0.21180468501572272,28.389216690810162,29.12765431226372,Q4,Matched to IMD 2019 LAD
92530,Stillbirth rate,E06000030,Swindon,UA,0 yrs,Persons,2022 - 24,20220000,4.02554136590783,2.69541021464181,5.78155854958012,29.0,7204.0,,Cannot be calculated,Similar,1000.0,"per 1,000",3.89970163317499,3.80679381892754,3.99430405508697,0.12583973273283977,Value available,49414,50292,50925,150631,50210.333333333336,,Swindon,132.0,43899.0,19.494175220392265,0.14895348413403495,18.369438939383585,17.66327251190232,Q3,Matched to IMD 2019 LAD
92530,Stillbirth rate,E08000008,Tameside,UA,0 yrs,Persons,2022 - 24,20220000,4.15884089079689,2.82521350373357,5.90334421585397,31.0,7454.0,,Cannot be calculated,Similar,1000.0,"per 1,000",3.89970163317499,3.80679381892754,3.99430405508697,0.25913925762190004,Value available,49056,49520,49930,148506,49502.0,,Tameside,141.0,43709.0,32.93901757075202,0.2228602118556819,48.97389553638839,44.69560044842024,Q5 Most deprived,Matched to IMD 2019 LAD
92530,Stillbirth rate,E07000199,Tamworth,District,0 yrs,Persons,2022 - 24,20220000,2.53378378378378,0.929853992183637,5.5149805838339,6.0,2368.0,Interpret with caution - see Notes section in Definitions for details,Cannot be calculated,Similar,1000.0,"per 1,000",3.89970163317499,3.80679381892754,3.99430405508697,-1.3659178493912099,Value available,15980,16250,16247,48477,16159.0,,Tamworth,51.0,15047.0,22.531210606765466,0.174070977603509,23.944972419751444,25.001661460756296,Q4,Matched to IMD 2019 LAD
92530,Stillbirth rate,E07000215,Tandridge,District,0 yrs,Persons,2022 - 24,20220000,,,,2.0,2487.0,Value not published for data quality reasons,Cannot be calculated,Not compared,1000.0,"per 1,000",3.89970163317499,3.80679381892754,3.99430405508697,,Suppressed / unavailable,18748,18850,18743,56341,18780.333333333332,,Tandridge,50.0,16235.0,11.992785833076686,0.08954277794887588,,,nan,Matched to IMD 2019 LAD
92530,Stillbirth rate,E07000045,Teignbridge,District,0 yrs,Persons,2022 - 24,20220000,2.7681660899654,1.19509763901332,5.45439073363091,8.0,2890.0,Interpret with caution - see Notes section in Definitions for details,Cannot be calculated,Similar,1000.0,"per 1,000",3.89970163317499,3.80679381892754,3.99430405508697,-1.1315355432095902,Value available,23086,23301,23209,69596,23198.666666666668,,Teignbridge,84.0,20946.0,16.144627709347848,0.1288694261434164,3.833667526019288,6.550176644705433,Q1 Least deprived,Matched to IMD 2019 LAD
92530,Stillbirth rate,E06000020,Telford and Wrekin,UA,0 yrs,Persons,2022 - 24,20220000,3.56597045338767,2.2065540003017,5.45122096774951,21.0,5889.0,,Cannot be calculated,Similar,1000.0,"per 1,000",3.89970163317499,3.80679381892754,3.99430405508697,-0.3337311797873199,Value available,40148,41006,41833,122987,40995.666666666664,,Telford and Wrekin,108.0,34992.0,27.293631058527662,0.21290712162780062,30.412665752171925,28.26074531321445,Q4,Matched to IMD 2019 LAD
92530,Stillbirth rate,E07000076,Tendring,District,0 yrs,Persons,2022 - 24,20220000,4.49497620306716,2.61699553389489,7.19727905999589,17.0,3782.0,Interpret with caution - see Notes section in Definitions for details,Cannot be calculated,Similar,1000.0,"per 1,000",3.89970163317499,3.80679381892754,3.99430405508697,0.5952745698921698,Value available,25561,26137,26676,78374,26124.666666666668,,Tendring,89.0,23010.0,31.775580660582353,0.24989865275966974,35.049978270317254,46.88830943068231,Q4,Matched to IMD 2019 LAD
92530,Stillbirth rate,E07000093,Test Valley,District,0 yrs,Persons,2022 - 24,20220000,1.86915887850467,0.751498812154838,3.85118167201666,7.0,3745.0,Interpret with caution - see Notes section in Definitions for details,Cannot be calculated,Better,1000.0,"per 1,000",3.89970163317499,3.80679381892754,3.99430405508697,-2.03054275467032,Value available,25842,26128,26206,78176,26058.666666666668,,Test Valley,71.0,22597.0,12.568750586361023,0.0946126919502589,1.9117581979908838,3.721732973403549,Q1 Least deprived,Matched to IMD 2019 LAD
92530,Stillbirth rate,E07000083,Tewkesbury,District,0 yrs,Persons,2022 - 24,20220000,3.38868180277872,1.62231444051764,6.2322801103885,10.0,2951.0,Interpret with caution - see Notes section in Definitions for details,Cannot be calculated,Similar,1000.0,"per 1,000",3.89970163317499,3.80679381892754,3.99430405508697,-0.5110198303962701,Value available,19003,19705,20390,59098,19699.333333333332,,Tewkesbury,50.0,15713.0,12.14250416852288,0.11191745688283587,1.909247120218927,8.292496658817539,Q1 Least deprived,Matched to IMD 2019 LAD
92530,Stillbirth rate,E07000114,Thanet,District,0 yrs,Persons,2022 - 24,20220000,3.61197110423117,1.97304713622004,6.06062894184072,14.0,3876.0,Interpret with caution - see Notes section in Definitions for details,Cannot be calculated,Similar,1000.0,"per 1,000",3.89970163317499,3.80679381892754,3.99430405508697,-0.2877305289438201,Value available,26802,26912,27157,80871,26957.0,,Thanet,84.0,26201.0,34.26985279187817,0.23914728445479178,43.89908782107553,39.097744360902254,Q5 Most deprived,Matched to IMD 2019 LAD
92530,Stillbirth rate,E07000102,Three Rivers,District,0 yrs,Persons,2022 - 24,20220000,2.42816673411574,0.891094396394517,5.2850967310881,6.0,2471.0,Interpret with caution - see Notes section in Definitions for details,Cannot be calculated,Similar,1000.0,"per 1,000",3.89970163317499,3.80679381892754,3.99430405508697,-1.4715348990592503,Value available,20367,20409,20296,61072,20357.333333333332,,Three Rivers,53.0,18535.0,10.46033574318856,0.09169188022659831,2.298354464526571,2.298354464526571,Q1 Least deprived,Matched to IMD 2019 LAD
92530,Stillbirth rate,E06000034,Thurrock,UA,0 yrs,Persons,2022 - 24,20220000,2.93753865182437,1.76777683305362,4.58756126550991,19.0,6468.0,Interpret with caution - see Notes section in Definitions for details,Cannot be calculated,Similar,1000.0,"per 1,000",3.89970163317499,3.80679381892754,3.99430405508697,-0.9621629813506201,Value available,42274,42922,43398,128594,42864.666666666664,,Thurrock,98.0,36947.0,21.845786234335673,0.1862419682247544,12.82648117573822,22.329282485722793,Q3,Matched to IMD 2019 LAD
92530,Stillbirth rate,E07000115,Tonbridge and Malling,District,0 yrs,Persons,2022 - 24,20220000,4.07435701553349,2.32735139254917,6.61686737816686,16.0,3927.0,Interpret with caution - see Notes section in Definitions for details,Cannot be calculated,Similar,1000.0,"per 1,000",3.89970163317499,3.80679381892754,3.99430405508697,0.17465538235849998,Value available,28915,29308,29416,87639,29213.0,,Tonbridge and Malling,72.0,25524.0,13.517416745024292,0.1144230136342266,4.501645510108133,8.478294938097477,Q2,Matched to IMD 2019 LAD
92530,Stillbirth rate,E06000027,Torbay,UA,0 yrs,Persons,2022 - 24,20220000,4.11805078929307,2.12543234148217,7.1938428461279,12.0,2914.0,Interpret with caution - see Notes section in Definitions for details,Cannot be calculated,Similar,1000.0,"per 1,000",3.89970163317499,3.80679381892754,3.99430405508697,0.21834915611808015,Value available,23968,23844,23686,71498,23832.666666666668,,Torbay,89.0,22257.0,28.96706070000449,0.21935907804286295,30.367974120501415,30.04448038819248,Q4,Matched to IMD 2019 LAD
92530,Stillbirth rate,E07000046,Torridge,District,0 yrs,Persons,2022 - 24,20220000,4.14364640883978,1.52064520268705,9.01897377245766,6.0,1448.0,Interpret with caution - see Notes section in Definitions for details,Cannot be calculated,Similar,1000.0,"per 1,000",3.89970163317499,3.80679381892754,3.99430405508697,0.24394477566479011,Value available,11451,11477,11476,34404,11468.0,,Torridge,37.0,10859.0,23.70003637535685,0.15558329496270373,7.753936826595451,4.097983239708997,Q2,Matched to IMD 2019 LAD
92530,Stillbirth rate,E09000030,Tower Hamlets,UA,0 yrs,Persons,2022 - 24,20220000,4.52877332708675,3.43868328622869,5.85459450223497,58.0,12807.0,,Cannot be calculated,Similar,1000.0,"per 1,000",3.89970163317499,3.80679381892754,3.99430405508697,0.6290716939117598,Value available,59941,58886,57558,176385,58795.0,,Tower Hamlets,144.0,59061.0,29.71017847649041,0.2659303770677774,36.56389156973299,59.06435719002388,Q4,Matched to IMD 2019 LAD
92530,Stillbirth rate,E08000009,Trafford,UA,0 yrs,Persons,2022 - 24,20220000,4.29777436684574,2.85520899863444,6.21171290177704,28.0,6515.0,,Cannot be calculated,Similar,1000.0,"per 1,000",3.89970163317499,3.80679381892754,3.99430405508697,0.3980727336707499,Value available,53049,53526,53852,160427,53475.666666666664,,Trafford,138.0,48403.0,17.007272854988326,0.11707045017870793,10.879490940644175,14.154081358593476,Q2,Matched to IMD 2019 LAD
92530,Stillbirth rate,E07000116,Tunbridge Wells,District,0 yrs,Persons,2022 - 24,20220000,3.3711308611707,1.68056702373582,6.03225164454379,11.0,3263.0,Interpret with caution - see Notes section in Definitions for details,Cannot be calculated,Similar,1000.0,"per 1,000",3.89970163317499,3.80679381892754,3.99430405508697,-0.52857077200429,Value available,24973,25572,25972,76517,25505.666666666668,,Tunbridge Wells,68.0,23403.0,11.625051275477503,0.08886305174550273,2.448404050762723,2.448404050762723,Q1 Least deprived,Matched to IMD 2019 LAD
92530,Stillbirth rate,E07000077,Uttlesford,District,0 yrs,Persons,2022 - 24,20220000,3.99042298483639,1.91039501754492,7.33896991450777,10.0,2506.0,Interpret with caution - see Notes section in Definitions for details,Cannot be calculated,Similar,1000.0,"per 1,000",3.89970163317499,3.80679381892754,3.99430405508697,0.09072135166139983,Value available,19276,19511,19589,58376,19458.666666666668,,Uttlesford,46.0,16919.0,9.284613452331698,0.06300526035817719,,,nan,Matched to IMD 2019 LAD
92530,Stillbirth rate,E07000180,Vale of White Horse,District,0 yrs,Persons,2022 - 24,20220000,4.04131118096093,2.39391440544201,6.387346185996,18.0,4454.0,Interpret with caution - see Notes section in Definitions for details,Cannot be calculated,Similar,1000.0,"per 1,000",3.89970163317499,3.80679381892754,3.99430405508697,0.14160954778594004,Value available,29233,30110,31102,90445,30148.333333333332,,Vale of White Horse,76.0,24141.0,8.535514311751793,0.07984917774740069,1.6486475290998717,1.6486475290998717,Q1 Least deprived,Matched to IMD 2019 LAD
92530,Stillbirth rate,E08000036,Wakefield,UA,0 yrs,Persons,2022 - 24,20220000,3.87061100359414,2.7893021092879,5.23207434710479,42.0,10851.0,,Cannot be calculated,Similar,1000.0,"per 1,000",3.89970163317499,3.80679381892754,3.99430405508697,-0.02909062958085018,Value available,70759,72128,73055,215942,71980.66666666667,,Wakefield,209.0,62016.0,29.003556388673893,0.19712935371517026,38.78515221878225,28.223361713106296,Q5 Most deprived,Matched to IMD 2019 LAD
92530,Stillbirth rate,E08000030,Walsall,UA,0 yrs,Persons,2022 - 24,20220000,4.70791698693313,3.48266435941173,6.2242500773839,49.0,10408.0,,Cannot be calculated,Similar,1000.0,"per 1,000",3.89970163317499,3.80679381892754,3.99430405508697,0.8082153537581398,Value available,65399,66515,67432,199346,66448.66666666667,,Walsall,167.0,58002.0,34.44672916451157,0.2606790283093686,60.81514430536878,54.83431605806696,Q5 Most deprived,Matched to IMD 2019 LAD
92530,Stillbirth rate,E09000031,Waltham Forest,UA,0 yrs,Persons,2022 - 24,20220000,3.04388264141371,2.13160123809748,4.21414143534307,36.0,11827.0,,Cannot be calculated,Similar,1000.0,"per 1,000",3.89970163317499,3.80679381892754,3.99430405508697,-0.85581899176128,Value available,57893,58118,57513,173524,57841.333333333336,,Waltham Forest,144.0,58990.0,25.8793463807425,0.19232524156636718,18.489574504153246,19.043905746736733,Q3,Matched to IMD 2019 LAD
92530,Stillbirth rate,E09000032,Wandsworth,UA,0 yrs,Persons,2022 - 24,20220000,3.01230742748946,2.09787507297755,4.18951797035115,35.0,11619.0,,Cannot be calculated,Similar,1000.0,"per 1,000",3.89970163317499,3.80679381892754,3.99430405508697,-0.88739420568553,Value available,54642,54145,53803,162590,54196.666666666664,,Wandsworth,179.0,56190.0,16.891709450080086,0.15387517351841967,6.152340274070119,18.743548674141305,Q2,Matched to IMD 2019 LAD
92530,Stillbirth rate,E06000007,Warrington,UA,0 yrs,Persons,2022 - 24,20220000,3.27570518653321,1.94039941070768,5.17729570744789,18.0,5495.0,Interpret with caution - see Notes section in Definitions for details,Cannot be calculated,Similar,1000.0,"per 1,000",3.89970163317499,3.80679381892754,3.99430405508697,-0.62399644664178,Value available,41405,42058,42373,125836,41945.333333333336,,Warrington,127.0,39485.0,20.08639921489173,0.13157474990502718,21.334684057236924,15.963023933139167,Q3,Matched to IMD 2019 LAD
92530,Stillbirth rate,E07000222,Warwick,District,0 yrs,Persons,2022 - 24,20220000,2.96442687747036,1.53001725372506,5.17857165356144,12.0,4048.0,Interpret with caution - see Notes section in Definitions for details,Cannot be calculated,Similar,1000.0,"per 1,000",3.89970163317499,3.80679381892754,3.99430405508697,-0.9352747557046301,Value available,27514,28234,28794,84542,28180.666666666668,,Warwick,86.0,24170.0,12.057464004964832,0.08880078609846918,1.2577575506826644,1.2577575506826644,Q1 Least deprived,Matched to IMD 2019 LAD
92530,Stillbirth rate,E07000103,Watford,District,0 yrs,Persons,2022 - 24,20220000,6.48217402144104,4.23329738359344,9.49826530752488,26.0,4011.0,,Cannot be calculated,Worse,1000.0,"per 1,000",3.89970163317499,3.80679381892754,3.99430405508697,2.5824723882660496,Value available,22574,23123,23548,69245,23081.666666666668,,Watford,53.0,20964.0,15.879143579469563,0.11504293073840868,1.7840106849837818,4.584048845640145,Q1 Least deprived,Matched to IMD 2019 LAD
92530,Stillbirth rate,E07000216,Waverley,District,0 yrs,Persons,2022 - 24,20220000,3.07787011388119,1.47351490119039,5.66065207933409,10.0,3249.0,Interpret with caution - see Notes section in Definitions for details,Cannot be calculated,Similar,1000.0,"per 1,000",3.89970163317499,3.80679381892754,3.99430405508697,-0.8218315192937999,Value available,27605,28182,28569,84356,28118.666666666668,,Waverley,82.0,24538.0,7.370767258945309,0.06428783926970413,,,nan,Matched to IMD 2019 LAD
92530,Stillbirth rate,E07000065,Wealden,District,0 yrs,Persons,2022 - 24,20220000,2.53549695740365,1.21385646905871,4.66314873371107,10.0,3944.0,Interpret with caution - see Notes section in Definitions for details,Cannot be calculated,Similar,1000.0,"per 1,000",3.89970163317499,3.80679381892754,3.99430405508697,-1.3642046757713402,Value available,29220,29697,29954,88871,29623.666666666668,,Wealden,95.0,26976.0,12.556905397390276,0.09651749703440095,5.197212336892052,3.9220047449584814,Q2,Matched to IMD 2019 LAD
92530,Stillbirth rate,E07000241,Welwyn Hatfield,District,0 yrs,Persons,2022 - 24,20220000,3.36794835812518,1.73828510891918,5.88348528027412,12.0,3563.0,Interpret with caution - see Notes section in Definitions for details,Cannot be calculated,Similar,1000.0,"per 1,000",3.89970163317499,3.80679381892754,3.99430405508697,-0.5317532750498102,Value available,23973,24392,24223,72588,24196.0,,Welwyn Hatfield,67.0,21892.0,14.439779782568975,0.1325216060661429,1.2927096656312809,4.019733235885255,Q1 Least deprived,Matched to IMD 2019 LAD
92530,Stillbirth rate,E06000037,West Berkshire,UA,0 yrs,Persons,2022 - 24,20220000,2.5587345894394,1.27557343532216,4.57856178556557,11.0,4299.0,Interpret with caution - see Notes section in Definitions for details,Cannot be calculated,Similar,1000.0,"per 1,000",3.89970163317499,3.80679381892754,3.99430405508697,-1.3409670437355903,Value available,33287,33877,33821,100985,33661.666666666664,,West Berkshire,97.0,31625.0,9.939288031620553,0.08659298023715414,1.2616600790513834,2.842687747035573,Q1 Least deprived,Matched to IMD 2019 LAD
92530,Stillbirth rate,E07000047,West Devon,District,0 yrs,Persons,2022 - 24,20220000,2.6525198938992,0.547013371260479,7.75178874424609,3.0,1131.0,Interpret with caution - see Notes section in Definitions for details,Cannot be calculated,Similar,1000.0,"per 1,000",3.89970163317499,3.80679381892754,3.99430405508697,-1.2471817392757902,Value available,9607,9637,9497,28741,9580.333333333334,,West Devon,31.0,8710.0,18.249920780711822,0.12063559127439723,,,nan,Matched to IMD 2019 LAD
92530,Stillbirth rate,E07000127,West Lancashire,District,0 yrs,Persons,2022 - 24,20220000,4.37121721587088,2.32523232839967,7.47536214171181,13.0,2974.0,Interpret with caution - see Notes section in Definitions for details,Cannot be calculated,Similar,1000.0,"per 1,000",3.89970163317499,3.80679381892754,3.99430405508697,0.4715155826958899,Value available,21017,21330,21485,63832,21277.333333333332,,West Lancashire,73.0,19510.0,21.432322142491028,0.15868011276268582,26.652998462327012,21.86058431573552,Q4,Matched to IMD 2019 LAD
92530,Stillbirth rate,E07000142,West Lindsey,District,0 yrs,Persons,2022 - 24,20220000,4.5004500450045,2.15456791807721,8.27698407099751,10.0,2222.0,Interpret with caution - see Notes section in Definitions for details,Cannot be calculated,Similar,1000.0,"per 1,000",3.89970163317499,3.80679381892754,3.99430405508697,0.6007484118295103,Value available,17523,17650,17771,52944,17648.0,,West Lindsey,52.0,15851.0,21.63389899690871,0.18038249952684376,20.497129518642357,23.853384644501926,Q3,Matched to IMD 2019 LAD
92530,Stillbirth rate,E06000062,West Northamptonshire,UA,0 yrs,Persons,2022 - 24,20220000,4.18942171018179,3.1644442877676,5.44041383757651,56.0,13367.0,,Cannot be calculated,Similar,1000.0,"per 1,000",3.89970163317499,3.80679381892754,3.99430405508697,0.2897200770068,Value available,88489,89716,90507,268712,89570.66666666667,,,,,,,,,,Unmatched: boundary/code change
92530,Stillbirth rate,E07000181,West Oxfordshire,District,0 yrs,Persons,2022 - 24,20220000,2.51335218347471,1.08508708034826,4.95230575563723,8.0,3183.0,Interpret with caution - see Notes section in Definitions for details,Cannot be calculated,Similar,1000.0,"per 1,000",3.89970163317499,3.80679381892754,3.99430405508697,-1.3863494497002802,Value available,22178,22658,23026,67862,22620.666666666668,,West Oxfordshire,66.0,20184.0,8.842776902497027,0.07946442726912406,,1.2633769322235433,nan,Matched to IMD 2019 LAD
92530,Stillbirth rate,E07000245,West Suffolk,District,0 yrs,Persons,2022 - 24,20220000,3.64830353885443,2.22754995163735,5.63478299328658,20.0,5482.0,,Cannot be calculated,Similar,1000.0,"per 1,000",3.89970163317499,3.80679381892754,3.99430405508697,-0.25139809432056026,Value available,34016,35338,36114,105468,35156.0,,West Suffolk,100.0,32995.0,16.78523761175936,0.10153641460827398,0.9849977269283224,1.9457493559630248,Q1 Least deprived,Matched to IMD 2019 LAD
92530,Stillbirth rate,E09000033,Westminster,UA,0 yrs,Persons,2022 - 24,20220000,3.78071833648393,2.36853286331218,5.72431324618335,22.0,5819.0,,Cannot be calculated,Similar,1000.0,"per 1,000",3.89970163317499,3.80679381892754,3.99430405508697,-0.11898329669106023,Value available,27901,27369,26650,81920,27306.666666666668,,Westminster,128.0,38605.0,22.51348066312654,0.18302823468462634,20.30306955057635,32.783318223028104,Q3,Matched to IMD 2019 LAD
92530,Stillbirth rate,E06000064,Westmorland and Furness,UA,0 yrs,Persons,2022 - 24,20220000,2.4484799020608,1.2637236978329,4.2772613861695,12.0,4901.0,Interpret with caution - see Notes section in Definitions for details,Cannot be calculated,Similar,1000.0,"per 1,000",3.89970163317499,3.80679381892754,3.99430405508697,-1.45122173111419,Value available,37183,37330,37226,111739,37246.333333333336,,,,,,,,,,Unmatched: boundary/code change
92530,Stillbirth rate,E08000010,Wigan,UA,0 yrs,Persons,2022 - 24,20220000,2.97766749379653,2.00862919039865,4.25095503146389,30.0,10075.0,,Cannot be calculated,Similar,1000.0,"per 1,000",3.89970163317499,3.80679381892754,3.99430405508697,-0.9220341393784599,Value available,65710,66938,67826,200474,66824.66666666667,,Wigan,200.0,60273.0,27.293484362815857,0.1743898760639092,36.77766163954009,28.78237353375475,Q4,Matched to IMD 2019 LAD
92530,Stillbirth rate,E06000054,Wiltshire,UA,0 yrs,Persons,2022 - 24,20220000,2.9755092698558,2.11562323665985,4.06773039891426,39.0,13107.0,,Cannot be calculated,Similar,1000.0,"per 1,000",3.89970163317499,3.80679381892754,3.99430405508697,-0.92419236331919,Value available,98498,98932,99165,296595,98865.0,,Wiltshire,285.0,92224.0,13.632750748178346,0.10208541160652325,3.3396946564885495,4.871833795975017,Q1 Least deprived,Matched to IMD 2019 LAD
92530,Stillbirth rate,E07000094,Winchester,District,0 yrs,Persons,2022 - 24,20220000,2.99580587177951,1.43422705631143,5.5097239681715,10.0,3338.0,Interpret with caution - see Notes section in Definitions for details,Cannot be calculated,Similar,1000.0,"per 1,000",3.89970163317499,3.80679381892754,3.99430405508697,-0.9038957613954799,Value available,25461,26257,26610,78328,26109.333333333332,,Winchester,70.0,22222.0,9.455417514175142,0.07152479524795248,,1.017010170101701,nan,Matched to IMD 2019 LAD
92530,Stillbirth rate,E06000040,Windsor and Maidenhead,UA,0 yrs,Persons,2022 - 24,20220000,4.18307086614173,2.43540283198584,6.69786156616743,17.0,4064.0,Interpret with caution - see Notes section in Definitions for details,Cannot be calculated,Similar,1000.0,"per 1,000",3.89970163317499,3.80679381892754,3.99430405508697,0.28336923296673966,Value available,32564,32765,32940,98269,32756.333333333332,,Windsor and Maidenhead,89.0,29792.0,8.534136513157895,0.06735486036519872,,,nan,Matched to IMD 2019 LAD
92530,Stillbirth rate,E08000015,Wirral,UA,0 yrs,Persons,2022 - 24,20220000,3.53398515726234,2.38390141280085,5.04516102509114,30.0,8489.0,,Cannot be calculated,Similar,1000.0,"per 1,000",3.89970163317499,3.80679381892754,3.99430405508697,-0.3657164759126501,Value available,62665,63089,63218,188972,62990.666666666664,,Wirral,206.0,59827.0,32.63795017299881,0.21778213849933978,42.18162368161532,36.04225516907082,Q5 Most deprived,Matched to IMD 2019 LAD
92530,Stillbirth rate,E07000217,Woking,District,0 yrs,Persons,2022 - 24,20220000,1.82094081942337,0.668253187705873,3.9634215546339,6.0,3295.0,Interpret with caution - see Notes section in Definitions for details,Cannot be calculated,Similar,1000.0,"per 1,000",3.89970163317499,3.80679381892754,3.99430405508697,-2.07876081375162,Value available,22157,22163,22210,66530,22176.666666666668,,Woking,61.0,21171.0,11.352780879504982,0.08740144537338812,1.88465353549667,,Q1 Least deprived,Matched to IMD 2019 LAD
92530,Stillbirth rate,E06000041,Wokingham,UA,0 yrs,Persons,2022 - 24,20220000,3.99361022364217,2.43838435201197,6.16810710247545,20.0,5008.0,,Cannot be calculated,Similar,1000.0,"per 1,000",3.89970163317499,3.80679381892754,3.99430405508697,0.09390859046717992,Value available,40577,41642,42215,124434,41478.0,,Wokingham,99.0,33327.0,6.044794791010292,0.056332883247817093,,,nan,Matched to IMD 2019 LAD
92530,Stillbirth rate,E08000031,Wolverhampton,UA,0 yrs,Persons,2022 - 24,20220000,5.08209538702111,3.79527872815981,6.664626613575,52.0,10232.0,,Cannot be calculated,Similar,1000.0,"per 1,000",3.89970163317499,3.80679381892754,3.99430405508697,1.18239375384612,Value available,59999,61874,63578,185451,61817.0,,Wolverhampton,158.0,52099.0,34.41214545384748,0.27103130578322043,58.98769650089253,58.70170252787961,Q5 Most deprived,Matched to IMD 2019 LAD
92530,Stillbirth rate,E07000237,Worcester,District,0 yrs,Persons,2022 - 24,20220000,3.35457900033546,1.60598789465534,6.16956008244095,10.0,2981.0,Interpret with caution - see Notes section in Definitions for details,Cannot be calculated,Similar,1000.0,"per 1,000",3.89970163317499,3.80679381892754,3.99430405508697,-0.5451226328395302,Value available,19467,19444,19540,58451,19483.666666666668,,Worcester,63.0,18740.0,21.83227860192102,0.16780432230522943,21.531483457844182,22.790821771611526,Q3,Matched to IMD 2019 LAD
92530,Stillbirth rate,E07000229,Worthing,District,0 yrs,Persons,2022 - 24,20220000,3.6941263391208,1.76854448244092,6.79403716503749,10.0,2707.0,Interpret with caution - see Notes section in Definitions for details,Cannot be calculated,Similar,1000.0,"per 1,000",3.89970163317499,3.80679381892754,3.99430405508697,-0.20557529405418995,Value available,20230,20166,20105,60501,20167.0,,Worthing,65.0,19151.0,17.57148770299201,0.12529690355595008,7.660174403425408,7.456529685133936,Q2,Matched to IMD 2019 LAD
92530,Stillbirth rate,E07000238,Wychavon,District,0 yrs,Persons,2022 - 24,20220000,3.3033033033033,1.64675381334834,5.91088201686078,11.0,3330.0,Interpret with caution - see Notes section in Definitions for details,Cannot be calculated,Similar,1000.0,"per 1,000",3.89970163317499,3.80679381892754,3.99430405508697,-0.5963983298716902,Value available,23815,24153,24188,72156,24052.0,,Wychavon,78.0,20404.0,16.165392178004314,0.11286982944520682,6.19486375220545,3.5826308566947658,Q2,Matched to IMD 2019 LAD
92530,Stillbirth rate,E07000128,Wyre,District,0 yrs,Persons,2022 - 24,20220000,2.85947712418301,1.14965810928099,5.8916157523294,7.0,2448.0,Interpret with caution - see Notes section in Definitions for details,Cannot be calculated,Similar,1000.0,"per 1,000",3.89970163317499,3.80679381892754,3.99430405508697,-1.04022450899198,Value available,19597,19751,19862,59210,19736.666666666668,,Wyre,69.0,17393.0,22.248149312941987,0.1634088426378428,18.996147875582132,21.980106939573393,Q3,Matched to IMD 2019 LAD
92530,Stillbirth rate,E07000239,Wyre Forest,District,0 yrs,Persons,2022 - 24,20220000,3.94944707740916,1.89077800709619,7.26360924397965,10.0,2532.0,Interpret with caution - see Notes section in Definitions for details,Cannot be calculated,Similar,1000.0,"per 1,000",3.89970163317499,3.80679381892754,3.99430405508697,0.049745444234170044,Value available,18227,18267,18343,54837,18279.0,,Wyre Forest,65.0,17002.0,24.810293377249735,0.1812850252911422,29.12598517821433,30.178802493824257,Q4,Matched to IMD 2019 LAD
92530,Stillbirth rate,E06000014,York,UA,0 yrs,Persons,2022 - 24,20220000,2.63852242744063,1.36180955212819,4.60924759314351,12.0,4548.0,Interpret with caution - see Notes section in Definitions for details,Cannot be calculated,Similar,1000.0,"per 1,000",3.89970163317499,3.80679381892754,3.99430405508697,-1.26117920573436,Value available,32786,32980,32737,98503,32834.333333333336,,York,120.0,32477.0,12.497692459278873,0.10022422021738461,6.912584290420913,11.300304831111248,Q2,Matched to IMD 2019 LAD
